ISO-10303-21;
HEADER;
FILE_DESCRIPTION(('FreeCAD Model'),'2;1');
FILE_NAME('Open CASCADE Shape Model','2026-10-03T13:55:39',('FreeCAD'),(
    'FreeCAD'),'Open CASCADE STEP processor 7.8','FreeCAD','Unknown');
FILE_SCHEMA(('AUTOMOTIVE_DESIGN { 1 0 10303 214 1 1 1 1 }'));
ENDSEC;
DATA;
#1 = APPLICATION_PROTOCOL_DEFINITION('international standard',
  'automotive_design',2000,#2);
#2 = APPLICATION_CONTEXT(
  'core data for automotive mechanical design processes');
#3 = SHAPE_DEFINITION_REPRESENTATION(#4,#10);
#4 = PRODUCT_DEFINITION_SHAPE('','',#5);
#5 = PRODUCT_DEFINITION('design','',#6,#9);
#6 = PRODUCT_DEFINITION_FORMATION('','',#7);
#7 = PRODUCT('Open CASCADE STEP translator 7.8 6',
  'Open CASCADE STEP translator 7.8 6','',(#8));
#8 = PRODUCT_CONTEXT('',#2,'mechanical');
#9 = PRODUCT_DEFINITION_CONTEXT('part definition',#2,'design');
#10 = ADVANCED_BREP_SHAPE_REPRESENTATION('',(#11,#15),#3541);
#11 = AXIS2_PLACEMENT_3D('',#12,#13,#14);
#12 = CARTESIAN_POINT('',(0.,0.,0.));
#13 = DIRECTION('',(0.,0.,1.));
#14 = DIRECTION('',(1.,0.,-0.));
#15 = MANIFOLD_SOLID_BREP('',#16);
#16 = CLOSED_SHELL('',(#17,#59,#90,#985,#1009,#1897,#1914,#1931,#1948,
    #1965,#1977,#1999,#2016,#2033,#2045,#2067,#2084,#2101,#2113,#2130,
    #2152,#2169,#2186,#2198,#2220,#2237,#2254,#2266,#2288,#2305,#2322,
    #2334,#2356,#2373,#2390,#2402,#2424,#2441,#2458,#2470,#2492,#2509,
    #2526,#2538,#2560,#2577,#2594,#2606,#2628,#2645,#2662,#2674,#2696,
    #2713,#2730,#2742,#2759,#2781,#2798,#2815,#2827,#2849,#2866,#2883,
    #2895,#2917,#2934,#2951,#2963,#2985,#3002,#3019,#3031,#3048,#3070,
    #3087,#3104,#3116,#3138,#3155,#3172,#3184,#3206,#3223,#3240,#3252,
    #3274,#3291,#3308,#3320,#3342,#3359,#3376,#3388,#3410,#3427,#3444,
    #3456,#3473,#3495,#3512,#3529));
#17 = ADVANCED_FACE('',(#18),#54,.T.);
#18 = FACE_BOUND('',#19,.F.);
#19 = EDGE_LOOP('',(#20,#30,#39,#47));
#20 = ORIENTED_EDGE('',*,*,#21,.F.);
#21 = EDGE_CURVE('',#22,#24,#26,.T.);
#22 = VERTEX_POINT('',#23);
#23 = CARTESIAN_POINT('',(12.,0.,3.552713678801E-15));
#24 = VERTEX_POINT('',#25);
#25 = CARTESIAN_POINT('',(12.,0.,6.));
#26 = LINE('',#27,#28);
#27 = CARTESIAN_POINT('',(12.,0.,3.552713678801E-15));
#28 = VECTOR('',#29,1.);
#29 = DIRECTION('',(0.,0.,1.));
#30 = ORIENTED_EDGE('',*,*,#31,.F.);
#31 = EDGE_CURVE('',#32,#22,#34,.T.);
#32 = VERTEX_POINT('',#33);
#33 = CARTESIAN_POINT('',(0.,12.,3.552713678801E-15));
#34 = CIRCLE('',#35,12.);
#35 = AXIS2_PLACEMENT_3D('',#36,#37,#38);
#36 = CARTESIAN_POINT('',(12.,12.,3.552713678801E-15));
#37 = DIRECTION('',(0.,0.,1.));
#38 = DIRECTION('',(1.,0.,0.));
#39 = ORIENTED_EDGE('',*,*,#40,.T.);
#40 = EDGE_CURVE('',#32,#41,#43,.T.);
#41 = VERTEX_POINT('',#42);
#42 = CARTESIAN_POINT('',(0.,12.,6.));
#43 = LINE('',#44,#45);
#44 = CARTESIAN_POINT('',(0.,12.,3.552713678801E-15));
#45 = VECTOR('',#46,1.);
#46 = DIRECTION('',(0.,0.,1.));
#47 = ORIENTED_EDGE('',*,*,#48,.T.);
#48 = EDGE_CURVE('',#41,#24,#49,.T.);
#49 = CIRCLE('',#50,12.);
#50 = AXIS2_PLACEMENT_3D('',#51,#52,#53);
#51 = CARTESIAN_POINT('',(12.,12.,6.));
#52 = DIRECTION('',(0.,0.,1.));
#53 = DIRECTION('',(1.,0.,0.));
#54 = CYLINDRICAL_SURFACE('',#55,12.);
#55 = AXIS2_PLACEMENT_3D('',#56,#57,#58);
#56 = CARTESIAN_POINT('',(12.,12.,3.552713678801E-15));
#57 = DIRECTION('',(-0.,-0.,-1.));
#58 = DIRECTION('',(1.,0.,0.));
#59 = ADVANCED_FACE('',(#60),#85,.F.);
#60 = FACE_BOUND('',#61,.F.);
#61 = EDGE_LOOP('',(#62,#70,#71,#79));
#62 = ORIENTED_EDGE('',*,*,#63,.F.);
#63 = EDGE_CURVE('',#22,#64,#66,.T.);
#64 = VERTEX_POINT('',#65);
#65 = CARTESIAN_POINT('',(188.,0.,3.552713678801E-15));
#66 = LINE('',#67,#68);
#67 = CARTESIAN_POINT('',(12.,0.,3.552713678801E-15));
#68 = VECTOR('',#69,1.);
#69 = DIRECTION('',(1.,0.,0.));
#70 = ORIENTED_EDGE('',*,*,#21,.T.);
#71 = ORIENTED_EDGE('',*,*,#72,.T.);
#72 = EDGE_CURVE('',#24,#73,#75,.T.);
#73 = VERTEX_POINT('',#74);
#74 = CARTESIAN_POINT('',(188.,0.,6.));
#75 = LINE('',#76,#77);
#76 = CARTESIAN_POINT('',(12.,0.,6.));
#77 = VECTOR('',#78,1.);
#78 = DIRECTION('',(1.,0.,0.));
#79 = ORIENTED_EDGE('',*,*,#80,.F.);
#80 = EDGE_CURVE('',#64,#73,#81,.T.);
#81 = LINE('',#82,#83);
#82 = CARTESIAN_POINT('',(188.,0.,3.552713678801E-15));
#83 = VECTOR('',#84,1.);
#84 = DIRECTION('',(0.,0.,1.));
#85 = PLANE('',#86);
#86 = AXIS2_PLACEMENT_3D('',#87,#88,#89);
#87 = CARTESIAN_POINT('',(12.,0.,3.552713678801E-15));
#88 = DIRECTION('',(0.,1.,0.));
#89 = DIRECTION('',(0.,0.,1.));
#90 = ADVANCED_FACE('',(#91,#144,#180,#216,#227,#263,#299,#335,#371,#407
    ,#443,#479,#515,#551,#562,#598,#634,#670,#706,#717,#753,#789,#825,
    #861,#897,#933,#944),#980,.T.);
#91 = FACE_BOUND('',#92,.T.);
#92 = EDGE_LOOP('',(#93,#94,#95,#104,#112,#121,#129,#138));
#93 = ORIENTED_EDGE('',*,*,#48,.T.);
#94 = ORIENTED_EDGE('',*,*,#72,.T.);
#95 = ORIENTED_EDGE('',*,*,#96,.T.);
#96 = EDGE_CURVE('',#73,#97,#99,.T.);
#97 = VERTEX_POINT('',#98);
#98 = CARTESIAN_POINT('',(200.,12.,6.));
#99 = CIRCLE('',#100,12.);
#100 = AXIS2_PLACEMENT_3D('',#101,#102,#103);
#101 = CARTESIAN_POINT('',(188.,12.,6.));
#102 = DIRECTION('',(0.,0.,1.));
#103 = DIRECTION('',(1.,0.,0.));
#104 = ORIENTED_EDGE('',*,*,#105,.T.);
#105 = EDGE_CURVE('',#97,#106,#108,.T.);
#106 = VERTEX_POINT('',#107);
#107 = CARTESIAN_POINT('',(200.,208.,6.));
#108 = LINE('',#109,#110);
#109 = CARTESIAN_POINT('',(200.,12.,6.));
#110 = VECTOR('',#111,1.);
#111 = DIRECTION('',(0.,1.,0.));
#112 = ORIENTED_EDGE('',*,*,#113,.T.);
#113 = EDGE_CURVE('',#106,#114,#116,.T.);
#114 = VERTEX_POINT('',#115);
#115 = CARTESIAN_POINT('',(188.,220.,6.));
#116 = CIRCLE('',#117,12.);
#117 = AXIS2_PLACEMENT_3D('',#118,#119,#120);
#118 = CARTESIAN_POINT('',(188.,208.,6.));
#119 = DIRECTION('',(0.,0.,1.));
#120 = DIRECTION('',(1.,0.,0.));
#121 = ORIENTED_EDGE('',*,*,#122,.F.);
#122 = EDGE_CURVE('',#123,#114,#125,.T.);
#123 = VERTEX_POINT('',#124);
#124 = CARTESIAN_POINT('',(12.,220.,6.));
#125 = LINE('',#126,#127);
#126 = CARTESIAN_POINT('',(12.,220.,6.));
#127 = VECTOR('',#128,1.);
#128 = DIRECTION('',(1.,0.,0.));
#129 = ORIENTED_EDGE('',*,*,#130,.T.);
#130 = EDGE_CURVE('',#123,#131,#133,.T.);
#131 = VERTEX_POINT('',#132);
#132 = CARTESIAN_POINT('',(0.,208.,6.));
#133 = CIRCLE('',#134,12.);
#134 = AXIS2_PLACEMENT_3D('',#135,#136,#137);
#135 = CARTESIAN_POINT('',(12.,208.,6.));
#136 = DIRECTION('',(0.,0.,1.));
#137 = DIRECTION('',(1.,0.,0.));
#138 = ORIENTED_EDGE('',*,*,#139,.F.);
#139 = EDGE_CURVE('',#41,#131,#140,.T.);
#140 = LINE('',#141,#142);
#141 = CARTESIAN_POINT('',(0.,12.,6.));
#142 = VECTOR('',#143,1.);
#143 = DIRECTION('',(0.,1.,0.));
#144 = FACE_BOUND('',#145,.T.);
#145 = EDGE_LOOP('',(#146,#157,#165,#174));
#146 = ORIENTED_EDGE('',*,*,#147,.T.);
#147 = EDGE_CURVE('',#148,#150,#152,.T.);
#148 = VERTEX_POINT('',#149);
#149 = CARTESIAN_POINT('',(14.5,35.5,6.));
#150 = VERTEX_POINT('',#151);
#151 = CARTESIAN_POINT('',(9.5,35.5,6.));
#152 = CIRCLE('',#153,2.5);
#153 = AXIS2_PLACEMENT_3D('',#154,#155,#156);
#154 = CARTESIAN_POINT('',(12.,35.5,6.));
#155 = DIRECTION('',(0.,0.,-1.));
#156 = DIRECTION('',(1.,0.,0.));
#157 = ORIENTED_EDGE('',*,*,#158,.T.);
#158 = EDGE_CURVE('',#150,#159,#161,.T.);
#159 = VERTEX_POINT('',#160);
#160 = CARTESIAN_POINT('',(9.5,54.5,6.));
#161 = LINE('',#162,#163);
#162 = CARTESIAN_POINT('',(9.5,72.75,6.));
#163 = VECTOR('',#164,1.);
#164 = DIRECTION('',(0.,1.,0.));
#165 = ORIENTED_EDGE('',*,*,#166,.T.);
#166 = EDGE_CURVE('',#159,#167,#169,.T.);
#167 = VERTEX_POINT('',#168);
#168 = CARTESIAN_POINT('',(14.5,54.5,6.));
#169 = CIRCLE('',#170,2.5);
#170 = AXIS2_PLACEMENT_3D('',#171,#172,#173);
#171 = CARTESIAN_POINT('',(12.,54.5,6.));
#172 = DIRECTION('',(0.,0.,-1.));
#173 = DIRECTION('',(1.,0.,0.));
#174 = ORIENTED_EDGE('',*,*,#175,.F.);
#175 = EDGE_CURVE('',#148,#167,#176,.T.);
#176 = LINE('',#177,#178);
#177 = CARTESIAN_POINT('',(14.5,72.75,6.));
#178 = VECTOR('',#179,1.);
#179 = DIRECTION('',(0.,1.,0.));
#180 = FACE_BOUND('',#181,.T.);
#181 = EDGE_LOOP('',(#182,#193,#201,#210));
#182 = ORIENTED_EDGE('',*,*,#183,.T.);
#183 = EDGE_CURVE('',#184,#186,#188,.T.);
#184 = VERTEX_POINT('',#185);
#185 = CARTESIAN_POINT('',(45.,34.,6.));
#186 = VERTEX_POINT('',#187);
#187 = CARTESIAN_POINT('',(39.,34.,6.));
#188 = CIRCLE('',#189,3.);
#189 = AXIS2_PLACEMENT_3D('',#190,#191,#192);
#190 = CARTESIAN_POINT('',(42.,34.,6.));
#191 = DIRECTION('',(0.,0.,-1.));
#192 = DIRECTION('',(1.,0.,0.));
#193 = ORIENTED_EDGE('',*,*,#194,.T.);
#194 = EDGE_CURVE('',#186,#195,#197,.T.);
#195 = VERTEX_POINT('',#196);
#196 = CARTESIAN_POINT('',(39.,56.,6.));
#197 = LINE('',#198,#199);
#198 = CARTESIAN_POINT('',(39.,72.,6.));
#199 = VECTOR('',#200,1.);
#200 = DIRECTION('',(0.,1.,0.));
#201 = ORIENTED_EDGE('',*,*,#202,.T.);
#202 = EDGE_CURVE('',#195,#203,#205,.T.);
#203 = VERTEX_POINT('',#204);
#204 = CARTESIAN_POINT('',(45.,56.,6.));
#205 = CIRCLE('',#206,3.);
#206 = AXIS2_PLACEMENT_3D('',#207,#208,#209);
#207 = CARTESIAN_POINT('',(42.,56.,6.));
#208 = DIRECTION('',(0.,0.,-1.));
#209 = DIRECTION('',(1.,0.,0.));
#210 = ORIENTED_EDGE('',*,*,#211,.F.);
#211 = EDGE_CURVE('',#184,#203,#212,.T.);
#212 = LINE('',#213,#214);
#213 = CARTESIAN_POINT('',(45.,72.,6.));
#214 = VECTOR('',#215,1.);
#215 = DIRECTION('',(0.,1.,0.));
#216 = FACE_BOUND('',#217,.T.);
#217 = EDGE_LOOP('',(#218));
#218 = ORIENTED_EDGE('',*,*,#219,.T.);
#219 = EDGE_CURVE('',#220,#220,#222,.T.);
#220 = VERTEX_POINT('',#221);
#221 = CARTESIAN_POINT('',(34.3,55.,6.));
#222 = CIRCLE('',#223,2.3);
#223 = AXIS2_PLACEMENT_3D('',#224,#225,#226);
#224 = CARTESIAN_POINT('',(32.,55.,6.));
#225 = DIRECTION('',(0.,0.,-1.));
#226 = DIRECTION('',(1.,0.,0.));
#227 = FACE_BOUND('',#228,.T.);
#228 = EDGE_LOOP('',(#229,#240,#248,#257));
#229 = ORIENTED_EDGE('',*,*,#230,.T.);
#230 = EDGE_CURVE('',#231,#233,#235,.T.);
#231 = VERTEX_POINT('',#232);
#232 = CARTESIAN_POINT('',(63.,34.,6.));
#233 = VERTEX_POINT('',#234);
#234 = CARTESIAN_POINT('',(57.,34.,6.));
#235 = CIRCLE('',#236,3.);
#236 = AXIS2_PLACEMENT_3D('',#237,#238,#239);
#237 = CARTESIAN_POINT('',(60.,34.,6.));
#238 = DIRECTION('',(0.,0.,-1.));
#239 = DIRECTION('',(1.,0.,0.));
#240 = ORIENTED_EDGE('',*,*,#241,.T.);
#241 = EDGE_CURVE('',#233,#242,#244,.T.);
#242 = VERTEX_POINT('',#243);
#243 = CARTESIAN_POINT('',(57.,56.,6.));
#244 = LINE('',#245,#246);
#245 = CARTESIAN_POINT('',(57.,72.,6.));
#246 = VECTOR('',#247,1.);
#247 = DIRECTION('',(0.,1.,0.));
#248 = ORIENTED_EDGE('',*,*,#249,.T.);
#249 = EDGE_CURVE('',#242,#250,#252,.T.);
#250 = VERTEX_POINT('',#251);
#251 = CARTESIAN_POINT('',(63.,56.,6.));
#252 = CIRCLE('',#253,3.);
#253 = AXIS2_PLACEMENT_3D('',#254,#255,#256);
#254 = CARTESIAN_POINT('',(60.,56.,6.));
#255 = DIRECTION('',(0.,0.,-1.));
#256 = DIRECTION('',(1.,0.,0.));
#257 = ORIENTED_EDGE('',*,*,#258,.F.);
#258 = EDGE_CURVE('',#231,#250,#259,.T.);
#259 = LINE('',#260,#261);
#260 = CARTESIAN_POINT('',(63.,72.,6.));
#261 = VECTOR('',#262,1.);
#262 = DIRECTION('',(0.,1.,0.));
#263 = FACE_BOUND('',#264,.T.);
#264 = EDGE_LOOP('',(#265,#276,#284,#293));
#265 = ORIENTED_EDGE('',*,*,#266,.T.);
#266 = EDGE_CURVE('',#267,#269,#271,.T.);
#267 = VERTEX_POINT('',#268);
#268 = CARTESIAN_POINT('',(81.,34.,6.));
#269 = VERTEX_POINT('',#270);
#270 = CARTESIAN_POINT('',(75.,34.,6.));
#271 = CIRCLE('',#272,3.);
#272 = AXIS2_PLACEMENT_3D('',#273,#274,#275);
#273 = CARTESIAN_POINT('',(78.,34.,6.));
#274 = DIRECTION('',(0.,0.,-1.));
#275 = DIRECTION('',(1.,0.,0.));
#276 = ORIENTED_EDGE('',*,*,#277,.T.);
#277 = EDGE_CURVE('',#269,#278,#280,.T.);
#278 = VERTEX_POINT('',#279);
#279 = CARTESIAN_POINT('',(75.,56.,6.));
#280 = LINE('',#281,#282);
#281 = CARTESIAN_POINT('',(75.,72.,6.));
#282 = VECTOR('',#283,1.);
#283 = DIRECTION('',(0.,1.,0.));
#284 = ORIENTED_EDGE('',*,*,#285,.T.);
#285 = EDGE_CURVE('',#278,#286,#288,.T.);
#286 = VERTEX_POINT('',#287);
#287 = CARTESIAN_POINT('',(81.,56.,6.));
#288 = CIRCLE('',#289,3.);
#289 = AXIS2_PLACEMENT_3D('',#290,#291,#292);
#290 = CARTESIAN_POINT('',(78.,56.,6.));
#291 = DIRECTION('',(0.,0.,-1.));
#292 = DIRECTION('',(1.,0.,0.));
#293 = ORIENTED_EDGE('',*,*,#294,.F.);
#294 = EDGE_CURVE('',#267,#286,#295,.T.);
#295 = LINE('',#296,#297);
#296 = CARTESIAN_POINT('',(81.,72.,6.));
#297 = VECTOR('',#298,1.);
#298 = DIRECTION('',(0.,1.,0.));
#299 = FACE_BOUND('',#300,.T.);
#300 = EDGE_LOOP('',(#301,#312,#320,#329));
#301 = ORIENTED_EDGE('',*,*,#302,.T.);
#302 = EDGE_CURVE('',#303,#305,#307,.T.);
#303 = VERTEX_POINT('',#304);
#304 = CARTESIAN_POINT('',(14.5,75.5,6.));
#305 = VERTEX_POINT('',#306);
#306 = CARTESIAN_POINT('',(9.5,75.5,6.));
#307 = CIRCLE('',#308,2.5);
#308 = AXIS2_PLACEMENT_3D('',#309,#310,#311);
#309 = CARTESIAN_POINT('',(12.,75.5,6.));
#310 = DIRECTION('',(0.,0.,-1.));
#311 = DIRECTION('',(1.,0.,0.));
#312 = ORIENTED_EDGE('',*,*,#313,.T.);
#313 = EDGE_CURVE('',#305,#314,#316,.T.);
#314 = VERTEX_POINT('',#315);
#315 = CARTESIAN_POINT('',(9.5,94.5,6.));
#316 = LINE('',#317,#318);
#317 = CARTESIAN_POINT('',(9.5,92.75,6.));
#318 = VECTOR('',#319,1.);
#319 = DIRECTION('',(0.,1.,0.));
#320 = ORIENTED_EDGE('',*,*,#321,.T.);
#321 = EDGE_CURVE('',#314,#322,#324,.T.);
#322 = VERTEX_POINT('',#323);
#323 = CARTESIAN_POINT('',(14.5,94.5,6.));
#324 = CIRCLE('',#325,2.5);
#325 = AXIS2_PLACEMENT_3D('',#326,#327,#328);
#326 = CARTESIAN_POINT('',(12.,94.5,6.));
#327 = DIRECTION('',(0.,0.,-1.));
#328 = DIRECTION('',(1.,0.,0.));
#329 = ORIENTED_EDGE('',*,*,#330,.F.);
#330 = EDGE_CURVE('',#303,#322,#331,.T.);
#331 = LINE('',#332,#333);
#332 = CARTESIAN_POINT('',(14.5,92.75,6.));
#333 = VECTOR('',#334,1.);
#334 = DIRECTION('',(0.,1.,0.));
#335 = FACE_BOUND('',#336,.T.);
#336 = EDGE_LOOP('',(#337,#348,#356,#365));
#337 = ORIENTED_EDGE('',*,*,#338,.T.);
#338 = EDGE_CURVE('',#339,#341,#343,.T.);
#339 = VERTEX_POINT('',#340);
#340 = CARTESIAN_POINT('',(45.,74.,6.));
#341 = VERTEX_POINT('',#342);
#342 = CARTESIAN_POINT('',(39.,74.,6.));
#343 = CIRCLE('',#344,3.);
#344 = AXIS2_PLACEMENT_3D('',#345,#346,#347);
#345 = CARTESIAN_POINT('',(42.,74.,6.));
#346 = DIRECTION('',(0.,0.,-1.));
#347 = DIRECTION('',(1.,0.,0.));
#348 = ORIENTED_EDGE('',*,*,#349,.T.);
#349 = EDGE_CURVE('',#341,#350,#352,.T.);
#350 = VERTEX_POINT('',#351);
#351 = CARTESIAN_POINT('',(39.,96.,6.));
#352 = LINE('',#353,#354);
#353 = CARTESIAN_POINT('',(39.,92.,6.));
#354 = VECTOR('',#355,1.);
#355 = DIRECTION('',(0.,1.,0.));
#356 = ORIENTED_EDGE('',*,*,#357,.T.);
#357 = EDGE_CURVE('',#350,#358,#360,.T.);
#358 = VERTEX_POINT('',#359);
#359 = CARTESIAN_POINT('',(45.,96.,6.));
#360 = CIRCLE('',#361,3.);
#361 = AXIS2_PLACEMENT_3D('',#362,#363,#364);
#362 = CARTESIAN_POINT('',(42.,96.,6.));
#363 = DIRECTION('',(0.,0.,-1.));
#364 = DIRECTION('',(1.,0.,0.));
#365 = ORIENTED_EDGE('',*,*,#366,.F.);
#366 = EDGE_CURVE('',#339,#358,#367,.T.);
#367 = LINE('',#368,#369);
#368 = CARTESIAN_POINT('',(45.,92.,6.));
#369 = VECTOR('',#370,1.);
#370 = DIRECTION('',(0.,1.,0.));
#371 = FACE_BOUND('',#372,.T.);
#372 = EDGE_LOOP('',(#373,#384,#392,#401));
#373 = ORIENTED_EDGE('',*,*,#374,.T.);
#374 = EDGE_CURVE('',#375,#377,#379,.T.);
#375 = VERTEX_POINT('',#376);
#376 = CARTESIAN_POINT('',(63.,74.,6.));
#377 = VERTEX_POINT('',#378);
#378 = CARTESIAN_POINT('',(57.,74.,6.));
#379 = CIRCLE('',#380,3.);
#380 = AXIS2_PLACEMENT_3D('',#381,#382,#383);
#381 = CARTESIAN_POINT('',(60.,74.,6.));
#382 = DIRECTION('',(0.,0.,-1.));
#383 = DIRECTION('',(1.,0.,0.));
#384 = ORIENTED_EDGE('',*,*,#385,.T.);
#385 = EDGE_CURVE('',#377,#386,#388,.T.);
#386 = VERTEX_POINT('',#387);
#387 = CARTESIAN_POINT('',(57.,96.,6.));
#388 = LINE('',#389,#390);
#389 = CARTESIAN_POINT('',(57.,92.,6.));
#390 = VECTOR('',#391,1.);
#391 = DIRECTION('',(0.,1.,0.));
#392 = ORIENTED_EDGE('',*,*,#393,.T.);
#393 = EDGE_CURVE('',#386,#394,#396,.T.);
#394 = VERTEX_POINT('',#395);
#395 = CARTESIAN_POINT('',(63.,96.,6.));
#396 = CIRCLE('',#397,3.);
#397 = AXIS2_PLACEMENT_3D('',#398,#399,#400);
#398 = CARTESIAN_POINT('',(60.,96.,6.));
#399 = DIRECTION('',(0.,0.,-1.));
#400 = DIRECTION('',(1.,0.,0.));
#401 = ORIENTED_EDGE('',*,*,#402,.F.);
#402 = EDGE_CURVE('',#375,#394,#403,.T.);
#403 = LINE('',#404,#405);
#404 = CARTESIAN_POINT('',(63.,92.,6.));
#405 = VECTOR('',#406,1.);
#406 = DIRECTION('',(0.,1.,0.));
#407 = FACE_BOUND('',#408,.T.);
#408 = EDGE_LOOP('',(#409,#420,#428,#437));
#409 = ORIENTED_EDGE('',*,*,#410,.T.);
#410 = EDGE_CURVE('',#411,#413,#415,.T.);
#411 = VERTEX_POINT('',#412);
#412 = CARTESIAN_POINT('',(81.,74.,6.));
#413 = VERTEX_POINT('',#414);
#414 = CARTESIAN_POINT('',(75.,74.,6.));
#415 = CIRCLE('',#416,3.);
#416 = AXIS2_PLACEMENT_3D('',#417,#418,#419);
#417 = CARTESIAN_POINT('',(78.,74.,6.));
#418 = DIRECTION('',(0.,0.,-1.));
#419 = DIRECTION('',(1.,0.,0.));
#420 = ORIENTED_EDGE('',*,*,#421,.T.);
#421 = EDGE_CURVE('',#413,#422,#424,.T.);
#422 = VERTEX_POINT('',#423);
#423 = CARTESIAN_POINT('',(75.,96.,6.));
#424 = LINE('',#425,#426);
#425 = CARTESIAN_POINT('',(75.,92.,6.));
#426 = VECTOR('',#427,1.);
#427 = DIRECTION('',(0.,1.,0.));
#428 = ORIENTED_EDGE('',*,*,#429,.T.);
#429 = EDGE_CURVE('',#422,#430,#432,.T.);
#430 = VERTEX_POINT('',#431);
#431 = CARTESIAN_POINT('',(81.,96.,6.));
#432 = CIRCLE('',#433,3.);
#433 = AXIS2_PLACEMENT_3D('',#434,#435,#436);
#434 = CARTESIAN_POINT('',(78.,96.,6.));
#435 = DIRECTION('',(0.,0.,-1.));
#436 = DIRECTION('',(1.,0.,0.));
#437 = ORIENTED_EDGE('',*,*,#438,.F.);
#438 = EDGE_CURVE('',#411,#430,#439,.T.);
#439 = LINE('',#440,#441);
#440 = CARTESIAN_POINT('',(81.,92.,6.));
#441 = VECTOR('',#442,1.);
#442 = DIRECTION('',(0.,1.,0.));
#443 = FACE_BOUND('',#444,.T.);
#444 = EDGE_LOOP('',(#445,#456,#464,#473));
#445 = ORIENTED_EDGE('',*,*,#446,.T.);
#446 = EDGE_CURVE('',#447,#449,#451,.T.);
#447 = VERTEX_POINT('',#448);
#448 = CARTESIAN_POINT('',(120.5,35.5,6.));
#449 = VERTEX_POINT('',#450);
#450 = CARTESIAN_POINT('',(115.5,35.5,6.));
#451 = CIRCLE('',#452,2.5);
#452 = AXIS2_PLACEMENT_3D('',#453,#454,#455);
#453 = CARTESIAN_POINT('',(118.,35.5,6.));
#454 = DIRECTION('',(0.,0.,-1.));
#455 = DIRECTION('',(1.,0.,0.));
#456 = ORIENTED_EDGE('',*,*,#457,.T.);
#457 = EDGE_CURVE('',#449,#458,#460,.T.);
#458 = VERTEX_POINT('',#459);
#459 = CARTESIAN_POINT('',(115.5,54.5,6.));
#460 = LINE('',#461,#462);
#461 = CARTESIAN_POINT('',(115.5,72.75,6.));
#462 = VECTOR('',#463,1.);
#463 = DIRECTION('',(0.,1.,0.));
#464 = ORIENTED_EDGE('',*,*,#465,.T.);
#465 = EDGE_CURVE('',#458,#466,#468,.T.);
#466 = VERTEX_POINT('',#467);
#467 = CARTESIAN_POINT('',(120.5,54.5,6.));
#468 = CIRCLE('',#469,2.5);
#469 = AXIS2_PLACEMENT_3D('',#470,#471,#472);
#470 = CARTESIAN_POINT('',(118.,54.5,6.));
#471 = DIRECTION('',(0.,0.,-1.));
#472 = DIRECTION('',(1.,0.,0.));
#473 = ORIENTED_EDGE('',*,*,#474,.F.);
#474 = EDGE_CURVE('',#447,#466,#475,.T.);
#475 = LINE('',#476,#477);
#476 = CARTESIAN_POINT('',(120.5,72.75,6.));
#477 = VECTOR('',#478,1.);
#478 = DIRECTION('',(0.,1.,0.));
#479 = FACE_BOUND('',#480,.T.);
#480 = EDGE_LOOP('',(#481,#492,#500,#509));
#481 = ORIENTED_EDGE('',*,*,#482,.T.);
#482 = EDGE_CURVE('',#483,#485,#487,.T.);
#483 = VERTEX_POINT('',#484);
#484 = CARTESIAN_POINT('',(132.5,35.5,6.));
#485 = VERTEX_POINT('',#486);
#486 = CARTESIAN_POINT('',(127.5,35.5,6.));
#487 = CIRCLE('',#488,2.5);
#488 = AXIS2_PLACEMENT_3D('',#489,#490,#491);
#489 = CARTESIAN_POINT('',(130.,35.5,6.));
#490 = DIRECTION('',(0.,0.,-1.));
#491 = DIRECTION('',(1.,0.,0.));
#492 = ORIENTED_EDGE('',*,*,#493,.T.);
#493 = EDGE_CURVE('',#485,#494,#496,.T.);
#494 = VERTEX_POINT('',#495);
#495 = CARTESIAN_POINT('',(127.5,54.5,6.));
#496 = LINE('',#497,#498);
#497 = CARTESIAN_POINT('',(127.5,72.75,6.));
#498 = VECTOR('',#499,1.);
#499 = DIRECTION('',(0.,1.,0.));
#500 = ORIENTED_EDGE('',*,*,#501,.T.);
#501 = EDGE_CURVE('',#494,#502,#504,.T.);
#502 = VERTEX_POINT('',#503);
#503 = CARTESIAN_POINT('',(132.5,54.5,6.));
#504 = CIRCLE('',#505,2.5);
#505 = AXIS2_PLACEMENT_3D('',#506,#507,#508);
#506 = CARTESIAN_POINT('',(130.,54.5,6.));
#507 = DIRECTION('',(0.,0.,-1.));
#508 = DIRECTION('',(1.,0.,0.));
#509 = ORIENTED_EDGE('',*,*,#510,.F.);
#510 = EDGE_CURVE('',#483,#502,#511,.T.);
#511 = LINE('',#512,#513);
#512 = CARTESIAN_POINT('',(132.5,72.75,6.));
#513 = VECTOR('',#514,1.);
#514 = DIRECTION('',(0.,1.,0.));
#515 = FACE_BOUND('',#516,.T.);
#516 = EDGE_LOOP('',(#517,#528,#536,#545));
#517 = ORIENTED_EDGE('',*,*,#518,.T.);
#518 = EDGE_CURVE('',#519,#521,#523,.T.);
#519 = VERTEX_POINT('',#520);
#520 = CARTESIAN_POINT('',(190.5,35.5,6.));
#521 = VERTEX_POINT('',#522);
#522 = CARTESIAN_POINT('',(185.5,35.5,6.));
#523 = CIRCLE('',#524,2.5);
#524 = AXIS2_PLACEMENT_3D('',#525,#526,#527);
#525 = CARTESIAN_POINT('',(188.,35.5,6.));
#526 = DIRECTION('',(0.,0.,-1.));
#527 = DIRECTION('',(1.,0.,0.));
#528 = ORIENTED_EDGE('',*,*,#529,.T.);
#529 = EDGE_CURVE('',#521,#530,#532,.T.);
#530 = VERTEX_POINT('',#531);
#531 = CARTESIAN_POINT('',(185.5,54.5,6.));
#532 = LINE('',#533,#534);
#533 = CARTESIAN_POINT('',(185.5,72.75,6.));
#534 = VECTOR('',#535,1.);
#535 = DIRECTION('',(0.,1.,0.));
#536 = ORIENTED_EDGE('',*,*,#537,.T.);
#537 = EDGE_CURVE('',#530,#538,#540,.T.);
#538 = VERTEX_POINT('',#539);
#539 = CARTESIAN_POINT('',(190.5,54.5,6.));
#540 = CIRCLE('',#541,2.5);
#541 = AXIS2_PLACEMENT_3D('',#542,#543,#544);
#542 = CARTESIAN_POINT('',(188.,54.5,6.));
#543 = DIRECTION('',(0.,0.,-1.));
#544 = DIRECTION('',(1.,0.,0.));
#545 = ORIENTED_EDGE('',*,*,#546,.F.);
#546 = EDGE_CURVE('',#519,#538,#547,.T.);
#547 = LINE('',#548,#549);
#548 = CARTESIAN_POINT('',(190.5,72.75,6.));
#549 = VECTOR('',#550,1.);
#550 = DIRECTION('',(0.,1.,0.));
#551 = FACE_BOUND('',#552,.T.);
#552 = EDGE_LOOP('',(#553));
#553 = ORIENTED_EDGE('',*,*,#554,.T.);
#554 = EDGE_CURVE('',#555,#555,#557,.T.);
#555 = VERTEX_POINT('',#556);
#556 = CARTESIAN_POINT('',(170.3,55.,6.));
#557 = CIRCLE('',#558,2.3);
#558 = AXIS2_PLACEMENT_3D('',#559,#560,#561);
#559 = CARTESIAN_POINT('',(168.,55.,6.));
#560 = DIRECTION('',(0.,0.,-1.));
#561 = DIRECTION('',(1.,0.,0.));
#562 = FACE_BOUND('',#563,.T.);
#563 = EDGE_LOOP('',(#564,#575,#583,#592));
#564 = ORIENTED_EDGE('',*,*,#565,.T.);
#565 = EDGE_CURVE('',#566,#568,#570,.T.);
#566 = VERTEX_POINT('',#567);
#567 = CARTESIAN_POINT('',(120.5,75.5,6.));
#568 = VERTEX_POINT('',#569);
#569 = CARTESIAN_POINT('',(115.5,75.5,6.));
#570 = CIRCLE('',#571,2.5);
#571 = AXIS2_PLACEMENT_3D('',#572,#573,#574);
#572 = CARTESIAN_POINT('',(118.,75.5,6.));
#573 = DIRECTION('',(0.,0.,-1.));
#574 = DIRECTION('',(1.,0.,0.));
#575 = ORIENTED_EDGE('',*,*,#576,.T.);
#576 = EDGE_CURVE('',#568,#577,#579,.T.);
#577 = VERTEX_POINT('',#578);
#578 = CARTESIAN_POINT('',(115.5,94.5,6.));
#579 = LINE('',#580,#581);
#580 = CARTESIAN_POINT('',(115.5,92.75,6.));
#581 = VECTOR('',#582,1.);
#582 = DIRECTION('',(0.,1.,0.));
#583 = ORIENTED_EDGE('',*,*,#584,.T.);
#584 = EDGE_CURVE('',#577,#585,#587,.T.);
#585 = VERTEX_POINT('',#586);
#586 = CARTESIAN_POINT('',(120.5,94.5,6.));
#587 = CIRCLE('',#588,2.5);
#588 = AXIS2_PLACEMENT_3D('',#589,#590,#591);
#589 = CARTESIAN_POINT('',(118.,94.5,6.));
#590 = DIRECTION('',(0.,0.,-1.));
#591 = DIRECTION('',(1.,0.,0.));
#592 = ORIENTED_EDGE('',*,*,#593,.F.);
#593 = EDGE_CURVE('',#566,#585,#594,.T.);
#594 = LINE('',#595,#596);
#595 = CARTESIAN_POINT('',(120.5,92.75,6.));
#596 = VECTOR('',#597,1.);
#597 = DIRECTION('',(0.,1.,0.));
#598 = FACE_BOUND('',#599,.T.);
#599 = EDGE_LOOP('',(#600,#611,#619,#628));
#600 = ORIENTED_EDGE('',*,*,#601,.T.);
#601 = EDGE_CURVE('',#602,#604,#606,.T.);
#602 = VERTEX_POINT('',#603);
#603 = CARTESIAN_POINT('',(132.5,75.5,6.));
#604 = VERTEX_POINT('',#605);
#605 = CARTESIAN_POINT('',(127.5,75.5,6.));
#606 = CIRCLE('',#607,2.5);
#607 = AXIS2_PLACEMENT_3D('',#608,#609,#610);
#608 = CARTESIAN_POINT('',(130.,75.5,6.));
#609 = DIRECTION('',(0.,0.,-1.));
#610 = DIRECTION('',(1.,0.,0.));
#611 = ORIENTED_EDGE('',*,*,#612,.T.);
#612 = EDGE_CURVE('',#604,#613,#615,.T.);
#613 = VERTEX_POINT('',#614);
#614 = CARTESIAN_POINT('',(127.5,94.5,6.));
#615 = LINE('',#616,#617);
#616 = CARTESIAN_POINT('',(127.5,92.75,6.));
#617 = VECTOR('',#618,1.);
#618 = DIRECTION('',(0.,1.,0.));
#619 = ORIENTED_EDGE('',*,*,#620,.T.);
#620 = EDGE_CURVE('',#613,#621,#623,.T.);
#621 = VERTEX_POINT('',#622);
#622 = CARTESIAN_POINT('',(132.5,94.5,6.));
#623 = CIRCLE('',#624,2.5);
#624 = AXIS2_PLACEMENT_3D('',#625,#626,#627);
#625 = CARTESIAN_POINT('',(130.,94.5,6.));
#626 = DIRECTION('',(0.,0.,-1.));
#627 = DIRECTION('',(1.,0.,0.));
#628 = ORIENTED_EDGE('',*,*,#629,.F.);
#629 = EDGE_CURVE('',#602,#621,#630,.T.);
#630 = LINE('',#631,#632);
#631 = CARTESIAN_POINT('',(132.5,92.75,6.));
#632 = VECTOR('',#633,1.);
#633 = DIRECTION('',(0.,1.,0.));
#634 = FACE_BOUND('',#635,.T.);
#635 = EDGE_LOOP('',(#636,#647,#655,#664));
#636 = ORIENTED_EDGE('',*,*,#637,.T.);
#637 = EDGE_CURVE('',#638,#640,#642,.T.);
#638 = VERTEX_POINT('',#639);
#639 = CARTESIAN_POINT('',(190.5,75.5,6.));
#640 = VERTEX_POINT('',#641);
#641 = CARTESIAN_POINT('',(185.5,75.5,6.));
#642 = CIRCLE('',#643,2.5);
#643 = AXIS2_PLACEMENT_3D('',#644,#645,#646);
#644 = CARTESIAN_POINT('',(188.,75.5,6.));
#645 = DIRECTION('',(0.,0.,-1.));
#646 = DIRECTION('',(1.,0.,0.));
#647 = ORIENTED_EDGE('',*,*,#648,.T.);
#648 = EDGE_CURVE('',#640,#649,#651,.T.);
#649 = VERTEX_POINT('',#650);
#650 = CARTESIAN_POINT('',(185.5,94.5,6.));
#651 = LINE('',#652,#653);
#652 = CARTESIAN_POINT('',(185.5,92.75,6.));
#653 = VECTOR('',#654,1.);
#654 = DIRECTION('',(0.,1.,0.));
#655 = ORIENTED_EDGE('',*,*,#656,.T.);
#656 = EDGE_CURVE('',#649,#657,#659,.T.);
#657 = VERTEX_POINT('',#658);
#658 = CARTESIAN_POINT('',(190.5,94.5,6.));
#659 = CIRCLE('',#660,2.5);
#660 = AXIS2_PLACEMENT_3D('',#661,#662,#663);
#661 = CARTESIAN_POINT('',(188.,94.5,6.));
#662 = DIRECTION('',(0.,0.,-1.));
#663 = DIRECTION('',(1.,0.,0.));
#664 = ORIENTED_EDGE('',*,*,#665,.F.);
#665 = EDGE_CURVE('',#638,#657,#666,.T.);
#666 = LINE('',#667,#668);
#667 = CARTESIAN_POINT('',(190.5,92.75,6.));
#668 = VECTOR('',#669,1.);
#669 = DIRECTION('',(0.,1.,0.));
#670 = FACE_BOUND('',#671,.T.);
#671 = EDGE_LOOP('',(#672,#683,#691,#700));
#672 = ORIENTED_EDGE('',*,*,#673,.T.);
#673 = EDGE_CURVE('',#674,#676,#678,.T.);
#674 = VERTEX_POINT('',#675);
#675 = CARTESIAN_POINT('',(14.5,145.5,6.));
#676 = VERTEX_POINT('',#677);
#677 = CARTESIAN_POINT('',(9.5,145.5,6.));
#678 = CIRCLE('',#679,2.5);
#679 = AXIS2_PLACEMENT_3D('',#680,#681,#682);
#680 = CARTESIAN_POINT('',(12.,145.5,6.));
#681 = DIRECTION('',(0.,0.,-1.));
#682 = DIRECTION('',(1.,0.,0.));
#683 = ORIENTED_EDGE('',*,*,#684,.T.);
#684 = EDGE_CURVE('',#676,#685,#687,.T.);
#685 = VERTEX_POINT('',#686);
#686 = CARTESIAN_POINT('',(9.5,164.5,6.));
#687 = LINE('',#688,#689);
#688 = CARTESIAN_POINT('',(9.5,127.75,6.));
#689 = VECTOR('',#690,1.);
#690 = DIRECTION('',(0.,1.,0.));
#691 = ORIENTED_EDGE('',*,*,#692,.T.);
#692 = EDGE_CURVE('',#685,#693,#695,.T.);
#693 = VERTEX_POINT('',#694);
#694 = CARTESIAN_POINT('',(14.5,164.5,6.));
#695 = CIRCLE('',#696,2.5);
#696 = AXIS2_PLACEMENT_3D('',#697,#698,#699);
#697 = CARTESIAN_POINT('',(12.,164.5,6.));
#698 = DIRECTION('',(0.,0.,-1.));
#699 = DIRECTION('',(1.,0.,0.));
#700 = ORIENTED_EDGE('',*,*,#701,.F.);
#701 = EDGE_CURVE('',#674,#693,#702,.T.);
#702 = LINE('',#703,#704);
#703 = CARTESIAN_POINT('',(14.5,127.75,6.));
#704 = VECTOR('',#705,1.);
#705 = DIRECTION('',(0.,1.,0.));
#706 = FACE_BOUND('',#707,.T.);
#707 = EDGE_LOOP('',(#708));
#708 = ORIENTED_EDGE('',*,*,#709,.T.);
#709 = EDGE_CURVE('',#710,#710,#712,.T.);
#710 = VERTEX_POINT('',#711);
#711 = CARTESIAN_POINT('',(34.3,165.,6.));
#712 = CIRCLE('',#713,2.3);
#713 = AXIS2_PLACEMENT_3D('',#714,#715,#716);
#714 = CARTESIAN_POINT('',(32.,165.,6.));
#715 = DIRECTION('',(0.,0.,-1.));
#716 = DIRECTION('',(1.,0.,0.));
#717 = FACE_BOUND('',#718,.T.);
#718 = EDGE_LOOP('',(#719,#730,#738,#747));
#719 = ORIENTED_EDGE('',*,*,#720,.T.);
#720 = EDGE_CURVE('',#721,#723,#725,.T.);
#721 = VERTEX_POINT('',#722);
#722 = CARTESIAN_POINT('',(14.5,185.5,6.));
#723 = VERTEX_POINT('',#724);
#724 = CARTESIAN_POINT('',(9.5,185.5,6.));
#725 = CIRCLE('',#726,2.5);
#726 = AXIS2_PLACEMENT_3D('',#727,#728,#729);
#727 = CARTESIAN_POINT('',(12.,185.5,6.));
#728 = DIRECTION('',(0.,0.,-1.));
#729 = DIRECTION('',(1.,0.,0.));
#730 = ORIENTED_EDGE('',*,*,#731,.T.);
#731 = EDGE_CURVE('',#723,#732,#734,.T.);
#732 = VERTEX_POINT('',#733);
#733 = CARTESIAN_POINT('',(9.5,204.5,6.));
#734 = LINE('',#735,#736);
#735 = CARTESIAN_POINT('',(9.5,147.75,6.));
#736 = VECTOR('',#737,1.);
#737 = DIRECTION('',(0.,1.,0.));
#738 = ORIENTED_EDGE('',*,*,#739,.T.);
#739 = EDGE_CURVE('',#732,#740,#742,.T.);
#740 = VERTEX_POINT('',#741);
#741 = CARTESIAN_POINT('',(14.5,204.5,6.));
#742 = CIRCLE('',#743,2.5);
#743 = AXIS2_PLACEMENT_3D('',#744,#745,#746);
#744 = CARTESIAN_POINT('',(12.,204.5,6.));
#745 = DIRECTION('',(0.,0.,-1.));
#746 = DIRECTION('',(1.,0.,0.));
#747 = ORIENTED_EDGE('',*,*,#748,.F.);
#748 = EDGE_CURVE('',#721,#740,#749,.T.);
#749 = LINE('',#750,#751);
#750 = CARTESIAN_POINT('',(14.5,147.75,6.));
#751 = VECTOR('',#752,1.);
#752 = DIRECTION('',(0.,1.,0.));
#753 = FACE_BOUND('',#754,.T.);
#754 = EDGE_LOOP('',(#755,#766,#774,#783));
#755 = ORIENTED_EDGE('',*,*,#756,.T.);
#756 = EDGE_CURVE('',#757,#759,#761,.T.);
#757 = VERTEX_POINT('',#758);
#758 = CARTESIAN_POINT('',(120.5,145.5,6.));
#759 = VERTEX_POINT('',#760);
#760 = CARTESIAN_POINT('',(115.5,145.5,6.));
#761 = CIRCLE('',#762,2.5);
#762 = AXIS2_PLACEMENT_3D('',#763,#764,#765);
#763 = CARTESIAN_POINT('',(118.,145.5,6.));
#764 = DIRECTION('',(0.,0.,-1.));
#765 = DIRECTION('',(1.,0.,0.));
#766 = ORIENTED_EDGE('',*,*,#767,.T.);
#767 = EDGE_CURVE('',#759,#768,#770,.T.);
#768 = VERTEX_POINT('',#769);
#769 = CARTESIAN_POINT('',(115.5,164.5,6.));
#770 = LINE('',#771,#772);
#771 = CARTESIAN_POINT('',(115.5,127.75,6.));
#772 = VECTOR('',#773,1.);
#773 = DIRECTION('',(0.,1.,0.));
#774 = ORIENTED_EDGE('',*,*,#775,.T.);
#775 = EDGE_CURVE('',#768,#776,#778,.T.);
#776 = VERTEX_POINT('',#777);
#777 = CARTESIAN_POINT('',(120.5,164.5,6.));
#778 = CIRCLE('',#779,2.5);
#779 = AXIS2_PLACEMENT_3D('',#780,#781,#782);
#780 = CARTESIAN_POINT('',(118.,164.5,6.));
#781 = DIRECTION('',(0.,0.,-1.));
#782 = DIRECTION('',(1.,0.,0.));
#783 = ORIENTED_EDGE('',*,*,#784,.F.);
#784 = EDGE_CURVE('',#757,#776,#785,.T.);
#785 = LINE('',#786,#787);
#786 = CARTESIAN_POINT('',(120.5,127.75,6.));
#787 = VECTOR('',#788,1.);
#788 = DIRECTION('',(0.,1.,0.));
#789 = FACE_BOUND('',#790,.T.);
#790 = EDGE_LOOP('',(#791,#802,#810,#819));
#791 = ORIENTED_EDGE('',*,*,#792,.T.);
#792 = EDGE_CURVE('',#793,#795,#797,.T.);
#793 = VERTEX_POINT('',#794);
#794 = CARTESIAN_POINT('',(132.5,145.5,6.));
#795 = VERTEX_POINT('',#796);
#796 = CARTESIAN_POINT('',(127.5,145.5,6.));
#797 = CIRCLE('',#798,2.5);
#798 = AXIS2_PLACEMENT_3D('',#799,#800,#801);
#799 = CARTESIAN_POINT('',(130.,145.5,6.));
#800 = DIRECTION('',(0.,0.,-1.));
#801 = DIRECTION('',(1.,0.,0.));
#802 = ORIENTED_EDGE('',*,*,#803,.T.);
#803 = EDGE_CURVE('',#795,#804,#806,.T.);
#804 = VERTEX_POINT('',#805);
#805 = CARTESIAN_POINT('',(127.5,164.5,6.));
#806 = LINE('',#807,#808);
#807 = CARTESIAN_POINT('',(127.5,127.75,6.));
#808 = VECTOR('',#809,1.);
#809 = DIRECTION('',(0.,1.,0.));
#810 = ORIENTED_EDGE('',*,*,#811,.T.);
#811 = EDGE_CURVE('',#804,#812,#814,.T.);
#812 = VERTEX_POINT('',#813);
#813 = CARTESIAN_POINT('',(132.5,164.5,6.));
#814 = CIRCLE('',#815,2.5);
#815 = AXIS2_PLACEMENT_3D('',#816,#817,#818);
#816 = CARTESIAN_POINT('',(130.,164.5,6.));
#817 = DIRECTION('',(0.,0.,-1.));
#818 = DIRECTION('',(1.,0.,0.));
#819 = ORIENTED_EDGE('',*,*,#820,.F.);
#820 = EDGE_CURVE('',#793,#812,#821,.T.);
#821 = LINE('',#822,#823);
#822 = CARTESIAN_POINT('',(132.5,127.75,6.));
#823 = VECTOR('',#824,1.);
#824 = DIRECTION('',(0.,1.,0.));
#825 = FACE_BOUND('',#826,.T.);
#826 = EDGE_LOOP('',(#827,#838,#846,#855));
#827 = ORIENTED_EDGE('',*,*,#828,.T.);
#828 = EDGE_CURVE('',#829,#831,#833,.T.);
#829 = VERTEX_POINT('',#830);
#830 = CARTESIAN_POINT('',(190.5,145.5,6.));
#831 = VERTEX_POINT('',#832);
#832 = CARTESIAN_POINT('',(185.5,145.5,6.));
#833 = CIRCLE('',#834,2.5);
#834 = AXIS2_PLACEMENT_3D('',#835,#836,#837);
#835 = CARTESIAN_POINT('',(188.,145.5,6.));
#836 = DIRECTION('',(0.,0.,-1.));
#837 = DIRECTION('',(1.,0.,0.));
#838 = ORIENTED_EDGE('',*,*,#839,.T.);
#839 = EDGE_CURVE('',#831,#840,#842,.T.);
#840 = VERTEX_POINT('',#841);
#841 = CARTESIAN_POINT('',(185.5,164.5,6.));
#842 = LINE('',#843,#844);
#843 = CARTESIAN_POINT('',(185.5,127.75,6.));
#844 = VECTOR('',#845,1.);
#845 = DIRECTION('',(0.,1.,0.));
#846 = ORIENTED_EDGE('',*,*,#847,.T.);
#847 = EDGE_CURVE('',#840,#848,#850,.T.);
#848 = VERTEX_POINT('',#849);
#849 = CARTESIAN_POINT('',(190.5,164.5,6.));
#850 = CIRCLE('',#851,2.5);
#851 = AXIS2_PLACEMENT_3D('',#852,#853,#854);
#852 = CARTESIAN_POINT('',(188.,164.5,6.));
#853 = DIRECTION('',(0.,0.,-1.));
#854 = DIRECTION('',(1.,0.,0.));
#855 = ORIENTED_EDGE('',*,*,#856,.F.);
#856 = EDGE_CURVE('',#829,#848,#857,.T.);
#857 = LINE('',#858,#859);
#858 = CARTESIAN_POINT('',(190.5,127.75,6.));
#859 = VECTOR('',#860,1.);
#860 = DIRECTION('',(0.,1.,0.));
#861 = FACE_BOUND('',#862,.T.);
#862 = EDGE_LOOP('',(#863,#874,#882,#891));
#863 = ORIENTED_EDGE('',*,*,#864,.T.);
#864 = EDGE_CURVE('',#865,#867,#869,.T.);
#865 = VERTEX_POINT('',#866);
#866 = CARTESIAN_POINT('',(120.5,185.5,6.));
#867 = VERTEX_POINT('',#868);
#868 = CARTESIAN_POINT('',(115.5,185.5,6.));
#869 = CIRCLE('',#870,2.5);
#870 = AXIS2_PLACEMENT_3D('',#871,#872,#873);
#871 = CARTESIAN_POINT('',(118.,185.5,6.));
#872 = DIRECTION('',(0.,0.,-1.));
#873 = DIRECTION('',(1.,0.,0.));
#874 = ORIENTED_EDGE('',*,*,#875,.T.);
#875 = EDGE_CURVE('',#867,#876,#878,.T.);
#876 = VERTEX_POINT('',#877);
#877 = CARTESIAN_POINT('',(115.5,204.5,6.));
#878 = LINE('',#879,#880);
#879 = CARTESIAN_POINT('',(115.5,147.75,6.));
#880 = VECTOR('',#881,1.);
#881 = DIRECTION('',(0.,1.,0.));
#882 = ORIENTED_EDGE('',*,*,#883,.T.);
#883 = EDGE_CURVE('',#876,#884,#886,.T.);
#884 = VERTEX_POINT('',#885);
#885 = CARTESIAN_POINT('',(120.5,204.5,6.));
#886 = CIRCLE('',#887,2.5);
#887 = AXIS2_PLACEMENT_3D('',#888,#889,#890);
#888 = CARTESIAN_POINT('',(118.,204.5,6.));
#889 = DIRECTION('',(0.,0.,-1.));
#890 = DIRECTION('',(1.,0.,0.));
#891 = ORIENTED_EDGE('',*,*,#892,.F.);
#892 = EDGE_CURVE('',#865,#884,#893,.T.);
#893 = LINE('',#894,#895);
#894 = CARTESIAN_POINT('',(120.5,147.75,6.));
#895 = VECTOR('',#896,1.);
#896 = DIRECTION('',(0.,1.,0.));
#897 = FACE_BOUND('',#898,.T.);
#898 = EDGE_LOOP('',(#899,#910,#918,#927));
#899 = ORIENTED_EDGE('',*,*,#900,.T.);
#900 = EDGE_CURVE('',#901,#903,#905,.T.);
#901 = VERTEX_POINT('',#902);
#902 = CARTESIAN_POINT('',(132.5,185.5,6.));
#903 = VERTEX_POINT('',#904);
#904 = CARTESIAN_POINT('',(127.5,185.5,6.));
#905 = CIRCLE('',#906,2.5);
#906 = AXIS2_PLACEMENT_3D('',#907,#908,#909);
#907 = CARTESIAN_POINT('',(130.,185.5,6.));
#908 = DIRECTION('',(0.,0.,-1.));
#909 = DIRECTION('',(1.,0.,0.));
#910 = ORIENTED_EDGE('',*,*,#911,.T.);
#911 = EDGE_CURVE('',#903,#912,#914,.T.);
#912 = VERTEX_POINT('',#913);
#913 = CARTESIAN_POINT('',(127.5,204.5,6.));
#914 = LINE('',#915,#916);
#915 = CARTESIAN_POINT('',(127.5,147.75,6.));
#916 = VECTOR('',#917,1.);
#917 = DIRECTION('',(0.,1.,0.));
#918 = ORIENTED_EDGE('',*,*,#919,.T.);
#919 = EDGE_CURVE('',#912,#920,#922,.T.);
#920 = VERTEX_POINT('',#921);
#921 = CARTESIAN_POINT('',(132.5,204.5,6.));
#922 = CIRCLE('',#923,2.5);
#923 = AXIS2_PLACEMENT_3D('',#924,#925,#926);
#924 = CARTESIAN_POINT('',(130.,204.5,6.));
#925 = DIRECTION('',(0.,0.,-1.));
#926 = DIRECTION('',(1.,0.,0.));
#927 = ORIENTED_EDGE('',*,*,#928,.F.);
#928 = EDGE_CURVE('',#901,#920,#929,.T.);
#929 = LINE('',#930,#931);
#930 = CARTESIAN_POINT('',(132.5,147.75,6.));
#931 = VECTOR('',#932,1.);
#932 = DIRECTION('',(0.,1.,0.));
#933 = FACE_BOUND('',#934,.T.);
#934 = EDGE_LOOP('',(#935));
#935 = ORIENTED_EDGE('',*,*,#936,.T.);
#936 = EDGE_CURVE('',#937,#937,#939,.T.);
#937 = VERTEX_POINT('',#938);
#938 = CARTESIAN_POINT('',(170.3,165.,6.));
#939 = CIRCLE('',#940,2.3);
#940 = AXIS2_PLACEMENT_3D('',#941,#942,#943);
#941 = CARTESIAN_POINT('',(168.,165.,6.));
#942 = DIRECTION('',(0.,0.,-1.));
#943 = DIRECTION('',(1.,0.,0.));
#944 = FACE_BOUND('',#945,.T.);
#945 = EDGE_LOOP('',(#946,#957,#965,#974));
#946 = ORIENTED_EDGE('',*,*,#947,.T.);
#947 = EDGE_CURVE('',#948,#950,#952,.T.);
#948 = VERTEX_POINT('',#949);
#949 = CARTESIAN_POINT('',(190.5,185.5,6.));
#950 = VERTEX_POINT('',#951);
#951 = CARTESIAN_POINT('',(185.5,185.5,6.));
#952 = CIRCLE('',#953,2.5);
#953 = AXIS2_PLACEMENT_3D('',#954,#955,#956);
#954 = CARTESIAN_POINT('',(188.,185.5,6.));
#955 = DIRECTION('',(0.,0.,-1.));
#956 = DIRECTION('',(1.,0.,0.));
#957 = ORIENTED_EDGE('',*,*,#958,.T.);
#958 = EDGE_CURVE('',#950,#959,#961,.T.);
#959 = VERTEX_POINT('',#960);
#960 = CARTESIAN_POINT('',(185.5,204.5,6.));
#961 = LINE('',#962,#963);
#962 = CARTESIAN_POINT('',(185.5,147.75,6.));
#963 = VECTOR('',#964,1.);
#964 = DIRECTION('',(0.,1.,0.));
#965 = ORIENTED_EDGE('',*,*,#966,.T.);
#966 = EDGE_CURVE('',#959,#967,#969,.T.);
#967 = VERTEX_POINT('',#968);
#968 = CARTESIAN_POINT('',(190.5,204.5,6.));
#969 = CIRCLE('',#970,2.5);
#970 = AXIS2_PLACEMENT_3D('',#971,#972,#973);
#971 = CARTESIAN_POINT('',(188.,204.5,6.));
#972 = DIRECTION('',(0.,0.,-1.));
#973 = DIRECTION('',(1.,0.,0.));
#974 = ORIENTED_EDGE('',*,*,#975,.F.);
#975 = EDGE_CURVE('',#948,#967,#976,.T.);
#976 = LINE('',#977,#978);
#977 = CARTESIAN_POINT('',(190.5,147.75,6.));
#978 = VECTOR('',#979,1.);
#979 = DIRECTION('',(0.,1.,0.));
#980 = PLANE('',#981);
#981 = AXIS2_PLACEMENT_3D('',#982,#983,#984);
#982 = CARTESIAN_POINT('',(100.,110.,6.));
#983 = DIRECTION('',(0.,0.,1.));
#984 = DIRECTION('',(1.,0.,0.));
#985 = ADVANCED_FACE('',(#986),#1004,.F.);
#986 = FACE_BOUND('',#987,.F.);
#987 = EDGE_LOOP('',(#988,#989,#997,#1003));
#988 = ORIENTED_EDGE('',*,*,#40,.F.);
#989 = ORIENTED_EDGE('',*,*,#990,.T.);
#990 = EDGE_CURVE('',#32,#991,#993,.T.);
#991 = VERTEX_POINT('',#992);
#992 = CARTESIAN_POINT('',(0.,208.,3.552713678801E-15));
#993 = LINE('',#994,#995);
#994 = CARTESIAN_POINT('',(0.,12.,3.552713678801E-15));
#995 = VECTOR('',#996,1.);
#996 = DIRECTION('',(0.,1.,0.));
#997 = ORIENTED_EDGE('',*,*,#998,.T.);
#998 = EDGE_CURVE('',#991,#131,#999,.T.);
#999 = LINE('',#1000,#1001);
#1000 = CARTESIAN_POINT('',(0.,208.,3.552713678801E-15));
#1001 = VECTOR('',#1002,1.);
#1002 = DIRECTION('',(0.,0.,1.));
#1003 = ORIENTED_EDGE('',*,*,#139,.F.);
#1004 = PLANE('',#1005);
#1005 = AXIS2_PLACEMENT_3D('',#1006,#1007,#1008);
#1006 = CARTESIAN_POINT('',(0.,12.,3.552713678801E-15));
#1007 = DIRECTION('',(1.,0.,0.));
#1008 = DIRECTION('',(0.,0.,1.));
#1009 = ADVANCED_FACE('',(#1010,#1056,#1092,#1103,#1139,#1175,#1211,
    #1247,#1283,#1319,#1355,#1391,#1427,#1438,#1474,#1510,#1546,#1582,
    #1618,#1654,#1690,#1701,#1737,#1773,#1809,#1845,#1856),#1892,.T.);
#1010 = FACE_BOUND('',#1011,.T.);
#1011 = EDGE_LOOP('',(#1012,#1013,#1014,#1023,#1031,#1040,#1048,#1055));
#1012 = ORIENTED_EDGE('',*,*,#31,.F.);
#1013 = ORIENTED_EDGE('',*,*,#990,.T.);
#1014 = ORIENTED_EDGE('',*,*,#1015,.F.);
#1015 = EDGE_CURVE('',#1016,#991,#1018,.T.);
#1016 = VERTEX_POINT('',#1017);
#1017 = CARTESIAN_POINT('',(12.,220.,3.552713678801E-15));
#1018 = CIRCLE('',#1019,12.);
#1019 = AXIS2_PLACEMENT_3D('',#1020,#1021,#1022);
#1020 = CARTESIAN_POINT('',(12.,208.,3.552713678801E-15));
#1021 = DIRECTION('',(0.,0.,1.));
#1022 = DIRECTION('',(1.,0.,0.));
#1023 = ORIENTED_EDGE('',*,*,#1024,.T.);
#1024 = EDGE_CURVE('',#1016,#1025,#1027,.T.);
#1025 = VERTEX_POINT('',#1026);
#1026 = CARTESIAN_POINT('',(188.,220.,3.552713678801E-15));
#1027 = LINE('',#1028,#1029);
#1028 = CARTESIAN_POINT('',(12.,220.,3.552713678801E-15));
#1029 = VECTOR('',#1030,1.);
#1030 = DIRECTION('',(1.,0.,0.));
#1031 = ORIENTED_EDGE('',*,*,#1032,.F.);
#1032 = EDGE_CURVE('',#1033,#1025,#1035,.T.);
#1033 = VERTEX_POINT('',#1034);
#1034 = CARTESIAN_POINT('',(200.,208.,3.552713678801E-15));
#1035 = CIRCLE('',#1036,12.);
#1036 = AXIS2_PLACEMENT_3D('',#1037,#1038,#1039);
#1037 = CARTESIAN_POINT('',(188.,208.,3.552713678801E-15));
#1038 = DIRECTION('',(0.,0.,1.));
#1039 = DIRECTION('',(1.,0.,0.));
#1040 = ORIENTED_EDGE('',*,*,#1041,.F.);
#1041 = EDGE_CURVE('',#1042,#1033,#1044,.T.);
#1042 = VERTEX_POINT('',#1043);
#1043 = CARTESIAN_POINT('',(200.,12.,3.552713678801E-15));
#1044 = LINE('',#1045,#1046);
#1045 = CARTESIAN_POINT('',(200.,12.,3.552713678801E-15));
#1046 = VECTOR('',#1047,1.);
#1047 = DIRECTION('',(0.,1.,0.));
#1048 = ORIENTED_EDGE('',*,*,#1049,.F.);
#1049 = EDGE_CURVE('',#64,#1042,#1050,.T.);
#1050 = CIRCLE('',#1051,12.);
#1051 = AXIS2_PLACEMENT_3D('',#1052,#1053,#1054);
#1052 = CARTESIAN_POINT('',(188.,12.,3.552713678801E-15));
#1053 = DIRECTION('',(0.,0.,1.));
#1054 = DIRECTION('',(1.,0.,0.));
#1055 = ORIENTED_EDGE('',*,*,#63,.F.);
#1056 = FACE_BOUND('',#1057,.T.);
#1057 = EDGE_LOOP('',(#1058,#1069,#1077,#1086));
#1058 = ORIENTED_EDGE('',*,*,#1059,.F.);
#1059 = EDGE_CURVE('',#1060,#1062,#1064,.T.);
#1060 = VERTEX_POINT('',#1061);
#1061 = CARTESIAN_POINT('',(185.5,54.5,0.));
#1062 = VERTEX_POINT('',#1063);
#1063 = CARTESIAN_POINT('',(190.5,54.5,0.));
#1064 = CIRCLE('',#1065,2.5);
#1065 = AXIS2_PLACEMENT_3D('',#1066,#1067,#1068);
#1066 = CARTESIAN_POINT('',(188.,54.5,0.));
#1067 = DIRECTION('',(0.,0.,-1.));
#1068 = DIRECTION('',(1.,0.,0.));
#1069 = ORIENTED_EDGE('',*,*,#1070,.T.);
#1070 = EDGE_CURVE('',#1060,#1071,#1073,.T.);
#1071 = VERTEX_POINT('',#1072);
#1072 = CARTESIAN_POINT('',(185.5,35.5,0.));
#1073 = LINE('',#1074,#1075);
#1074 = CARTESIAN_POINT('',(185.5,72.75,0.));
#1075 = VECTOR('',#1076,1.);
#1076 = DIRECTION('',(0.,-1.,0.));
#1077 = ORIENTED_EDGE('',*,*,#1078,.F.);
#1078 = EDGE_CURVE('',#1079,#1071,#1081,.T.);
#1079 = VERTEX_POINT('',#1080);
#1080 = CARTESIAN_POINT('',(190.5,35.5,0.));
#1081 = CIRCLE('',#1082,2.5);
#1082 = AXIS2_PLACEMENT_3D('',#1083,#1084,#1085);
#1083 = CARTESIAN_POINT('',(188.,35.5,0.));
#1084 = DIRECTION('',(0.,0.,-1.));
#1085 = DIRECTION('',(1.,0.,0.));
#1086 = ORIENTED_EDGE('',*,*,#1087,.F.);
#1087 = EDGE_CURVE('',#1062,#1079,#1088,.T.);
#1088 = LINE('',#1089,#1090);
#1089 = CARTESIAN_POINT('',(190.5,72.75,0.));
#1090 = VECTOR('',#1091,1.);
#1091 = DIRECTION('',(0.,-1.,0.));
#1092 = FACE_BOUND('',#1093,.T.);
#1093 = EDGE_LOOP('',(#1094));
#1094 = ORIENTED_EDGE('',*,*,#1095,.F.);
#1095 = EDGE_CURVE('',#1096,#1096,#1098,.T.);
#1096 = VERTEX_POINT('',#1097);
#1097 = CARTESIAN_POINT('',(170.3,55.,0.));
#1098 = CIRCLE('',#1099,2.3);
#1099 = AXIS2_PLACEMENT_3D('',#1100,#1101,#1102);
#1100 = CARTESIAN_POINT('',(168.,55.,0.));
#1101 = DIRECTION('',(0.,0.,-1.));
#1102 = DIRECTION('',(1.,0.,0.));
#1103 = FACE_BOUND('',#1104,.T.);
#1104 = EDGE_LOOP('',(#1105,#1116,#1124,#1133));
#1105 = ORIENTED_EDGE('',*,*,#1106,.F.);
#1106 = EDGE_CURVE('',#1107,#1109,#1111,.T.);
#1107 = VERTEX_POINT('',#1108);
#1108 = CARTESIAN_POINT('',(127.5,54.5,0.));
#1109 = VERTEX_POINT('',#1110);
#1110 = CARTESIAN_POINT('',(132.5,54.5,0.));
#1111 = CIRCLE('',#1112,2.5);
#1112 = AXIS2_PLACEMENT_3D('',#1113,#1114,#1115);
#1113 = CARTESIAN_POINT('',(130.,54.5,0.));
#1114 = DIRECTION('',(0.,0.,-1.));
#1115 = DIRECTION('',(1.,0.,0.));
#1116 = ORIENTED_EDGE('',*,*,#1117,.T.);
#1117 = EDGE_CURVE('',#1107,#1118,#1120,.T.);
#1118 = VERTEX_POINT('',#1119);
#1119 = CARTESIAN_POINT('',(127.5,35.5,0.));
#1120 = LINE('',#1121,#1122);
#1121 = CARTESIAN_POINT('',(127.5,72.75,0.));
#1122 = VECTOR('',#1123,1.);
#1123 = DIRECTION('',(0.,-1.,0.));
#1124 = ORIENTED_EDGE('',*,*,#1125,.F.);
#1125 = EDGE_CURVE('',#1126,#1118,#1128,.T.);
#1126 = VERTEX_POINT('',#1127);
#1127 = CARTESIAN_POINT('',(132.5,35.5,0.));
#1128 = CIRCLE('',#1129,2.5);
#1129 = AXIS2_PLACEMENT_3D('',#1130,#1131,#1132);
#1130 = CARTESIAN_POINT('',(130.,35.5,0.));
#1131 = DIRECTION('',(0.,0.,-1.));
#1132 = DIRECTION('',(1.,0.,0.));
#1133 = ORIENTED_EDGE('',*,*,#1134,.F.);
#1134 = EDGE_CURVE('',#1109,#1126,#1135,.T.);
#1135 = LINE('',#1136,#1137);
#1136 = CARTESIAN_POINT('',(132.5,72.75,0.));
#1137 = VECTOR('',#1138,1.);
#1138 = DIRECTION('',(0.,-1.,0.));
#1139 = FACE_BOUND('',#1140,.T.);
#1140 = EDGE_LOOP('',(#1141,#1152,#1160,#1169));
#1141 = ORIENTED_EDGE('',*,*,#1142,.F.);
#1142 = EDGE_CURVE('',#1143,#1145,#1147,.T.);
#1143 = VERTEX_POINT('',#1144);
#1144 = CARTESIAN_POINT('',(115.5,54.5,0.));
#1145 = VERTEX_POINT('',#1146);
#1146 = CARTESIAN_POINT('',(120.5,54.5,0.));
#1147 = CIRCLE('',#1148,2.5);
#1148 = AXIS2_PLACEMENT_3D('',#1149,#1150,#1151);
#1149 = CARTESIAN_POINT('',(118.,54.5,0.));
#1150 = DIRECTION('',(0.,0.,-1.));
#1151 = DIRECTION('',(1.,0.,0.));
#1152 = ORIENTED_EDGE('',*,*,#1153,.T.);
#1153 = EDGE_CURVE('',#1143,#1154,#1156,.T.);
#1154 = VERTEX_POINT('',#1155);
#1155 = CARTESIAN_POINT('',(115.5,35.5,0.));
#1156 = LINE('',#1157,#1158);
#1157 = CARTESIAN_POINT('',(115.5,72.75,0.));
#1158 = VECTOR('',#1159,1.);
#1159 = DIRECTION('',(0.,-1.,0.));
#1160 = ORIENTED_EDGE('',*,*,#1161,.F.);
#1161 = EDGE_CURVE('',#1162,#1154,#1164,.T.);
#1162 = VERTEX_POINT('',#1163);
#1163 = CARTESIAN_POINT('',(120.5,35.5,0.));
#1164 = CIRCLE('',#1165,2.5);
#1165 = AXIS2_PLACEMENT_3D('',#1166,#1167,#1168);
#1166 = CARTESIAN_POINT('',(118.,35.5,0.));
#1167 = DIRECTION('',(0.,0.,-1.));
#1168 = DIRECTION('',(1.,0.,0.));
#1169 = ORIENTED_EDGE('',*,*,#1170,.F.);
#1170 = EDGE_CURVE('',#1145,#1162,#1171,.T.);
#1171 = LINE('',#1172,#1173);
#1172 = CARTESIAN_POINT('',(120.5,72.75,0.));
#1173 = VECTOR('',#1174,1.);
#1174 = DIRECTION('',(0.,-1.,0.));
#1175 = FACE_BOUND('',#1176,.T.);
#1176 = EDGE_LOOP('',(#1177,#1188,#1196,#1205));
#1177 = ORIENTED_EDGE('',*,*,#1178,.F.);
#1178 = EDGE_CURVE('',#1179,#1181,#1183,.T.);
#1179 = VERTEX_POINT('',#1180);
#1180 = CARTESIAN_POINT('',(185.5,94.5,0.));
#1181 = VERTEX_POINT('',#1182);
#1182 = CARTESIAN_POINT('',(190.5,94.5,0.));
#1183 = CIRCLE('',#1184,2.5);
#1184 = AXIS2_PLACEMENT_3D('',#1185,#1186,#1187);
#1185 = CARTESIAN_POINT('',(188.,94.5,0.));
#1186 = DIRECTION('',(0.,0.,-1.));
#1187 = DIRECTION('',(1.,0.,0.));
#1188 = ORIENTED_EDGE('',*,*,#1189,.T.);
#1189 = EDGE_CURVE('',#1179,#1190,#1192,.T.);
#1190 = VERTEX_POINT('',#1191);
#1191 = CARTESIAN_POINT('',(185.5,75.5,0.));
#1192 = LINE('',#1193,#1194);
#1193 = CARTESIAN_POINT('',(185.5,92.75,0.));
#1194 = VECTOR('',#1195,1.);
#1195 = DIRECTION('',(0.,-1.,0.));
#1196 = ORIENTED_EDGE('',*,*,#1197,.F.);
#1197 = EDGE_CURVE('',#1198,#1190,#1200,.T.);
#1198 = VERTEX_POINT('',#1199);
#1199 = CARTESIAN_POINT('',(190.5,75.5,0.));
#1200 = CIRCLE('',#1201,2.5);
#1201 = AXIS2_PLACEMENT_3D('',#1202,#1203,#1204);
#1202 = CARTESIAN_POINT('',(188.,75.5,0.));
#1203 = DIRECTION('',(0.,0.,-1.));
#1204 = DIRECTION('',(1.,0.,0.));
#1205 = ORIENTED_EDGE('',*,*,#1206,.F.);
#1206 = EDGE_CURVE('',#1181,#1198,#1207,.T.);
#1207 = LINE('',#1208,#1209);
#1208 = CARTESIAN_POINT('',(190.5,92.75,0.));
#1209 = VECTOR('',#1210,1.);
#1210 = DIRECTION('',(0.,-1.,0.));
#1211 = FACE_BOUND('',#1212,.T.);
#1212 = EDGE_LOOP('',(#1213,#1224,#1232,#1241));
#1213 = ORIENTED_EDGE('',*,*,#1214,.F.);
#1214 = EDGE_CURVE('',#1215,#1217,#1219,.T.);
#1215 = VERTEX_POINT('',#1216);
#1216 = CARTESIAN_POINT('',(127.5,94.5,0.));
#1217 = VERTEX_POINT('',#1218);
#1218 = CARTESIAN_POINT('',(132.5,94.5,0.));
#1219 = CIRCLE('',#1220,2.5);
#1220 = AXIS2_PLACEMENT_3D('',#1221,#1222,#1223);
#1221 = CARTESIAN_POINT('',(130.,94.5,0.));
#1222 = DIRECTION('',(0.,0.,-1.));
#1223 = DIRECTION('',(1.,0.,0.));
#1224 = ORIENTED_EDGE('',*,*,#1225,.T.);
#1225 = EDGE_CURVE('',#1215,#1226,#1228,.T.);
#1226 = VERTEX_POINT('',#1227);
#1227 = CARTESIAN_POINT('',(127.5,75.5,0.));
#1228 = LINE('',#1229,#1230);
#1229 = CARTESIAN_POINT('',(127.5,92.75,0.));
#1230 = VECTOR('',#1231,1.);
#1231 = DIRECTION('',(0.,-1.,0.));
#1232 = ORIENTED_EDGE('',*,*,#1233,.F.);
#1233 = EDGE_CURVE('',#1234,#1226,#1236,.T.);
#1234 = VERTEX_POINT('',#1235);
#1235 = CARTESIAN_POINT('',(132.5,75.5,0.));
#1236 = CIRCLE('',#1237,2.5);
#1237 = AXIS2_PLACEMENT_3D('',#1238,#1239,#1240);
#1238 = CARTESIAN_POINT('',(130.,75.5,0.));
#1239 = DIRECTION('',(0.,0.,-1.));
#1240 = DIRECTION('',(1.,0.,0.));
#1241 = ORIENTED_EDGE('',*,*,#1242,.F.);
#1242 = EDGE_CURVE('',#1217,#1234,#1243,.T.);
#1243 = LINE('',#1244,#1245);
#1244 = CARTESIAN_POINT('',(132.5,92.75,0.));
#1245 = VECTOR('',#1246,1.);
#1246 = DIRECTION('',(0.,-1.,0.));
#1247 = FACE_BOUND('',#1248,.T.);
#1248 = EDGE_LOOP('',(#1249,#1260,#1268,#1277));
#1249 = ORIENTED_EDGE('',*,*,#1250,.F.);
#1250 = EDGE_CURVE('',#1251,#1253,#1255,.T.);
#1251 = VERTEX_POINT('',#1252);
#1252 = CARTESIAN_POINT('',(115.5,94.5,0.));
#1253 = VERTEX_POINT('',#1254);
#1254 = CARTESIAN_POINT('',(120.5,94.5,0.));
#1255 = CIRCLE('',#1256,2.5);
#1256 = AXIS2_PLACEMENT_3D('',#1257,#1258,#1259);
#1257 = CARTESIAN_POINT('',(118.,94.5,0.));
#1258 = DIRECTION('',(0.,0.,-1.));
#1259 = DIRECTION('',(1.,0.,0.));
#1260 = ORIENTED_EDGE('',*,*,#1261,.T.);
#1261 = EDGE_CURVE('',#1251,#1262,#1264,.T.);
#1262 = VERTEX_POINT('',#1263);
#1263 = CARTESIAN_POINT('',(115.5,75.5,0.));
#1264 = LINE('',#1265,#1266);
#1265 = CARTESIAN_POINT('',(115.5,92.75,0.));
#1266 = VECTOR('',#1267,1.);
#1267 = DIRECTION('',(0.,-1.,0.));
#1268 = ORIENTED_EDGE('',*,*,#1269,.F.);
#1269 = EDGE_CURVE('',#1270,#1262,#1272,.T.);
#1270 = VERTEX_POINT('',#1271);
#1271 = CARTESIAN_POINT('',(120.5,75.5,0.));
#1272 = CIRCLE('',#1273,2.5);
#1273 = AXIS2_PLACEMENT_3D('',#1274,#1275,#1276);
#1274 = CARTESIAN_POINT('',(118.,75.5,0.));
#1275 = DIRECTION('',(0.,0.,-1.));
#1276 = DIRECTION('',(1.,0.,0.));
#1277 = ORIENTED_EDGE('',*,*,#1278,.F.);
#1278 = EDGE_CURVE('',#1253,#1270,#1279,.T.);
#1279 = LINE('',#1280,#1281);
#1280 = CARTESIAN_POINT('',(120.5,92.75,0.));
#1281 = VECTOR('',#1282,1.);
#1282 = DIRECTION('',(0.,-1.,0.));
#1283 = FACE_BOUND('',#1284,.T.);
#1284 = EDGE_LOOP('',(#1285,#1296,#1304,#1313));
#1285 = ORIENTED_EDGE('',*,*,#1286,.F.);
#1286 = EDGE_CURVE('',#1287,#1289,#1291,.T.);
#1287 = VERTEX_POINT('',#1288);
#1288 = CARTESIAN_POINT('',(75.,56.,0.));
#1289 = VERTEX_POINT('',#1290);
#1290 = CARTESIAN_POINT('',(81.,56.,0.));
#1291 = CIRCLE('',#1292,3.);
#1292 = AXIS2_PLACEMENT_3D('',#1293,#1294,#1295);
#1293 = CARTESIAN_POINT('',(78.,56.,0.));
#1294 = DIRECTION('',(0.,0.,-1.));
#1295 = DIRECTION('',(1.,0.,0.));
#1296 = ORIENTED_EDGE('',*,*,#1297,.T.);
#1297 = EDGE_CURVE('',#1287,#1298,#1300,.T.);
#1298 = VERTEX_POINT('',#1299);
#1299 = CARTESIAN_POINT('',(75.,34.,0.));
#1300 = LINE('',#1301,#1302);
#1301 = CARTESIAN_POINT('',(75.,72.,0.));
#1302 = VECTOR('',#1303,1.);
#1303 = DIRECTION('',(0.,-1.,0.));
#1304 = ORIENTED_EDGE('',*,*,#1305,.F.);
#1305 = EDGE_CURVE('',#1306,#1298,#1308,.T.);
#1306 = VERTEX_POINT('',#1307);
#1307 = CARTESIAN_POINT('',(81.,34.,0.));
#1308 = CIRCLE('',#1309,3.);
#1309 = AXIS2_PLACEMENT_3D('',#1310,#1311,#1312);
#1310 = CARTESIAN_POINT('',(78.,34.,0.));
#1311 = DIRECTION('',(0.,0.,-1.));
#1312 = DIRECTION('',(1.,0.,0.));
#1313 = ORIENTED_EDGE('',*,*,#1314,.F.);
#1314 = EDGE_CURVE('',#1289,#1306,#1315,.T.);
#1315 = LINE('',#1316,#1317);
#1316 = CARTESIAN_POINT('',(81.,72.,0.));
#1317 = VECTOR('',#1318,1.);
#1318 = DIRECTION('',(0.,-1.,0.));
#1319 = FACE_BOUND('',#1320,.T.);
#1320 = EDGE_LOOP('',(#1321,#1332,#1340,#1349));
#1321 = ORIENTED_EDGE('',*,*,#1322,.F.);
#1322 = EDGE_CURVE('',#1323,#1325,#1327,.T.);
#1323 = VERTEX_POINT('',#1324);
#1324 = CARTESIAN_POINT('',(57.,56.,0.));
#1325 = VERTEX_POINT('',#1326);
#1326 = CARTESIAN_POINT('',(63.,56.,0.));
#1327 = CIRCLE('',#1328,3.);
#1328 = AXIS2_PLACEMENT_3D('',#1329,#1330,#1331);
#1329 = CARTESIAN_POINT('',(60.,56.,0.));
#1330 = DIRECTION('',(0.,0.,-1.));
#1331 = DIRECTION('',(1.,0.,0.));
#1332 = ORIENTED_EDGE('',*,*,#1333,.T.);
#1333 = EDGE_CURVE('',#1323,#1334,#1336,.T.);
#1334 = VERTEX_POINT('',#1335);
#1335 = CARTESIAN_POINT('',(57.,34.,0.));
#1336 = LINE('',#1337,#1338);
#1337 = CARTESIAN_POINT('',(57.,72.,0.));
#1338 = VECTOR('',#1339,1.);
#1339 = DIRECTION('',(0.,-1.,0.));
#1340 = ORIENTED_EDGE('',*,*,#1341,.F.);
#1341 = EDGE_CURVE('',#1342,#1334,#1344,.T.);
#1342 = VERTEX_POINT('',#1343);
#1343 = CARTESIAN_POINT('',(63.,34.,0.));
#1344 = CIRCLE('',#1345,3.);
#1345 = AXIS2_PLACEMENT_3D('',#1346,#1347,#1348);
#1346 = CARTESIAN_POINT('',(60.,34.,0.));
#1347 = DIRECTION('',(0.,0.,-1.));
#1348 = DIRECTION('',(1.,0.,0.));
#1349 = ORIENTED_EDGE('',*,*,#1350,.F.);
#1350 = EDGE_CURVE('',#1325,#1342,#1351,.T.);
#1351 = LINE('',#1352,#1353);
#1352 = CARTESIAN_POINT('',(63.,72.,0.));
#1353 = VECTOR('',#1354,1.);
#1354 = DIRECTION('',(0.,-1.,0.));
#1355 = FACE_BOUND('',#1356,.T.);
#1356 = EDGE_LOOP('',(#1357,#1368,#1376,#1385));
#1357 = ORIENTED_EDGE('',*,*,#1358,.F.);
#1358 = EDGE_CURVE('',#1359,#1361,#1363,.T.);
#1359 = VERTEX_POINT('',#1360);
#1360 = CARTESIAN_POINT('',(39.,56.,0.));
#1361 = VERTEX_POINT('',#1362);
#1362 = CARTESIAN_POINT('',(45.,56.,0.));
#1363 = CIRCLE('',#1364,3.);
#1364 = AXIS2_PLACEMENT_3D('',#1365,#1366,#1367);
#1365 = CARTESIAN_POINT('',(42.,56.,0.));
#1366 = DIRECTION('',(0.,0.,-1.));
#1367 = DIRECTION('',(1.,0.,0.));
#1368 = ORIENTED_EDGE('',*,*,#1369,.T.);
#1369 = EDGE_CURVE('',#1359,#1370,#1372,.T.);
#1370 = VERTEX_POINT('',#1371);
#1371 = CARTESIAN_POINT('',(39.,34.,0.));
#1372 = LINE('',#1373,#1374);
#1373 = CARTESIAN_POINT('',(39.,72.,0.));
#1374 = VECTOR('',#1375,1.);
#1375 = DIRECTION('',(0.,-1.,0.));
#1376 = ORIENTED_EDGE('',*,*,#1377,.F.);
#1377 = EDGE_CURVE('',#1378,#1370,#1380,.T.);
#1378 = VERTEX_POINT('',#1379);
#1379 = CARTESIAN_POINT('',(45.,34.,0.));
#1380 = CIRCLE('',#1381,3.);
#1381 = AXIS2_PLACEMENT_3D('',#1382,#1383,#1384);
#1382 = CARTESIAN_POINT('',(42.,34.,0.));
#1383 = DIRECTION('',(0.,0.,-1.));
#1384 = DIRECTION('',(1.,0.,0.));
#1385 = ORIENTED_EDGE('',*,*,#1386,.F.);
#1386 = EDGE_CURVE('',#1361,#1378,#1387,.T.);
#1387 = LINE('',#1388,#1389);
#1388 = CARTESIAN_POINT('',(45.,72.,0.));
#1389 = VECTOR('',#1390,1.);
#1390 = DIRECTION('',(0.,-1.,0.));
#1391 = FACE_BOUND('',#1392,.T.);
#1392 = EDGE_LOOP('',(#1393,#1404,#1412,#1421));
#1393 = ORIENTED_EDGE('',*,*,#1394,.F.);
#1394 = EDGE_CURVE('',#1395,#1397,#1399,.T.);
#1395 = VERTEX_POINT('',#1396);
#1396 = CARTESIAN_POINT('',(9.5,54.5,0.));
#1397 = VERTEX_POINT('',#1398);
#1398 = CARTESIAN_POINT('',(14.5,54.5,0.));
#1399 = CIRCLE('',#1400,2.5);
#1400 = AXIS2_PLACEMENT_3D('',#1401,#1402,#1403);
#1401 = CARTESIAN_POINT('',(12.,54.5,0.));
#1402 = DIRECTION('',(0.,0.,-1.));
#1403 = DIRECTION('',(1.,0.,0.));
#1404 = ORIENTED_EDGE('',*,*,#1405,.T.);
#1405 = EDGE_CURVE('',#1395,#1406,#1408,.T.);
#1406 = VERTEX_POINT('',#1407);
#1407 = CARTESIAN_POINT('',(9.5,35.5,0.));
#1408 = LINE('',#1409,#1410);
#1409 = CARTESIAN_POINT('',(9.5,72.75,0.));
#1410 = VECTOR('',#1411,1.);
#1411 = DIRECTION('',(0.,-1.,0.));
#1412 = ORIENTED_EDGE('',*,*,#1413,.F.);
#1413 = EDGE_CURVE('',#1414,#1406,#1416,.T.);
#1414 = VERTEX_POINT('',#1415);
#1415 = CARTESIAN_POINT('',(14.5,35.5,0.));
#1416 = CIRCLE('',#1417,2.5);
#1417 = AXIS2_PLACEMENT_3D('',#1418,#1419,#1420);
#1418 = CARTESIAN_POINT('',(12.,35.5,0.));
#1419 = DIRECTION('',(0.,0.,-1.));
#1420 = DIRECTION('',(1.,0.,0.));
#1421 = ORIENTED_EDGE('',*,*,#1422,.F.);
#1422 = EDGE_CURVE('',#1397,#1414,#1423,.T.);
#1423 = LINE('',#1424,#1425);
#1424 = CARTESIAN_POINT('',(14.5,72.75,0.));
#1425 = VECTOR('',#1426,1.);
#1426 = DIRECTION('',(0.,-1.,0.));
#1427 = FACE_BOUND('',#1428,.T.);
#1428 = EDGE_LOOP('',(#1429));
#1429 = ORIENTED_EDGE('',*,*,#1430,.F.);
#1430 = EDGE_CURVE('',#1431,#1431,#1433,.T.);
#1431 = VERTEX_POINT('',#1432);
#1432 = CARTESIAN_POINT('',(34.3,55.,0.));
#1433 = CIRCLE('',#1434,2.3);
#1434 = AXIS2_PLACEMENT_3D('',#1435,#1436,#1437);
#1435 = CARTESIAN_POINT('',(32.,55.,0.));
#1436 = DIRECTION('',(0.,0.,-1.));
#1437 = DIRECTION('',(1.,0.,0.));
#1438 = FACE_BOUND('',#1439,.T.);
#1439 = EDGE_LOOP('',(#1440,#1451,#1459,#1468));
#1440 = ORIENTED_EDGE('',*,*,#1441,.F.);
#1441 = EDGE_CURVE('',#1442,#1444,#1446,.T.);
#1442 = VERTEX_POINT('',#1443);
#1443 = CARTESIAN_POINT('',(75.,96.,0.));
#1444 = VERTEX_POINT('',#1445);
#1445 = CARTESIAN_POINT('',(81.,96.,0.));
#1446 = CIRCLE('',#1447,3.);
#1447 = AXIS2_PLACEMENT_3D('',#1448,#1449,#1450);
#1448 = CARTESIAN_POINT('',(78.,96.,0.));
#1449 = DIRECTION('',(0.,0.,-1.));
#1450 = DIRECTION('',(1.,0.,0.));
#1451 = ORIENTED_EDGE('',*,*,#1452,.T.);
#1452 = EDGE_CURVE('',#1442,#1453,#1455,.T.);
#1453 = VERTEX_POINT('',#1454);
#1454 = CARTESIAN_POINT('',(75.,74.,0.));
#1455 = LINE('',#1456,#1457);
#1456 = CARTESIAN_POINT('',(75.,92.,0.));
#1457 = VECTOR('',#1458,1.);
#1458 = DIRECTION('',(0.,-1.,0.));
#1459 = ORIENTED_EDGE('',*,*,#1460,.F.);
#1460 = EDGE_CURVE('',#1461,#1453,#1463,.T.);
#1461 = VERTEX_POINT('',#1462);
#1462 = CARTESIAN_POINT('',(81.,74.,0.));
#1463 = CIRCLE('',#1464,3.);
#1464 = AXIS2_PLACEMENT_3D('',#1465,#1466,#1467);
#1465 = CARTESIAN_POINT('',(78.,74.,0.));
#1466 = DIRECTION('',(0.,0.,-1.));
#1467 = DIRECTION('',(1.,0.,0.));
#1468 = ORIENTED_EDGE('',*,*,#1469,.F.);
#1469 = EDGE_CURVE('',#1444,#1461,#1470,.T.);
#1470 = LINE('',#1471,#1472);
#1471 = CARTESIAN_POINT('',(81.,92.,0.));
#1472 = VECTOR('',#1473,1.);
#1473 = DIRECTION('',(0.,-1.,0.));
#1474 = FACE_BOUND('',#1475,.T.);
#1475 = EDGE_LOOP('',(#1476,#1487,#1495,#1504));
#1476 = ORIENTED_EDGE('',*,*,#1477,.F.);
#1477 = EDGE_CURVE('',#1478,#1480,#1482,.T.);
#1478 = VERTEX_POINT('',#1479);
#1479 = CARTESIAN_POINT('',(57.,96.,0.));
#1480 = VERTEX_POINT('',#1481);
#1481 = CARTESIAN_POINT('',(63.,96.,0.));
#1482 = CIRCLE('',#1483,3.);
#1483 = AXIS2_PLACEMENT_3D('',#1484,#1485,#1486);
#1484 = CARTESIAN_POINT('',(60.,96.,0.));
#1485 = DIRECTION('',(0.,0.,-1.));
#1486 = DIRECTION('',(1.,0.,0.));
#1487 = ORIENTED_EDGE('',*,*,#1488,.T.);
#1488 = EDGE_CURVE('',#1478,#1489,#1491,.T.);
#1489 = VERTEX_POINT('',#1490);
#1490 = CARTESIAN_POINT('',(57.,74.,0.));
#1491 = LINE('',#1492,#1493);
#1492 = CARTESIAN_POINT('',(57.,92.,0.));
#1493 = VECTOR('',#1494,1.);
#1494 = DIRECTION('',(0.,-1.,0.));
#1495 = ORIENTED_EDGE('',*,*,#1496,.F.);
#1496 = EDGE_CURVE('',#1497,#1489,#1499,.T.);
#1497 = VERTEX_POINT('',#1498);
#1498 = CARTESIAN_POINT('',(63.,74.,0.));
#1499 = CIRCLE('',#1500,3.);
#1500 = AXIS2_PLACEMENT_3D('',#1501,#1502,#1503);
#1501 = CARTESIAN_POINT('',(60.,74.,0.));
#1502 = DIRECTION('',(0.,0.,-1.));
#1503 = DIRECTION('',(1.,0.,0.));
#1504 = ORIENTED_EDGE('',*,*,#1505,.F.);
#1505 = EDGE_CURVE('',#1480,#1497,#1506,.T.);
#1506 = LINE('',#1507,#1508);
#1507 = CARTESIAN_POINT('',(63.,92.,0.));
#1508 = VECTOR('',#1509,1.);
#1509 = DIRECTION('',(0.,-1.,0.));
#1510 = FACE_BOUND('',#1511,.T.);
#1511 = EDGE_LOOP('',(#1512,#1523,#1531,#1540));
#1512 = ORIENTED_EDGE('',*,*,#1513,.F.);
#1513 = EDGE_CURVE('',#1514,#1516,#1518,.T.);
#1514 = VERTEX_POINT('',#1515);
#1515 = CARTESIAN_POINT('',(39.,96.,0.));
#1516 = VERTEX_POINT('',#1517);
#1517 = CARTESIAN_POINT('',(45.,96.,0.));
#1518 = CIRCLE('',#1519,3.);
#1519 = AXIS2_PLACEMENT_3D('',#1520,#1521,#1522);
#1520 = CARTESIAN_POINT('',(42.,96.,0.));
#1521 = DIRECTION('',(0.,0.,-1.));
#1522 = DIRECTION('',(1.,0.,0.));
#1523 = ORIENTED_EDGE('',*,*,#1524,.T.);
#1524 = EDGE_CURVE('',#1514,#1525,#1527,.T.);
#1525 = VERTEX_POINT('',#1526);
#1526 = CARTESIAN_POINT('',(39.,74.,0.));
#1527 = LINE('',#1528,#1529);
#1528 = CARTESIAN_POINT('',(39.,92.,0.));
#1529 = VECTOR('',#1530,1.);
#1530 = DIRECTION('',(0.,-1.,0.));
#1531 = ORIENTED_EDGE('',*,*,#1532,.F.);
#1532 = EDGE_CURVE('',#1533,#1525,#1535,.T.);
#1533 = VERTEX_POINT('',#1534);
#1534 = CARTESIAN_POINT('',(45.,74.,0.));
#1535 = CIRCLE('',#1536,3.);
#1536 = AXIS2_PLACEMENT_3D('',#1537,#1538,#1539);
#1537 = CARTESIAN_POINT('',(42.,74.,0.));
#1538 = DIRECTION('',(0.,0.,-1.));
#1539 = DIRECTION('',(1.,0.,0.));
#1540 = ORIENTED_EDGE('',*,*,#1541,.F.);
#1541 = EDGE_CURVE('',#1516,#1533,#1542,.T.);
#1542 = LINE('',#1543,#1544);
#1543 = CARTESIAN_POINT('',(45.,92.,0.));
#1544 = VECTOR('',#1545,1.);
#1545 = DIRECTION('',(0.,-1.,0.));
#1546 = FACE_BOUND('',#1547,.T.);
#1547 = EDGE_LOOP('',(#1548,#1559,#1567,#1576));
#1548 = ORIENTED_EDGE('',*,*,#1549,.F.);
#1549 = EDGE_CURVE('',#1550,#1552,#1554,.T.);
#1550 = VERTEX_POINT('',#1551);
#1551 = CARTESIAN_POINT('',(9.5,94.5,0.));
#1552 = VERTEX_POINT('',#1553);
#1553 = CARTESIAN_POINT('',(14.5,94.5,0.));
#1554 = CIRCLE('',#1555,2.5);
#1555 = AXIS2_PLACEMENT_3D('',#1556,#1557,#1558);
#1556 = CARTESIAN_POINT('',(12.,94.5,0.));
#1557 = DIRECTION('',(0.,0.,-1.));
#1558 = DIRECTION('',(1.,0.,0.));
#1559 = ORIENTED_EDGE('',*,*,#1560,.T.);
#1560 = EDGE_CURVE('',#1550,#1561,#1563,.T.);
#1561 = VERTEX_POINT('',#1562);
#1562 = CARTESIAN_POINT('',(9.5,75.5,0.));
#1563 = LINE('',#1564,#1565);
#1564 = CARTESIAN_POINT('',(9.5,92.75,0.));
#1565 = VECTOR('',#1566,1.);
#1566 = DIRECTION('',(0.,-1.,0.));
#1567 = ORIENTED_EDGE('',*,*,#1568,.F.);
#1568 = EDGE_CURVE('',#1569,#1561,#1571,.T.);
#1569 = VERTEX_POINT('',#1570);
#1570 = CARTESIAN_POINT('',(14.5,75.5,0.));
#1571 = CIRCLE('',#1572,2.5);
#1572 = AXIS2_PLACEMENT_3D('',#1573,#1574,#1575);
#1573 = CARTESIAN_POINT('',(12.,75.5,0.));
#1574 = DIRECTION('',(0.,0.,-1.));
#1575 = DIRECTION('',(1.,0.,0.));
#1576 = ORIENTED_EDGE('',*,*,#1577,.F.);
#1577 = EDGE_CURVE('',#1552,#1569,#1578,.T.);
#1578 = LINE('',#1579,#1580);
#1579 = CARTESIAN_POINT('',(14.5,92.75,0.));
#1580 = VECTOR('',#1581,1.);
#1581 = DIRECTION('',(0.,-1.,0.));
#1582 = FACE_BOUND('',#1583,.T.);
#1583 = EDGE_LOOP('',(#1584,#1595,#1603,#1612));
#1584 = ORIENTED_EDGE('',*,*,#1585,.F.);
#1585 = EDGE_CURVE('',#1586,#1588,#1590,.T.);
#1586 = VERTEX_POINT('',#1587);
#1587 = CARTESIAN_POINT('',(185.5,164.5,0.));
#1588 = VERTEX_POINT('',#1589);
#1589 = CARTESIAN_POINT('',(190.5,164.5,0.));
#1590 = CIRCLE('',#1591,2.5);
#1591 = AXIS2_PLACEMENT_3D('',#1592,#1593,#1594);
#1592 = CARTESIAN_POINT('',(188.,164.5,0.));
#1593 = DIRECTION('',(0.,0.,-1.));
#1594 = DIRECTION('',(1.,0.,0.));
#1595 = ORIENTED_EDGE('',*,*,#1596,.T.);
#1596 = EDGE_CURVE('',#1586,#1597,#1599,.T.);
#1597 = VERTEX_POINT('',#1598);
#1598 = CARTESIAN_POINT('',(185.5,145.5,0.));
#1599 = LINE('',#1600,#1601);
#1600 = CARTESIAN_POINT('',(185.5,127.75,0.));
#1601 = VECTOR('',#1602,1.);
#1602 = DIRECTION('',(0.,-1.,0.));
#1603 = ORIENTED_EDGE('',*,*,#1604,.F.);
#1604 = EDGE_CURVE('',#1605,#1597,#1607,.T.);
#1605 = VERTEX_POINT('',#1606);
#1606 = CARTESIAN_POINT('',(190.5,145.5,0.));
#1607 = CIRCLE('',#1608,2.5);
#1608 = AXIS2_PLACEMENT_3D('',#1609,#1610,#1611);
#1609 = CARTESIAN_POINT('',(188.,145.5,0.));
#1610 = DIRECTION('',(0.,0.,-1.));
#1611 = DIRECTION('',(1.,0.,0.));
#1612 = ORIENTED_EDGE('',*,*,#1613,.F.);
#1613 = EDGE_CURVE('',#1588,#1605,#1614,.T.);
#1614 = LINE('',#1615,#1616);
#1615 = CARTESIAN_POINT('',(190.5,127.75,0.));
#1616 = VECTOR('',#1617,1.);
#1617 = DIRECTION('',(0.,-1.,0.));
#1618 = FACE_BOUND('',#1619,.T.);
#1619 = EDGE_LOOP('',(#1620,#1631,#1639,#1648));
#1620 = ORIENTED_EDGE('',*,*,#1621,.F.);
#1621 = EDGE_CURVE('',#1622,#1624,#1626,.T.);
#1622 = VERTEX_POINT('',#1623);
#1623 = CARTESIAN_POINT('',(127.5,164.5,0.));
#1624 = VERTEX_POINT('',#1625);
#1625 = CARTESIAN_POINT('',(132.5,164.5,0.));
#1626 = CIRCLE('',#1627,2.5);
#1627 = AXIS2_PLACEMENT_3D('',#1628,#1629,#1630);
#1628 = CARTESIAN_POINT('',(130.,164.5,0.));
#1629 = DIRECTION('',(0.,0.,-1.));
#1630 = DIRECTION('',(1.,0.,0.));
#1631 = ORIENTED_EDGE('',*,*,#1632,.T.);
#1632 = EDGE_CURVE('',#1622,#1633,#1635,.T.);
#1633 = VERTEX_POINT('',#1634);
#1634 = CARTESIAN_POINT('',(127.5,145.5,0.));
#1635 = LINE('',#1636,#1637);
#1636 = CARTESIAN_POINT('',(127.5,127.75,0.));
#1637 = VECTOR('',#1638,1.);
#1638 = DIRECTION('',(0.,-1.,0.));
#1639 = ORIENTED_EDGE('',*,*,#1640,.F.);
#1640 = EDGE_CURVE('',#1641,#1633,#1643,.T.);
#1641 = VERTEX_POINT('',#1642);
#1642 = CARTESIAN_POINT('',(132.5,145.5,0.));
#1643 = CIRCLE('',#1644,2.5);
#1644 = AXIS2_PLACEMENT_3D('',#1645,#1646,#1647);
#1645 = CARTESIAN_POINT('',(130.,145.5,0.));
#1646 = DIRECTION('',(0.,0.,-1.));
#1647 = DIRECTION('',(1.,0.,0.));
#1648 = ORIENTED_EDGE('',*,*,#1649,.F.);
#1649 = EDGE_CURVE('',#1624,#1641,#1650,.T.);
#1650 = LINE('',#1651,#1652);
#1651 = CARTESIAN_POINT('',(132.5,127.75,0.));
#1652 = VECTOR('',#1653,1.);
#1653 = DIRECTION('',(0.,-1.,0.));
#1654 = FACE_BOUND('',#1655,.T.);
#1655 = EDGE_LOOP('',(#1656,#1667,#1675,#1684));
#1656 = ORIENTED_EDGE('',*,*,#1657,.F.);
#1657 = EDGE_CURVE('',#1658,#1660,#1662,.T.);
#1658 = VERTEX_POINT('',#1659);
#1659 = CARTESIAN_POINT('',(115.5,164.5,0.));
#1660 = VERTEX_POINT('',#1661);
#1661 = CARTESIAN_POINT('',(120.5,164.5,0.));
#1662 = CIRCLE('',#1663,2.5);
#1663 = AXIS2_PLACEMENT_3D('',#1664,#1665,#1666);
#1664 = CARTESIAN_POINT('',(118.,164.5,0.));
#1665 = DIRECTION('',(0.,0.,-1.));
#1666 = DIRECTION('',(1.,0.,0.));
#1667 = ORIENTED_EDGE('',*,*,#1668,.T.);
#1668 = EDGE_CURVE('',#1658,#1669,#1671,.T.);
#1669 = VERTEX_POINT('',#1670);
#1670 = CARTESIAN_POINT('',(115.5,145.5,0.));
#1671 = LINE('',#1672,#1673);
#1672 = CARTESIAN_POINT('',(115.5,127.75,0.));
#1673 = VECTOR('',#1674,1.);
#1674 = DIRECTION('',(0.,-1.,0.));
#1675 = ORIENTED_EDGE('',*,*,#1676,.F.);
#1676 = EDGE_CURVE('',#1677,#1669,#1679,.T.);
#1677 = VERTEX_POINT('',#1678);
#1678 = CARTESIAN_POINT('',(120.5,145.5,0.));
#1679 = CIRCLE('',#1680,2.5);
#1680 = AXIS2_PLACEMENT_3D('',#1681,#1682,#1683);
#1681 = CARTESIAN_POINT('',(118.,145.5,0.));
#1682 = DIRECTION('',(0.,0.,-1.));
#1683 = DIRECTION('',(1.,0.,0.));
#1684 = ORIENTED_EDGE('',*,*,#1685,.F.);
#1685 = EDGE_CURVE('',#1660,#1677,#1686,.T.);
#1686 = LINE('',#1687,#1688);
#1687 = CARTESIAN_POINT('',(120.5,127.75,0.));
#1688 = VECTOR('',#1689,1.);
#1689 = DIRECTION('',(0.,-1.,0.));
#1690 = FACE_BOUND('',#1691,.T.);
#1691 = EDGE_LOOP('',(#1692));
#1692 = ORIENTED_EDGE('',*,*,#1693,.F.);
#1693 = EDGE_CURVE('',#1694,#1694,#1696,.T.);
#1694 = VERTEX_POINT('',#1695);
#1695 = CARTESIAN_POINT('',(170.3,165.,0.));
#1696 = CIRCLE('',#1697,2.3);
#1697 = AXIS2_PLACEMENT_3D('',#1698,#1699,#1700);
#1698 = CARTESIAN_POINT('',(168.,165.,0.));
#1699 = DIRECTION('',(0.,0.,-1.));
#1700 = DIRECTION('',(1.,0.,0.));
#1701 = FACE_BOUND('',#1702,.T.);
#1702 = EDGE_LOOP('',(#1703,#1714,#1722,#1731));
#1703 = ORIENTED_EDGE('',*,*,#1704,.F.);
#1704 = EDGE_CURVE('',#1705,#1707,#1709,.T.);
#1705 = VERTEX_POINT('',#1706);
#1706 = CARTESIAN_POINT('',(185.5,204.5,0.));
#1707 = VERTEX_POINT('',#1708);
#1708 = CARTESIAN_POINT('',(190.5,204.5,0.));
#1709 = CIRCLE('',#1710,2.5);
#1710 = AXIS2_PLACEMENT_3D('',#1711,#1712,#1713);
#1711 = CARTESIAN_POINT('',(188.,204.5,0.));
#1712 = DIRECTION('',(0.,0.,-1.));
#1713 = DIRECTION('',(1.,0.,0.));
#1714 = ORIENTED_EDGE('',*,*,#1715,.T.);
#1715 = EDGE_CURVE('',#1705,#1716,#1718,.T.);
#1716 = VERTEX_POINT('',#1717);
#1717 = CARTESIAN_POINT('',(185.5,185.5,0.));
#1718 = LINE('',#1719,#1720);
#1719 = CARTESIAN_POINT('',(185.5,147.75,0.));
#1720 = VECTOR('',#1721,1.);
#1721 = DIRECTION('',(0.,-1.,0.));
#1722 = ORIENTED_EDGE('',*,*,#1723,.F.);
#1723 = EDGE_CURVE('',#1724,#1716,#1726,.T.);
#1724 = VERTEX_POINT('',#1725);
#1725 = CARTESIAN_POINT('',(190.5,185.5,0.));
#1726 = CIRCLE('',#1727,2.5);
#1727 = AXIS2_PLACEMENT_3D('',#1728,#1729,#1730);
#1728 = CARTESIAN_POINT('',(188.,185.5,0.));
#1729 = DIRECTION('',(0.,0.,-1.));
#1730 = DIRECTION('',(1.,0.,0.));
#1731 = ORIENTED_EDGE('',*,*,#1732,.F.);
#1732 = EDGE_CURVE('',#1707,#1724,#1733,.T.);
#1733 = LINE('',#1734,#1735);
#1734 = CARTESIAN_POINT('',(190.5,147.75,0.));
#1735 = VECTOR('',#1736,1.);
#1736 = DIRECTION('',(0.,-1.,0.));
#1737 = FACE_BOUND('',#1738,.T.);
#1738 = EDGE_LOOP('',(#1739,#1750,#1758,#1767));
#1739 = ORIENTED_EDGE('',*,*,#1740,.F.);
#1740 = EDGE_CURVE('',#1741,#1743,#1745,.T.);
#1741 = VERTEX_POINT('',#1742);
#1742 = CARTESIAN_POINT('',(127.5,204.5,0.));
#1743 = VERTEX_POINT('',#1744);
#1744 = CARTESIAN_POINT('',(132.5,204.5,0.));
#1745 = CIRCLE('',#1746,2.5);
#1746 = AXIS2_PLACEMENT_3D('',#1747,#1748,#1749);
#1747 = CARTESIAN_POINT('',(130.,204.5,0.));
#1748 = DIRECTION('',(0.,0.,-1.));
#1749 = DIRECTION('',(1.,0.,0.));
#1750 = ORIENTED_EDGE('',*,*,#1751,.T.);
#1751 = EDGE_CURVE('',#1741,#1752,#1754,.T.);
#1752 = VERTEX_POINT('',#1753);
#1753 = CARTESIAN_POINT('',(127.5,185.5,0.));
#1754 = LINE('',#1755,#1756);
#1755 = CARTESIAN_POINT('',(127.5,147.75,0.));
#1756 = VECTOR('',#1757,1.);
#1757 = DIRECTION('',(0.,-1.,0.));
#1758 = ORIENTED_EDGE('',*,*,#1759,.F.);
#1759 = EDGE_CURVE('',#1760,#1752,#1762,.T.);
#1760 = VERTEX_POINT('',#1761);
#1761 = CARTESIAN_POINT('',(132.5,185.5,0.));
#1762 = CIRCLE('',#1763,2.5);
#1763 = AXIS2_PLACEMENT_3D('',#1764,#1765,#1766);
#1764 = CARTESIAN_POINT('',(130.,185.5,0.));
#1765 = DIRECTION('',(0.,0.,-1.));
#1766 = DIRECTION('',(1.,0.,0.));
#1767 = ORIENTED_EDGE('',*,*,#1768,.F.);
#1768 = EDGE_CURVE('',#1743,#1760,#1769,.T.);
#1769 = LINE('',#1770,#1771);
#1770 = CARTESIAN_POINT('',(132.5,147.75,0.));
#1771 = VECTOR('',#1772,1.);
#1772 = DIRECTION('',(0.,-1.,0.));
#1773 = FACE_BOUND('',#1774,.T.);
#1774 = EDGE_LOOP('',(#1775,#1786,#1794,#1803));
#1775 = ORIENTED_EDGE('',*,*,#1776,.F.);
#1776 = EDGE_CURVE('',#1777,#1779,#1781,.T.);
#1777 = VERTEX_POINT('',#1778);
#1778 = CARTESIAN_POINT('',(115.5,204.5,0.));
#1779 = VERTEX_POINT('',#1780);
#1780 = CARTESIAN_POINT('',(120.5,204.5,0.));
#1781 = CIRCLE('',#1782,2.5);
#1782 = AXIS2_PLACEMENT_3D('',#1783,#1784,#1785);
#1783 = CARTESIAN_POINT('',(118.,204.5,0.));
#1784 = DIRECTION('',(0.,0.,-1.));
#1785 = DIRECTION('',(1.,0.,0.));
#1786 = ORIENTED_EDGE('',*,*,#1787,.T.);
#1787 = EDGE_CURVE('',#1777,#1788,#1790,.T.);
#1788 = VERTEX_POINT('',#1789);
#1789 = CARTESIAN_POINT('',(115.5,185.5,0.));
#1790 = LINE('',#1791,#1792);
#1791 = CARTESIAN_POINT('',(115.5,147.75,0.));
#1792 = VECTOR('',#1793,1.);
#1793 = DIRECTION('',(0.,-1.,0.));
#1794 = ORIENTED_EDGE('',*,*,#1795,.F.);
#1795 = EDGE_CURVE('',#1796,#1788,#1798,.T.);
#1796 = VERTEX_POINT('',#1797);
#1797 = CARTESIAN_POINT('',(120.5,185.5,0.));
#1798 = CIRCLE('',#1799,2.5);
#1799 = AXIS2_PLACEMENT_3D('',#1800,#1801,#1802);
#1800 = CARTESIAN_POINT('',(118.,185.5,0.));
#1801 = DIRECTION('',(0.,0.,-1.));
#1802 = DIRECTION('',(1.,0.,0.));
#1803 = ORIENTED_EDGE('',*,*,#1804,.F.);
#1804 = EDGE_CURVE('',#1779,#1796,#1805,.T.);
#1805 = LINE('',#1806,#1807);
#1806 = CARTESIAN_POINT('',(120.5,147.75,0.));
#1807 = VECTOR('',#1808,1.);
#1808 = DIRECTION('',(0.,-1.,0.));
#1809 = FACE_BOUND('',#1810,.T.);
#1810 = EDGE_LOOP('',(#1811,#1822,#1830,#1839));
#1811 = ORIENTED_EDGE('',*,*,#1812,.F.);
#1812 = EDGE_CURVE('',#1813,#1815,#1817,.T.);
#1813 = VERTEX_POINT('',#1814);
#1814 = CARTESIAN_POINT('',(9.5,164.5,0.));
#1815 = VERTEX_POINT('',#1816);
#1816 = CARTESIAN_POINT('',(14.5,164.5,0.));
#1817 = CIRCLE('',#1818,2.5);
#1818 = AXIS2_PLACEMENT_3D('',#1819,#1820,#1821);
#1819 = CARTESIAN_POINT('',(12.,164.5,0.));
#1820 = DIRECTION('',(0.,0.,-1.));
#1821 = DIRECTION('',(1.,0.,0.));
#1822 = ORIENTED_EDGE('',*,*,#1823,.T.);
#1823 = EDGE_CURVE('',#1813,#1824,#1826,.T.);
#1824 = VERTEX_POINT('',#1825);
#1825 = CARTESIAN_POINT('',(9.5,145.5,0.));
#1826 = LINE('',#1827,#1828);
#1827 = CARTESIAN_POINT('',(9.5,127.75,0.));
#1828 = VECTOR('',#1829,1.);
#1829 = DIRECTION('',(0.,-1.,0.));
#1830 = ORIENTED_EDGE('',*,*,#1831,.F.);
#1831 = EDGE_CURVE('',#1832,#1824,#1834,.T.);
#1832 = VERTEX_POINT('',#1833);
#1833 = CARTESIAN_POINT('',(14.5,145.5,0.));
#1834 = CIRCLE('',#1835,2.5);
#1835 = AXIS2_PLACEMENT_3D('',#1836,#1837,#1838);
#1836 = CARTESIAN_POINT('',(12.,145.5,0.));
#1837 = DIRECTION('',(0.,0.,-1.));
#1838 = DIRECTION('',(1.,0.,0.));
#1839 = ORIENTED_EDGE('',*,*,#1840,.F.);
#1840 = EDGE_CURVE('',#1815,#1832,#1841,.T.);
#1841 = LINE('',#1842,#1843);
#1842 = CARTESIAN_POINT('',(14.5,127.75,0.));
#1843 = VECTOR('',#1844,1.);
#1844 = DIRECTION('',(0.,-1.,0.));
#1845 = FACE_BOUND('',#1846,.T.);
#1846 = EDGE_LOOP('',(#1847));
#1847 = ORIENTED_EDGE('',*,*,#1848,.F.);
#1848 = EDGE_CURVE('',#1849,#1849,#1851,.T.);
#1849 = VERTEX_POINT('',#1850);
#1850 = CARTESIAN_POINT('',(34.3,165.,0.));
#1851 = CIRCLE('',#1852,2.3);
#1852 = AXIS2_PLACEMENT_3D('',#1853,#1854,#1855);
#1853 = CARTESIAN_POINT('',(32.,165.,0.));
#1854 = DIRECTION('',(0.,0.,-1.));
#1855 = DIRECTION('',(1.,0.,0.));
#1856 = FACE_BOUND('',#1857,.T.);
#1857 = EDGE_LOOP('',(#1858,#1869,#1877,#1886));
#1858 = ORIENTED_EDGE('',*,*,#1859,.F.);
#1859 = EDGE_CURVE('',#1860,#1862,#1864,.T.);
#1860 = VERTEX_POINT('',#1861);
#1861 = CARTESIAN_POINT('',(9.5,204.5,0.));
#1862 = VERTEX_POINT('',#1863);
#1863 = CARTESIAN_POINT('',(14.5,204.5,0.));
#1864 = CIRCLE('',#1865,2.5);
#1865 = AXIS2_PLACEMENT_3D('',#1866,#1867,#1868);
#1866 = CARTESIAN_POINT('',(12.,204.5,0.));
#1867 = DIRECTION('',(0.,0.,-1.));
#1868 = DIRECTION('',(1.,0.,0.));
#1869 = ORIENTED_EDGE('',*,*,#1870,.T.);
#1870 = EDGE_CURVE('',#1860,#1871,#1873,.T.);
#1871 = VERTEX_POINT('',#1872);
#1872 = CARTESIAN_POINT('',(9.5,185.5,0.));
#1873 = LINE('',#1874,#1875);
#1874 = CARTESIAN_POINT('',(9.5,147.75,0.));
#1875 = VECTOR('',#1876,1.);
#1876 = DIRECTION('',(0.,-1.,0.));
#1877 = ORIENTED_EDGE('',*,*,#1878,.F.);
#1878 = EDGE_CURVE('',#1879,#1871,#1881,.T.);
#1879 = VERTEX_POINT('',#1880);
#1880 = CARTESIAN_POINT('',(14.5,185.5,0.));
#1881 = CIRCLE('',#1882,2.5);
#1882 = AXIS2_PLACEMENT_3D('',#1883,#1884,#1885);
#1883 = CARTESIAN_POINT('',(12.,185.5,0.));
#1884 = DIRECTION('',(0.,0.,-1.));
#1885 = DIRECTION('',(1.,0.,0.));
#1886 = ORIENTED_EDGE('',*,*,#1887,.F.);
#1887 = EDGE_CURVE('',#1862,#1879,#1888,.T.);
#1888 = LINE('',#1889,#1890);
#1889 = CARTESIAN_POINT('',(14.5,147.75,0.));
#1890 = VECTOR('',#1891,1.);
#1891 = DIRECTION('',(0.,-1.,0.));
#1892 = PLANE('',#1893);
#1893 = AXIS2_PLACEMENT_3D('',#1894,#1895,#1896);
#1894 = CARTESIAN_POINT('',(100.,110.,0.));
#1895 = DIRECTION('',(-0.,-0.,-1.));
#1896 = DIRECTION('',(-1.,0.,0.));
#1897 = ADVANCED_FACE('',(#1898),#1909,.T.);
#1898 = FACE_BOUND('',#1899,.F.);
#1899 = EDGE_LOOP('',(#1900,#1906,#1907,#1908));
#1900 = ORIENTED_EDGE('',*,*,#1901,.F.);
#1901 = EDGE_CURVE('',#1042,#97,#1902,.T.);
#1902 = LINE('',#1903,#1904);
#1903 = CARTESIAN_POINT('',(200.,12.,3.552713678801E-15));
#1904 = VECTOR('',#1905,1.);
#1905 = DIRECTION('',(0.,0.,1.));
#1906 = ORIENTED_EDGE('',*,*,#1049,.F.);
#1907 = ORIENTED_EDGE('',*,*,#80,.T.);
#1908 = ORIENTED_EDGE('',*,*,#96,.T.);
#1909 = CYLINDRICAL_SURFACE('',#1910,12.);
#1910 = AXIS2_PLACEMENT_3D('',#1911,#1912,#1913);
#1911 = CARTESIAN_POINT('',(188.,12.,3.552713678801E-15));
#1912 = DIRECTION('',(-0.,-0.,-1.));
#1913 = DIRECTION('',(1.,0.,0.));
#1914 = ADVANCED_FACE('',(#1915),#1926,.T.);
#1915 = FACE_BOUND('',#1916,.F.);
#1916 = EDGE_LOOP('',(#1917,#1918,#1924,#1925));
#1917 = ORIENTED_EDGE('',*,*,#1015,.F.);
#1918 = ORIENTED_EDGE('',*,*,#1919,.T.);
#1919 = EDGE_CURVE('',#1016,#123,#1920,.T.);
#1920 = LINE('',#1921,#1922);
#1921 = CARTESIAN_POINT('',(12.,220.,3.552713678801E-15));
#1922 = VECTOR('',#1923,1.);
#1923 = DIRECTION('',(0.,0.,1.));
#1924 = ORIENTED_EDGE('',*,*,#130,.T.);
#1925 = ORIENTED_EDGE('',*,*,#998,.F.);
#1926 = CYLINDRICAL_SURFACE('',#1927,12.);
#1927 = AXIS2_PLACEMENT_3D('',#1928,#1929,#1930);
#1928 = CARTESIAN_POINT('',(12.,208.,3.552713678801E-15));
#1929 = DIRECTION('',(-0.,-0.,-1.));
#1930 = DIRECTION('',(1.,0.,0.));
#1931 = ADVANCED_FACE('',(#1932),#1943,.T.);
#1932 = FACE_BOUND('',#1933,.T.);
#1933 = EDGE_LOOP('',(#1934,#1935,#1936,#1937));
#1934 = ORIENTED_EDGE('',*,*,#1024,.F.);
#1935 = ORIENTED_EDGE('',*,*,#1919,.T.);
#1936 = ORIENTED_EDGE('',*,*,#122,.T.);
#1937 = ORIENTED_EDGE('',*,*,#1938,.F.);
#1938 = EDGE_CURVE('',#1025,#114,#1939,.T.);
#1939 = LINE('',#1940,#1941);
#1940 = CARTESIAN_POINT('',(188.,220.,3.552713678801E-15));
#1941 = VECTOR('',#1942,1.);
#1942 = DIRECTION('',(0.,0.,1.));
#1943 = PLANE('',#1944);
#1944 = AXIS2_PLACEMENT_3D('',#1945,#1946,#1947);
#1945 = CARTESIAN_POINT('',(12.,220.,3.552713678801E-15));
#1946 = DIRECTION('',(0.,1.,0.));
#1947 = DIRECTION('',(0.,0.,1.));
#1948 = ADVANCED_FACE('',(#1949),#1960,.T.);
#1949 = FACE_BOUND('',#1950,.T.);
#1950 = EDGE_LOOP('',(#1951,#1952,#1953,#1959));
#1951 = ORIENTED_EDGE('',*,*,#1901,.F.);
#1952 = ORIENTED_EDGE('',*,*,#1041,.T.);
#1953 = ORIENTED_EDGE('',*,*,#1954,.T.);
#1954 = EDGE_CURVE('',#1033,#106,#1955,.T.);
#1955 = LINE('',#1956,#1957);
#1956 = CARTESIAN_POINT('',(200.,208.,3.552713678801E-15));
#1957 = VECTOR('',#1958,1.);
#1958 = DIRECTION('',(0.,0.,1.));
#1959 = ORIENTED_EDGE('',*,*,#105,.F.);
#1960 = PLANE('',#1961);
#1961 = AXIS2_PLACEMENT_3D('',#1962,#1963,#1964);
#1962 = CARTESIAN_POINT('',(200.,12.,3.552713678801E-15));
#1963 = DIRECTION('',(1.,0.,0.));
#1964 = DIRECTION('',(0.,0.,1.));
#1965 = ADVANCED_FACE('',(#1966),#1972,.T.);
#1966 = FACE_BOUND('',#1967,.F.);
#1967 = EDGE_LOOP('',(#1968,#1969,#1970,#1971));
#1968 = ORIENTED_EDGE('',*,*,#1032,.F.);
#1969 = ORIENTED_EDGE('',*,*,#1954,.T.);
#1970 = ORIENTED_EDGE('',*,*,#113,.T.);
#1971 = ORIENTED_EDGE('',*,*,#1938,.F.);
#1972 = CYLINDRICAL_SURFACE('',#1973,12.);
#1973 = AXIS2_PLACEMENT_3D('',#1974,#1975,#1976);
#1974 = CARTESIAN_POINT('',(188.,208.,3.552713678801E-15));
#1975 = DIRECTION('',(-0.,-0.,-1.));
#1976 = DIRECTION('',(1.,0.,0.));
#1977 = ADVANCED_FACE('',(#1978),#1994,.F.);
#1978 = FACE_BOUND('',#1979,.T.);
#1979 = EDGE_LOOP('',(#1980,#1986,#1987,#1993));
#1980 = ORIENTED_EDGE('',*,*,#1981,.F.);
#1981 = EDGE_CURVE('',#1414,#148,#1982,.T.);
#1982 = LINE('',#1983,#1984);
#1983 = CARTESIAN_POINT('',(14.5,35.5,-15.));
#1984 = VECTOR('',#1985,1.);
#1985 = DIRECTION('',(0.,0.,1.));
#1986 = ORIENTED_EDGE('',*,*,#1413,.T.);
#1987 = ORIENTED_EDGE('',*,*,#1988,.T.);
#1988 = EDGE_CURVE('',#1406,#150,#1989,.T.);
#1989 = LINE('',#1990,#1991);
#1990 = CARTESIAN_POINT('',(9.5,35.5,-15.));
#1991 = VECTOR('',#1992,1.);
#1992 = DIRECTION('',(0.,0.,1.));
#1993 = ORIENTED_EDGE('',*,*,#147,.F.);
#1994 = CYLINDRICAL_SURFACE('',#1995,2.5);
#1995 = AXIS2_PLACEMENT_3D('',#1996,#1997,#1998);
#1996 = CARTESIAN_POINT('',(12.,35.5,-15.));
#1997 = DIRECTION('',(-0.,-0.,-1.));
#1998 = DIRECTION('',(1.,0.,0.));
#1999 = ADVANCED_FACE('',(#2000),#2011,.F.);
#2000 = FACE_BOUND('',#2001,.F.);
#2001 = EDGE_LOOP('',(#2002,#2003,#2004,#2010));
#2002 = ORIENTED_EDGE('',*,*,#1981,.F.);
#2003 = ORIENTED_EDGE('',*,*,#1422,.F.);
#2004 = ORIENTED_EDGE('',*,*,#2005,.T.);
#2005 = EDGE_CURVE('',#1397,#167,#2006,.T.);
#2006 = LINE('',#2007,#2008);
#2007 = CARTESIAN_POINT('',(14.5,54.5,-15.));
#2008 = VECTOR('',#2009,1.);
#2009 = DIRECTION('',(0.,0.,1.));
#2010 = ORIENTED_EDGE('',*,*,#175,.F.);
#2011 = PLANE('',#2012);
#2012 = AXIS2_PLACEMENT_3D('',#2013,#2014,#2015);
#2013 = CARTESIAN_POINT('',(14.5,35.5,-15.));
#2014 = DIRECTION('',(1.,0.,0.));
#2015 = DIRECTION('',(0.,0.,1.));
#2016 = ADVANCED_FACE('',(#2017),#2028,.F.);
#2017 = FACE_BOUND('',#2018,.T.);
#2018 = EDGE_LOOP('',(#2019,#2020,#2021,#2022));
#2019 = ORIENTED_EDGE('',*,*,#1394,.T.);
#2020 = ORIENTED_EDGE('',*,*,#2005,.T.);
#2021 = ORIENTED_EDGE('',*,*,#166,.F.);
#2022 = ORIENTED_EDGE('',*,*,#2023,.F.);
#2023 = EDGE_CURVE('',#1395,#159,#2024,.T.);
#2024 = LINE('',#2025,#2026);
#2025 = CARTESIAN_POINT('',(9.5,54.5,-15.));
#2026 = VECTOR('',#2027,1.);
#2027 = DIRECTION('',(0.,0.,1.));
#2028 = CYLINDRICAL_SURFACE('',#2029,2.5);
#2029 = AXIS2_PLACEMENT_3D('',#2030,#2031,#2032);
#2030 = CARTESIAN_POINT('',(12.,54.5,-15.));
#2031 = DIRECTION('',(-0.,-0.,-1.));
#2032 = DIRECTION('',(1.,0.,0.));
#2033 = ADVANCED_FACE('',(#2034),#2040,.T.);
#2034 = FACE_BOUND('',#2035,.T.);
#2035 = EDGE_LOOP('',(#2036,#2037,#2038,#2039));
#2036 = ORIENTED_EDGE('',*,*,#1988,.F.);
#2037 = ORIENTED_EDGE('',*,*,#1405,.F.);
#2038 = ORIENTED_EDGE('',*,*,#2023,.T.);
#2039 = ORIENTED_EDGE('',*,*,#158,.F.);
#2040 = PLANE('',#2041);
#2041 = AXIS2_PLACEMENT_3D('',#2042,#2043,#2044);
#2042 = CARTESIAN_POINT('',(9.5,35.5,-15.));
#2043 = DIRECTION('',(1.,0.,0.));
#2044 = DIRECTION('',(0.,0.,1.));
#2045 = ADVANCED_FACE('',(#2046),#2062,.F.);
#2046 = FACE_BOUND('',#2047,.T.);
#2047 = EDGE_LOOP('',(#2048,#2054,#2055,#2061));
#2048 = ORIENTED_EDGE('',*,*,#2049,.F.);
#2049 = EDGE_CURVE('',#1378,#184,#2050,.T.);
#2050 = LINE('',#2051,#2052);
#2051 = CARTESIAN_POINT('',(45.,34.,-15.));
#2052 = VECTOR('',#2053,1.);
#2053 = DIRECTION('',(0.,0.,1.));
#2054 = ORIENTED_EDGE('',*,*,#1377,.T.);
#2055 = ORIENTED_EDGE('',*,*,#2056,.T.);
#2056 = EDGE_CURVE('',#1370,#186,#2057,.T.);
#2057 = LINE('',#2058,#2059);
#2058 = CARTESIAN_POINT('',(39.,34.,-15.));
#2059 = VECTOR('',#2060,1.);
#2060 = DIRECTION('',(0.,0.,1.));
#2061 = ORIENTED_EDGE('',*,*,#183,.F.);
#2062 = CYLINDRICAL_SURFACE('',#2063,3.);
#2063 = AXIS2_PLACEMENT_3D('',#2064,#2065,#2066);
#2064 = CARTESIAN_POINT('',(42.,34.,-15.));
#2065 = DIRECTION('',(-0.,-0.,-1.));
#2066 = DIRECTION('',(1.,0.,0.));
#2067 = ADVANCED_FACE('',(#2068),#2079,.F.);
#2068 = FACE_BOUND('',#2069,.F.);
#2069 = EDGE_LOOP('',(#2070,#2071,#2072,#2078));
#2070 = ORIENTED_EDGE('',*,*,#2049,.F.);
#2071 = ORIENTED_EDGE('',*,*,#1386,.F.);
#2072 = ORIENTED_EDGE('',*,*,#2073,.T.);
#2073 = EDGE_CURVE('',#1361,#203,#2074,.T.);
#2074 = LINE('',#2075,#2076);
#2075 = CARTESIAN_POINT('',(45.,56.,-15.));
#2076 = VECTOR('',#2077,1.);
#2077 = DIRECTION('',(0.,0.,1.));
#2078 = ORIENTED_EDGE('',*,*,#211,.F.);
#2079 = PLANE('',#2080);
#2080 = AXIS2_PLACEMENT_3D('',#2081,#2082,#2083);
#2081 = CARTESIAN_POINT('',(45.,34.,-15.));
#2082 = DIRECTION('',(1.,0.,0.));
#2083 = DIRECTION('',(0.,0.,1.));
#2084 = ADVANCED_FACE('',(#2085),#2096,.F.);
#2085 = FACE_BOUND('',#2086,.T.);
#2086 = EDGE_LOOP('',(#2087,#2088,#2089,#2090));
#2087 = ORIENTED_EDGE('',*,*,#1358,.T.);
#2088 = ORIENTED_EDGE('',*,*,#2073,.T.);
#2089 = ORIENTED_EDGE('',*,*,#202,.F.);
#2090 = ORIENTED_EDGE('',*,*,#2091,.F.);
#2091 = EDGE_CURVE('',#1359,#195,#2092,.T.);
#2092 = LINE('',#2093,#2094);
#2093 = CARTESIAN_POINT('',(39.,56.,-15.));
#2094 = VECTOR('',#2095,1.);
#2095 = DIRECTION('',(0.,0.,1.));
#2096 = CYLINDRICAL_SURFACE('',#2097,3.);
#2097 = AXIS2_PLACEMENT_3D('',#2098,#2099,#2100);
#2098 = CARTESIAN_POINT('',(42.,56.,-15.));
#2099 = DIRECTION('',(-0.,-0.,-1.));
#2100 = DIRECTION('',(1.,0.,0.));
#2101 = ADVANCED_FACE('',(#2102),#2108,.T.);
#2102 = FACE_BOUND('',#2103,.T.);
#2103 = EDGE_LOOP('',(#2104,#2105,#2106,#2107));
#2104 = ORIENTED_EDGE('',*,*,#2056,.F.);
#2105 = ORIENTED_EDGE('',*,*,#1369,.F.);
#2106 = ORIENTED_EDGE('',*,*,#2091,.T.);
#2107 = ORIENTED_EDGE('',*,*,#194,.F.);
#2108 = PLANE('',#2109);
#2109 = AXIS2_PLACEMENT_3D('',#2110,#2111,#2112);
#2110 = CARTESIAN_POINT('',(39.,34.,-15.));
#2111 = DIRECTION('',(1.,0.,0.));
#2112 = DIRECTION('',(0.,0.,1.));
#2113 = ADVANCED_FACE('',(#2114),#2125,.F.);
#2114 = FACE_BOUND('',#2115,.T.);
#2115 = EDGE_LOOP('',(#2116,#2117,#2123,#2124));
#2116 = ORIENTED_EDGE('',*,*,#1430,.T.);
#2117 = ORIENTED_EDGE('',*,*,#2118,.T.);
#2118 = EDGE_CURVE('',#1431,#220,#2119,.T.);
#2119 = LINE('',#2120,#2121);
#2120 = CARTESIAN_POINT('',(34.3,55.,-15.));
#2121 = VECTOR('',#2122,1.);
#2122 = DIRECTION('',(0.,0.,1.));
#2123 = ORIENTED_EDGE('',*,*,#219,.F.);
#2124 = ORIENTED_EDGE('',*,*,#2118,.F.);
#2125 = CYLINDRICAL_SURFACE('',#2126,2.3);
#2126 = AXIS2_PLACEMENT_3D('',#2127,#2128,#2129);
#2127 = CARTESIAN_POINT('',(32.,55.,-15.));
#2128 = DIRECTION('',(-0.,-0.,-1.));
#2129 = DIRECTION('',(1.,0.,0.));
#2130 = ADVANCED_FACE('',(#2131),#2147,.F.);
#2131 = FACE_BOUND('',#2132,.T.);
#2132 = EDGE_LOOP('',(#2133,#2139,#2140,#2146));
#2133 = ORIENTED_EDGE('',*,*,#2134,.F.);
#2134 = EDGE_CURVE('',#1342,#231,#2135,.T.);
#2135 = LINE('',#2136,#2137);
#2136 = CARTESIAN_POINT('',(63.,34.,-15.));
#2137 = VECTOR('',#2138,1.);
#2138 = DIRECTION('',(0.,0.,1.));
#2139 = ORIENTED_EDGE('',*,*,#1341,.T.);
#2140 = ORIENTED_EDGE('',*,*,#2141,.T.);
#2141 = EDGE_CURVE('',#1334,#233,#2142,.T.);
#2142 = LINE('',#2143,#2144);
#2143 = CARTESIAN_POINT('',(57.,34.,-15.));
#2144 = VECTOR('',#2145,1.);
#2145 = DIRECTION('',(0.,0.,1.));
#2146 = ORIENTED_EDGE('',*,*,#230,.F.);
#2147 = CYLINDRICAL_SURFACE('',#2148,3.);
#2148 = AXIS2_PLACEMENT_3D('',#2149,#2150,#2151);
#2149 = CARTESIAN_POINT('',(60.,34.,-15.));
#2150 = DIRECTION('',(-0.,-0.,-1.));
#2151 = DIRECTION('',(1.,0.,0.));
#2152 = ADVANCED_FACE('',(#2153),#2164,.F.);
#2153 = FACE_BOUND('',#2154,.F.);
#2154 = EDGE_LOOP('',(#2155,#2156,#2157,#2163));
#2155 = ORIENTED_EDGE('',*,*,#2134,.F.);
#2156 = ORIENTED_EDGE('',*,*,#1350,.F.);
#2157 = ORIENTED_EDGE('',*,*,#2158,.T.);
#2158 = EDGE_CURVE('',#1325,#250,#2159,.T.);
#2159 = LINE('',#2160,#2161);
#2160 = CARTESIAN_POINT('',(63.,56.,-15.));
#2161 = VECTOR('',#2162,1.);
#2162 = DIRECTION('',(0.,0.,1.));
#2163 = ORIENTED_EDGE('',*,*,#258,.F.);
#2164 = PLANE('',#2165);
#2165 = AXIS2_PLACEMENT_3D('',#2166,#2167,#2168);
#2166 = CARTESIAN_POINT('',(63.,34.,-15.));
#2167 = DIRECTION('',(1.,0.,0.));
#2168 = DIRECTION('',(0.,0.,1.));
#2169 = ADVANCED_FACE('',(#2170),#2181,.F.);
#2170 = FACE_BOUND('',#2171,.T.);
#2171 = EDGE_LOOP('',(#2172,#2173,#2174,#2175));
#2172 = ORIENTED_EDGE('',*,*,#1322,.T.);
#2173 = ORIENTED_EDGE('',*,*,#2158,.T.);
#2174 = ORIENTED_EDGE('',*,*,#249,.F.);
#2175 = ORIENTED_EDGE('',*,*,#2176,.F.);
#2176 = EDGE_CURVE('',#1323,#242,#2177,.T.);
#2177 = LINE('',#2178,#2179);
#2178 = CARTESIAN_POINT('',(57.,56.,-15.));
#2179 = VECTOR('',#2180,1.);
#2180 = DIRECTION('',(0.,0.,1.));
#2181 = CYLINDRICAL_SURFACE('',#2182,3.);
#2182 = AXIS2_PLACEMENT_3D('',#2183,#2184,#2185);
#2183 = CARTESIAN_POINT('',(60.,56.,-15.));
#2184 = DIRECTION('',(-0.,-0.,-1.));
#2185 = DIRECTION('',(1.,0.,0.));
#2186 = ADVANCED_FACE('',(#2187),#2193,.T.);
#2187 = FACE_BOUND('',#2188,.T.);
#2188 = EDGE_LOOP('',(#2189,#2190,#2191,#2192));
#2189 = ORIENTED_EDGE('',*,*,#2141,.F.);
#2190 = ORIENTED_EDGE('',*,*,#1333,.F.);
#2191 = ORIENTED_EDGE('',*,*,#2176,.T.);
#2192 = ORIENTED_EDGE('',*,*,#241,.F.);
#2193 = PLANE('',#2194);
#2194 = AXIS2_PLACEMENT_3D('',#2195,#2196,#2197);
#2195 = CARTESIAN_POINT('',(57.,34.,-15.));
#2196 = DIRECTION('',(1.,0.,0.));
#2197 = DIRECTION('',(0.,0.,1.));
#2198 = ADVANCED_FACE('',(#2199),#2215,.F.);
#2199 = FACE_BOUND('',#2200,.T.);
#2200 = EDGE_LOOP('',(#2201,#2207,#2208,#2214));
#2201 = ORIENTED_EDGE('',*,*,#2202,.F.);
#2202 = EDGE_CURVE('',#1306,#267,#2203,.T.);
#2203 = LINE('',#2204,#2205);
#2204 = CARTESIAN_POINT('',(81.,34.,-15.));
#2205 = VECTOR('',#2206,1.);
#2206 = DIRECTION('',(0.,0.,1.));
#2207 = ORIENTED_EDGE('',*,*,#1305,.T.);
#2208 = ORIENTED_EDGE('',*,*,#2209,.T.);
#2209 = EDGE_CURVE('',#1298,#269,#2210,.T.);
#2210 = LINE('',#2211,#2212);
#2211 = CARTESIAN_POINT('',(75.,34.,-15.));
#2212 = VECTOR('',#2213,1.);
#2213 = DIRECTION('',(0.,0.,1.));
#2214 = ORIENTED_EDGE('',*,*,#266,.F.);
#2215 = CYLINDRICAL_SURFACE('',#2216,3.);
#2216 = AXIS2_PLACEMENT_3D('',#2217,#2218,#2219);
#2217 = CARTESIAN_POINT('',(78.,34.,-15.));
#2218 = DIRECTION('',(-0.,-0.,-1.));
#2219 = DIRECTION('',(1.,0.,0.));
#2220 = ADVANCED_FACE('',(#2221),#2232,.F.);
#2221 = FACE_BOUND('',#2222,.F.);
#2222 = EDGE_LOOP('',(#2223,#2224,#2225,#2231));
#2223 = ORIENTED_EDGE('',*,*,#2202,.F.);
#2224 = ORIENTED_EDGE('',*,*,#1314,.F.);
#2225 = ORIENTED_EDGE('',*,*,#2226,.T.);
#2226 = EDGE_CURVE('',#1289,#286,#2227,.T.);
#2227 = LINE('',#2228,#2229);
#2228 = CARTESIAN_POINT('',(81.,56.,-15.));
#2229 = VECTOR('',#2230,1.);
#2230 = DIRECTION('',(0.,0.,1.));
#2231 = ORIENTED_EDGE('',*,*,#294,.F.);
#2232 = PLANE('',#2233);
#2233 = AXIS2_PLACEMENT_3D('',#2234,#2235,#2236);
#2234 = CARTESIAN_POINT('',(81.,34.,-15.));
#2235 = DIRECTION('',(1.,0.,0.));
#2236 = DIRECTION('',(0.,0.,1.));
#2237 = ADVANCED_FACE('',(#2238),#2249,.F.);
#2238 = FACE_BOUND('',#2239,.T.);
#2239 = EDGE_LOOP('',(#2240,#2241,#2242,#2243));
#2240 = ORIENTED_EDGE('',*,*,#1286,.T.);
#2241 = ORIENTED_EDGE('',*,*,#2226,.T.);
#2242 = ORIENTED_EDGE('',*,*,#285,.F.);
#2243 = ORIENTED_EDGE('',*,*,#2244,.F.);
#2244 = EDGE_CURVE('',#1287,#278,#2245,.T.);
#2245 = LINE('',#2246,#2247);
#2246 = CARTESIAN_POINT('',(75.,56.,-15.));
#2247 = VECTOR('',#2248,1.);
#2248 = DIRECTION('',(0.,0.,1.));
#2249 = CYLINDRICAL_SURFACE('',#2250,3.);
#2250 = AXIS2_PLACEMENT_3D('',#2251,#2252,#2253);
#2251 = CARTESIAN_POINT('',(78.,56.,-15.));
#2252 = DIRECTION('',(-0.,-0.,-1.));
#2253 = DIRECTION('',(1.,0.,0.));
#2254 = ADVANCED_FACE('',(#2255),#2261,.T.);
#2255 = FACE_BOUND('',#2256,.T.);
#2256 = EDGE_LOOP('',(#2257,#2258,#2259,#2260));
#2257 = ORIENTED_EDGE('',*,*,#2209,.F.);
#2258 = ORIENTED_EDGE('',*,*,#1297,.F.);
#2259 = ORIENTED_EDGE('',*,*,#2244,.T.);
#2260 = ORIENTED_EDGE('',*,*,#277,.F.);
#2261 = PLANE('',#2262);
#2262 = AXIS2_PLACEMENT_3D('',#2263,#2264,#2265);
#2263 = CARTESIAN_POINT('',(75.,34.,-15.));
#2264 = DIRECTION('',(1.,0.,0.));
#2265 = DIRECTION('',(0.,0.,1.));
#2266 = ADVANCED_FACE('',(#2267),#2283,.F.);
#2267 = FACE_BOUND('',#2268,.T.);
#2268 = EDGE_LOOP('',(#2269,#2275,#2276,#2282));
#2269 = ORIENTED_EDGE('',*,*,#2270,.F.);
#2270 = EDGE_CURVE('',#1569,#303,#2271,.T.);
#2271 = LINE('',#2272,#2273);
#2272 = CARTESIAN_POINT('',(14.5,75.5,-15.));
#2273 = VECTOR('',#2274,1.);
#2274 = DIRECTION('',(0.,0.,1.));
#2275 = ORIENTED_EDGE('',*,*,#1568,.T.);
#2276 = ORIENTED_EDGE('',*,*,#2277,.T.);
#2277 = EDGE_CURVE('',#1561,#305,#2278,.T.);
#2278 = LINE('',#2279,#2280);
#2279 = CARTESIAN_POINT('',(9.5,75.5,-15.));
#2280 = VECTOR('',#2281,1.);
#2281 = DIRECTION('',(0.,0.,1.));
#2282 = ORIENTED_EDGE('',*,*,#302,.F.);
#2283 = CYLINDRICAL_SURFACE('',#2284,2.5);
#2284 = AXIS2_PLACEMENT_3D('',#2285,#2286,#2287);
#2285 = CARTESIAN_POINT('',(12.,75.5,-15.));
#2286 = DIRECTION('',(-0.,-0.,-1.));
#2287 = DIRECTION('',(1.,0.,0.));
#2288 = ADVANCED_FACE('',(#2289),#2300,.F.);
#2289 = FACE_BOUND('',#2290,.F.);
#2290 = EDGE_LOOP('',(#2291,#2292,#2293,#2299));
#2291 = ORIENTED_EDGE('',*,*,#2270,.F.);
#2292 = ORIENTED_EDGE('',*,*,#1577,.F.);
#2293 = ORIENTED_EDGE('',*,*,#2294,.T.);
#2294 = EDGE_CURVE('',#1552,#322,#2295,.T.);
#2295 = LINE('',#2296,#2297);
#2296 = CARTESIAN_POINT('',(14.5,94.5,-15.));
#2297 = VECTOR('',#2298,1.);
#2298 = DIRECTION('',(0.,0.,1.));
#2299 = ORIENTED_EDGE('',*,*,#330,.F.);
#2300 = PLANE('',#2301);
#2301 = AXIS2_PLACEMENT_3D('',#2302,#2303,#2304);
#2302 = CARTESIAN_POINT('',(14.5,75.5,-15.));
#2303 = DIRECTION('',(1.,0.,0.));
#2304 = DIRECTION('',(0.,0.,1.));
#2305 = ADVANCED_FACE('',(#2306),#2317,.F.);
#2306 = FACE_BOUND('',#2307,.T.);
#2307 = EDGE_LOOP('',(#2308,#2309,#2310,#2311));
#2308 = ORIENTED_EDGE('',*,*,#1549,.T.);
#2309 = ORIENTED_EDGE('',*,*,#2294,.T.);
#2310 = ORIENTED_EDGE('',*,*,#321,.F.);
#2311 = ORIENTED_EDGE('',*,*,#2312,.F.);
#2312 = EDGE_CURVE('',#1550,#314,#2313,.T.);
#2313 = LINE('',#2314,#2315);
#2314 = CARTESIAN_POINT('',(9.5,94.5,-15.));
#2315 = VECTOR('',#2316,1.);
#2316 = DIRECTION('',(0.,0.,1.));
#2317 = CYLINDRICAL_SURFACE('',#2318,2.5);
#2318 = AXIS2_PLACEMENT_3D('',#2319,#2320,#2321);
#2319 = CARTESIAN_POINT('',(12.,94.5,-15.));
#2320 = DIRECTION('',(-0.,-0.,-1.));
#2321 = DIRECTION('',(1.,0.,0.));
#2322 = ADVANCED_FACE('',(#2323),#2329,.T.);
#2323 = FACE_BOUND('',#2324,.T.);
#2324 = EDGE_LOOP('',(#2325,#2326,#2327,#2328));
#2325 = ORIENTED_EDGE('',*,*,#2277,.F.);
#2326 = ORIENTED_EDGE('',*,*,#1560,.F.);
#2327 = ORIENTED_EDGE('',*,*,#2312,.T.);
#2328 = ORIENTED_EDGE('',*,*,#313,.F.);
#2329 = PLANE('',#2330);
#2330 = AXIS2_PLACEMENT_3D('',#2331,#2332,#2333);
#2331 = CARTESIAN_POINT('',(9.5,75.5,-15.));
#2332 = DIRECTION('',(1.,0.,0.));
#2333 = DIRECTION('',(0.,0.,1.));
#2334 = ADVANCED_FACE('',(#2335),#2351,.F.);
#2335 = FACE_BOUND('',#2336,.T.);
#2336 = EDGE_LOOP('',(#2337,#2343,#2344,#2350));
#2337 = ORIENTED_EDGE('',*,*,#2338,.F.);
#2338 = EDGE_CURVE('',#1533,#339,#2339,.T.);
#2339 = LINE('',#2340,#2341);
#2340 = CARTESIAN_POINT('',(45.,74.,-15.));
#2341 = VECTOR('',#2342,1.);
#2342 = DIRECTION('',(0.,0.,1.));
#2343 = ORIENTED_EDGE('',*,*,#1532,.T.);
#2344 = ORIENTED_EDGE('',*,*,#2345,.T.);
#2345 = EDGE_CURVE('',#1525,#341,#2346,.T.);
#2346 = LINE('',#2347,#2348);
#2347 = CARTESIAN_POINT('',(39.,74.,-15.));
#2348 = VECTOR('',#2349,1.);
#2349 = DIRECTION('',(0.,0.,1.));
#2350 = ORIENTED_EDGE('',*,*,#338,.F.);
#2351 = CYLINDRICAL_SURFACE('',#2352,3.);
#2352 = AXIS2_PLACEMENT_3D('',#2353,#2354,#2355);
#2353 = CARTESIAN_POINT('',(42.,74.,-15.));
#2354 = DIRECTION('',(-0.,-0.,-1.));
#2355 = DIRECTION('',(1.,0.,0.));
#2356 = ADVANCED_FACE('',(#2357),#2368,.F.);
#2357 = FACE_BOUND('',#2358,.F.);
#2358 = EDGE_LOOP('',(#2359,#2360,#2361,#2367));
#2359 = ORIENTED_EDGE('',*,*,#2338,.F.);
#2360 = ORIENTED_EDGE('',*,*,#1541,.F.);
#2361 = ORIENTED_EDGE('',*,*,#2362,.T.);
#2362 = EDGE_CURVE('',#1516,#358,#2363,.T.);
#2363 = LINE('',#2364,#2365);
#2364 = CARTESIAN_POINT('',(45.,96.,-15.));
#2365 = VECTOR('',#2366,1.);
#2366 = DIRECTION('',(0.,0.,1.));
#2367 = ORIENTED_EDGE('',*,*,#366,.F.);
#2368 = PLANE('',#2369);
#2369 = AXIS2_PLACEMENT_3D('',#2370,#2371,#2372);
#2370 = CARTESIAN_POINT('',(45.,74.,-15.));
#2371 = DIRECTION('',(1.,0.,0.));
#2372 = DIRECTION('',(0.,0.,1.));
#2373 = ADVANCED_FACE('',(#2374),#2385,.F.);
#2374 = FACE_BOUND('',#2375,.T.);
#2375 = EDGE_LOOP('',(#2376,#2377,#2378,#2379));
#2376 = ORIENTED_EDGE('',*,*,#1513,.T.);
#2377 = ORIENTED_EDGE('',*,*,#2362,.T.);
#2378 = ORIENTED_EDGE('',*,*,#357,.F.);
#2379 = ORIENTED_EDGE('',*,*,#2380,.F.);
#2380 = EDGE_CURVE('',#1514,#350,#2381,.T.);
#2381 = LINE('',#2382,#2383);
#2382 = CARTESIAN_POINT('',(39.,96.,-15.));
#2383 = VECTOR('',#2384,1.);
#2384 = DIRECTION('',(0.,0.,1.));
#2385 = CYLINDRICAL_SURFACE('',#2386,3.);
#2386 = AXIS2_PLACEMENT_3D('',#2387,#2388,#2389);
#2387 = CARTESIAN_POINT('',(42.,96.,-15.));
#2388 = DIRECTION('',(-0.,-0.,-1.));
#2389 = DIRECTION('',(1.,0.,0.));
#2390 = ADVANCED_FACE('',(#2391),#2397,.T.);
#2391 = FACE_BOUND('',#2392,.T.);
#2392 = EDGE_LOOP('',(#2393,#2394,#2395,#2396));
#2393 = ORIENTED_EDGE('',*,*,#2345,.F.);
#2394 = ORIENTED_EDGE('',*,*,#1524,.F.);
#2395 = ORIENTED_EDGE('',*,*,#2380,.T.);
#2396 = ORIENTED_EDGE('',*,*,#349,.F.);
#2397 = PLANE('',#2398);
#2398 = AXIS2_PLACEMENT_3D('',#2399,#2400,#2401);
#2399 = CARTESIAN_POINT('',(39.,74.,-15.));
#2400 = DIRECTION('',(1.,0.,0.));
#2401 = DIRECTION('',(0.,0.,1.));
#2402 = ADVANCED_FACE('',(#2403),#2419,.F.);
#2403 = FACE_BOUND('',#2404,.T.);
#2404 = EDGE_LOOP('',(#2405,#2411,#2412,#2418));
#2405 = ORIENTED_EDGE('',*,*,#2406,.F.);
#2406 = EDGE_CURVE('',#1497,#375,#2407,.T.);
#2407 = LINE('',#2408,#2409);
#2408 = CARTESIAN_POINT('',(63.,74.,-15.));
#2409 = VECTOR('',#2410,1.);
#2410 = DIRECTION('',(0.,0.,1.));
#2411 = ORIENTED_EDGE('',*,*,#1496,.T.);
#2412 = ORIENTED_EDGE('',*,*,#2413,.T.);
#2413 = EDGE_CURVE('',#1489,#377,#2414,.T.);
#2414 = LINE('',#2415,#2416);
#2415 = CARTESIAN_POINT('',(57.,74.,-15.));
#2416 = VECTOR('',#2417,1.);
#2417 = DIRECTION('',(0.,0.,1.));
#2418 = ORIENTED_EDGE('',*,*,#374,.F.);
#2419 = CYLINDRICAL_SURFACE('',#2420,3.);
#2420 = AXIS2_PLACEMENT_3D('',#2421,#2422,#2423);
#2421 = CARTESIAN_POINT('',(60.,74.,-15.));
#2422 = DIRECTION('',(-0.,-0.,-1.));
#2423 = DIRECTION('',(1.,0.,0.));
#2424 = ADVANCED_FACE('',(#2425),#2436,.F.);
#2425 = FACE_BOUND('',#2426,.F.);
#2426 = EDGE_LOOP('',(#2427,#2428,#2429,#2435));
#2427 = ORIENTED_EDGE('',*,*,#2406,.F.);
#2428 = ORIENTED_EDGE('',*,*,#1505,.F.);
#2429 = ORIENTED_EDGE('',*,*,#2430,.T.);
#2430 = EDGE_CURVE('',#1480,#394,#2431,.T.);
#2431 = LINE('',#2432,#2433);
#2432 = CARTESIAN_POINT('',(63.,96.,-15.));
#2433 = VECTOR('',#2434,1.);
#2434 = DIRECTION('',(0.,0.,1.));
#2435 = ORIENTED_EDGE('',*,*,#402,.F.);
#2436 = PLANE('',#2437);
#2437 = AXIS2_PLACEMENT_3D('',#2438,#2439,#2440);
#2438 = CARTESIAN_POINT('',(63.,74.,-15.));
#2439 = DIRECTION('',(1.,0.,0.));
#2440 = DIRECTION('',(0.,0.,1.));
#2441 = ADVANCED_FACE('',(#2442),#2453,.F.);
#2442 = FACE_BOUND('',#2443,.T.);
#2443 = EDGE_LOOP('',(#2444,#2445,#2446,#2447));
#2444 = ORIENTED_EDGE('',*,*,#1477,.T.);
#2445 = ORIENTED_EDGE('',*,*,#2430,.T.);
#2446 = ORIENTED_EDGE('',*,*,#393,.F.);
#2447 = ORIENTED_EDGE('',*,*,#2448,.F.);
#2448 = EDGE_CURVE('',#1478,#386,#2449,.T.);
#2449 = LINE('',#2450,#2451);
#2450 = CARTESIAN_POINT('',(57.,96.,-15.));
#2451 = VECTOR('',#2452,1.);
#2452 = DIRECTION('',(0.,0.,1.));
#2453 = CYLINDRICAL_SURFACE('',#2454,3.);
#2454 = AXIS2_PLACEMENT_3D('',#2455,#2456,#2457);
#2455 = CARTESIAN_POINT('',(60.,96.,-15.));
#2456 = DIRECTION('',(-0.,-0.,-1.));
#2457 = DIRECTION('',(1.,0.,0.));
#2458 = ADVANCED_FACE('',(#2459),#2465,.T.);
#2459 = FACE_BOUND('',#2460,.T.);
#2460 = EDGE_LOOP('',(#2461,#2462,#2463,#2464));
#2461 = ORIENTED_EDGE('',*,*,#2413,.F.);
#2462 = ORIENTED_EDGE('',*,*,#1488,.F.);
#2463 = ORIENTED_EDGE('',*,*,#2448,.T.);
#2464 = ORIENTED_EDGE('',*,*,#385,.F.);
#2465 = PLANE('',#2466);
#2466 = AXIS2_PLACEMENT_3D('',#2467,#2468,#2469);
#2467 = CARTESIAN_POINT('',(57.,74.,-15.));
#2468 = DIRECTION('',(1.,0.,0.));
#2469 = DIRECTION('',(0.,0.,1.));
#2470 = ADVANCED_FACE('',(#2471),#2487,.F.);
#2471 = FACE_BOUND('',#2472,.T.);
#2472 = EDGE_LOOP('',(#2473,#2479,#2480,#2486));
#2473 = ORIENTED_EDGE('',*,*,#2474,.F.);
#2474 = EDGE_CURVE('',#1461,#411,#2475,.T.);
#2475 = LINE('',#2476,#2477);
#2476 = CARTESIAN_POINT('',(81.,74.,-15.));
#2477 = VECTOR('',#2478,1.);
#2478 = DIRECTION('',(0.,0.,1.));
#2479 = ORIENTED_EDGE('',*,*,#1460,.T.);
#2480 = ORIENTED_EDGE('',*,*,#2481,.T.);
#2481 = EDGE_CURVE('',#1453,#413,#2482,.T.);
#2482 = LINE('',#2483,#2484);
#2483 = CARTESIAN_POINT('',(75.,74.,-15.));
#2484 = VECTOR('',#2485,1.);
#2485 = DIRECTION('',(0.,0.,1.));
#2486 = ORIENTED_EDGE('',*,*,#410,.F.);
#2487 = CYLINDRICAL_SURFACE('',#2488,3.);
#2488 = AXIS2_PLACEMENT_3D('',#2489,#2490,#2491);
#2489 = CARTESIAN_POINT('',(78.,74.,-15.));
#2490 = DIRECTION('',(-0.,-0.,-1.));
#2491 = DIRECTION('',(1.,0.,0.));
#2492 = ADVANCED_FACE('',(#2493),#2504,.F.);
#2493 = FACE_BOUND('',#2494,.F.);
#2494 = EDGE_LOOP('',(#2495,#2496,#2497,#2503));
#2495 = ORIENTED_EDGE('',*,*,#2474,.F.);
#2496 = ORIENTED_EDGE('',*,*,#1469,.F.);
#2497 = ORIENTED_EDGE('',*,*,#2498,.T.);
#2498 = EDGE_CURVE('',#1444,#430,#2499,.T.);
#2499 = LINE('',#2500,#2501);
#2500 = CARTESIAN_POINT('',(81.,96.,-15.));
#2501 = VECTOR('',#2502,1.);
#2502 = DIRECTION('',(0.,0.,1.));
#2503 = ORIENTED_EDGE('',*,*,#438,.F.);
#2504 = PLANE('',#2505);
#2505 = AXIS2_PLACEMENT_3D('',#2506,#2507,#2508);
#2506 = CARTESIAN_POINT('',(81.,74.,-15.));
#2507 = DIRECTION('',(1.,0.,0.));
#2508 = DIRECTION('',(0.,0.,1.));
#2509 = ADVANCED_FACE('',(#2510),#2521,.F.);
#2510 = FACE_BOUND('',#2511,.T.);
#2511 = EDGE_LOOP('',(#2512,#2513,#2514,#2515));
#2512 = ORIENTED_EDGE('',*,*,#1441,.T.);
#2513 = ORIENTED_EDGE('',*,*,#2498,.T.);
#2514 = ORIENTED_EDGE('',*,*,#429,.F.);
#2515 = ORIENTED_EDGE('',*,*,#2516,.F.);
#2516 = EDGE_CURVE('',#1442,#422,#2517,.T.);
#2517 = LINE('',#2518,#2519);
#2518 = CARTESIAN_POINT('',(75.,96.,-15.));
#2519 = VECTOR('',#2520,1.);
#2520 = DIRECTION('',(0.,0.,1.));
#2521 = CYLINDRICAL_SURFACE('',#2522,3.);
#2522 = AXIS2_PLACEMENT_3D('',#2523,#2524,#2525);
#2523 = CARTESIAN_POINT('',(78.,96.,-15.));
#2524 = DIRECTION('',(-0.,-0.,-1.));
#2525 = DIRECTION('',(1.,0.,0.));
#2526 = ADVANCED_FACE('',(#2527),#2533,.T.);
#2527 = FACE_BOUND('',#2528,.T.);
#2528 = EDGE_LOOP('',(#2529,#2530,#2531,#2532));
#2529 = ORIENTED_EDGE('',*,*,#2481,.F.);
#2530 = ORIENTED_EDGE('',*,*,#1452,.F.);
#2531 = ORIENTED_EDGE('',*,*,#2516,.T.);
#2532 = ORIENTED_EDGE('',*,*,#421,.F.);
#2533 = PLANE('',#2534);
#2534 = AXIS2_PLACEMENT_3D('',#2535,#2536,#2537);
#2535 = CARTESIAN_POINT('',(75.,74.,-15.));
#2536 = DIRECTION('',(1.,0.,0.));
#2537 = DIRECTION('',(0.,0.,1.));
#2538 = ADVANCED_FACE('',(#2539),#2555,.F.);
#2539 = FACE_BOUND('',#2540,.T.);
#2540 = EDGE_LOOP('',(#2541,#2547,#2548,#2554));
#2541 = ORIENTED_EDGE('',*,*,#2542,.F.);
#2542 = EDGE_CURVE('',#1162,#447,#2543,.T.);
#2543 = LINE('',#2544,#2545);
#2544 = CARTESIAN_POINT('',(120.5,35.5,-15.));
#2545 = VECTOR('',#2546,1.);
#2546 = DIRECTION('',(0.,0.,1.));
#2547 = ORIENTED_EDGE('',*,*,#1161,.T.);
#2548 = ORIENTED_EDGE('',*,*,#2549,.T.);
#2549 = EDGE_CURVE('',#1154,#449,#2550,.T.);
#2550 = LINE('',#2551,#2552);
#2551 = CARTESIAN_POINT('',(115.5,35.5,-15.));
#2552 = VECTOR('',#2553,1.);
#2553 = DIRECTION('',(0.,0.,1.));
#2554 = ORIENTED_EDGE('',*,*,#446,.F.);
#2555 = CYLINDRICAL_SURFACE('',#2556,2.5);
#2556 = AXIS2_PLACEMENT_3D('',#2557,#2558,#2559);
#2557 = CARTESIAN_POINT('',(118.,35.5,-15.));
#2558 = DIRECTION('',(-0.,-0.,-1.));
#2559 = DIRECTION('',(1.,0.,0.));
#2560 = ADVANCED_FACE('',(#2561),#2572,.F.);
#2561 = FACE_BOUND('',#2562,.F.);
#2562 = EDGE_LOOP('',(#2563,#2564,#2565,#2571));
#2563 = ORIENTED_EDGE('',*,*,#2542,.F.);
#2564 = ORIENTED_EDGE('',*,*,#1170,.F.);
#2565 = ORIENTED_EDGE('',*,*,#2566,.T.);
#2566 = EDGE_CURVE('',#1145,#466,#2567,.T.);
#2567 = LINE('',#2568,#2569);
#2568 = CARTESIAN_POINT('',(120.5,54.5,-15.));
#2569 = VECTOR('',#2570,1.);
#2570 = DIRECTION('',(0.,0.,1.));
#2571 = ORIENTED_EDGE('',*,*,#474,.F.);
#2572 = PLANE('',#2573);
#2573 = AXIS2_PLACEMENT_3D('',#2574,#2575,#2576);
#2574 = CARTESIAN_POINT('',(120.5,35.5,-15.));
#2575 = DIRECTION('',(1.,0.,0.));
#2576 = DIRECTION('',(0.,0.,1.));
#2577 = ADVANCED_FACE('',(#2578),#2589,.F.);
#2578 = FACE_BOUND('',#2579,.T.);
#2579 = EDGE_LOOP('',(#2580,#2581,#2582,#2583));
#2580 = ORIENTED_EDGE('',*,*,#1142,.T.);
#2581 = ORIENTED_EDGE('',*,*,#2566,.T.);
#2582 = ORIENTED_EDGE('',*,*,#465,.F.);
#2583 = ORIENTED_EDGE('',*,*,#2584,.F.);
#2584 = EDGE_CURVE('',#1143,#458,#2585,.T.);
#2585 = LINE('',#2586,#2587);
#2586 = CARTESIAN_POINT('',(115.5,54.5,-15.));
#2587 = VECTOR('',#2588,1.);
#2588 = DIRECTION('',(0.,0.,1.));
#2589 = CYLINDRICAL_SURFACE('',#2590,2.5);
#2590 = AXIS2_PLACEMENT_3D('',#2591,#2592,#2593);
#2591 = CARTESIAN_POINT('',(118.,54.5,-15.));
#2592 = DIRECTION('',(-0.,-0.,-1.));
#2593 = DIRECTION('',(1.,0.,0.));
#2594 = ADVANCED_FACE('',(#2595),#2601,.T.);
#2595 = FACE_BOUND('',#2596,.T.);
#2596 = EDGE_LOOP('',(#2597,#2598,#2599,#2600));
#2597 = ORIENTED_EDGE('',*,*,#2549,.F.);
#2598 = ORIENTED_EDGE('',*,*,#1153,.F.);
#2599 = ORIENTED_EDGE('',*,*,#2584,.T.);
#2600 = ORIENTED_EDGE('',*,*,#457,.F.);
#2601 = PLANE('',#2602);
#2602 = AXIS2_PLACEMENT_3D('',#2603,#2604,#2605);
#2603 = CARTESIAN_POINT('',(115.5,35.5,-15.));
#2604 = DIRECTION('',(1.,0.,0.));
#2605 = DIRECTION('',(0.,0.,1.));
#2606 = ADVANCED_FACE('',(#2607),#2623,.F.);
#2607 = FACE_BOUND('',#2608,.T.);
#2608 = EDGE_LOOP('',(#2609,#2615,#2616,#2622));
#2609 = ORIENTED_EDGE('',*,*,#2610,.F.);
#2610 = EDGE_CURVE('',#1126,#483,#2611,.T.);
#2611 = LINE('',#2612,#2613);
#2612 = CARTESIAN_POINT('',(132.5,35.5,-15.));
#2613 = VECTOR('',#2614,1.);
#2614 = DIRECTION('',(0.,0.,1.));
#2615 = ORIENTED_EDGE('',*,*,#1125,.T.);
#2616 = ORIENTED_EDGE('',*,*,#2617,.T.);
#2617 = EDGE_CURVE('',#1118,#485,#2618,.T.);
#2618 = LINE('',#2619,#2620);
#2619 = CARTESIAN_POINT('',(127.5,35.5,-15.));
#2620 = VECTOR('',#2621,1.);
#2621 = DIRECTION('',(0.,0.,1.));
#2622 = ORIENTED_EDGE('',*,*,#482,.F.);
#2623 = CYLINDRICAL_SURFACE('',#2624,2.5);
#2624 = AXIS2_PLACEMENT_3D('',#2625,#2626,#2627);
#2625 = CARTESIAN_POINT('',(130.,35.5,-15.));
#2626 = DIRECTION('',(-0.,-0.,-1.));
#2627 = DIRECTION('',(1.,0.,0.));
#2628 = ADVANCED_FACE('',(#2629),#2640,.F.);
#2629 = FACE_BOUND('',#2630,.F.);
#2630 = EDGE_LOOP('',(#2631,#2632,#2633,#2639));
#2631 = ORIENTED_EDGE('',*,*,#2610,.F.);
#2632 = ORIENTED_EDGE('',*,*,#1134,.F.);
#2633 = ORIENTED_EDGE('',*,*,#2634,.T.);
#2634 = EDGE_CURVE('',#1109,#502,#2635,.T.);
#2635 = LINE('',#2636,#2637);
#2636 = CARTESIAN_POINT('',(132.5,54.5,-15.));
#2637 = VECTOR('',#2638,1.);
#2638 = DIRECTION('',(0.,0.,1.));
#2639 = ORIENTED_EDGE('',*,*,#510,.F.);
#2640 = PLANE('',#2641);
#2641 = AXIS2_PLACEMENT_3D('',#2642,#2643,#2644);
#2642 = CARTESIAN_POINT('',(132.5,35.5,-15.));
#2643 = DIRECTION('',(1.,0.,0.));
#2644 = DIRECTION('',(0.,0.,1.));
#2645 = ADVANCED_FACE('',(#2646),#2657,.F.);
#2646 = FACE_BOUND('',#2647,.T.);
#2647 = EDGE_LOOP('',(#2648,#2649,#2650,#2651));
#2648 = ORIENTED_EDGE('',*,*,#1106,.T.);
#2649 = ORIENTED_EDGE('',*,*,#2634,.T.);
#2650 = ORIENTED_EDGE('',*,*,#501,.F.);
#2651 = ORIENTED_EDGE('',*,*,#2652,.F.);
#2652 = EDGE_CURVE('',#1107,#494,#2653,.T.);
#2653 = LINE('',#2654,#2655);
#2654 = CARTESIAN_POINT('',(127.5,54.5,-15.));
#2655 = VECTOR('',#2656,1.);
#2656 = DIRECTION('',(0.,0.,1.));
#2657 = CYLINDRICAL_SURFACE('',#2658,2.5);
#2658 = AXIS2_PLACEMENT_3D('',#2659,#2660,#2661);
#2659 = CARTESIAN_POINT('',(130.,54.5,-15.));
#2660 = DIRECTION('',(-0.,-0.,-1.));
#2661 = DIRECTION('',(1.,0.,0.));
#2662 = ADVANCED_FACE('',(#2663),#2669,.T.);
#2663 = FACE_BOUND('',#2664,.T.);
#2664 = EDGE_LOOP('',(#2665,#2666,#2667,#2668));
#2665 = ORIENTED_EDGE('',*,*,#2617,.F.);
#2666 = ORIENTED_EDGE('',*,*,#1117,.F.);
#2667 = ORIENTED_EDGE('',*,*,#2652,.T.);
#2668 = ORIENTED_EDGE('',*,*,#493,.F.);
#2669 = PLANE('',#2670);
#2670 = AXIS2_PLACEMENT_3D('',#2671,#2672,#2673);
#2671 = CARTESIAN_POINT('',(127.5,35.5,-15.));
#2672 = DIRECTION('',(1.,0.,0.));
#2673 = DIRECTION('',(0.,0.,1.));
#2674 = ADVANCED_FACE('',(#2675),#2691,.F.);
#2675 = FACE_BOUND('',#2676,.T.);
#2676 = EDGE_LOOP('',(#2677,#2683,#2684,#2690));
#2677 = ORIENTED_EDGE('',*,*,#2678,.F.);
#2678 = EDGE_CURVE('',#1079,#519,#2679,.T.);
#2679 = LINE('',#2680,#2681);
#2680 = CARTESIAN_POINT('',(190.5,35.5,-15.));
#2681 = VECTOR('',#2682,1.);
#2682 = DIRECTION('',(0.,0.,1.));
#2683 = ORIENTED_EDGE('',*,*,#1078,.T.);
#2684 = ORIENTED_EDGE('',*,*,#2685,.T.);
#2685 = EDGE_CURVE('',#1071,#521,#2686,.T.);
#2686 = LINE('',#2687,#2688);
#2687 = CARTESIAN_POINT('',(185.5,35.5,-15.));
#2688 = VECTOR('',#2689,1.);
#2689 = DIRECTION('',(0.,0.,1.));
#2690 = ORIENTED_EDGE('',*,*,#518,.F.);
#2691 = CYLINDRICAL_SURFACE('',#2692,2.5);
#2692 = AXIS2_PLACEMENT_3D('',#2693,#2694,#2695);
#2693 = CARTESIAN_POINT('',(188.,35.5,-15.));
#2694 = DIRECTION('',(-0.,-0.,-1.));
#2695 = DIRECTION('',(1.,0.,0.));
#2696 = ADVANCED_FACE('',(#2697),#2708,.F.);
#2697 = FACE_BOUND('',#2698,.F.);
#2698 = EDGE_LOOP('',(#2699,#2700,#2701,#2707));
#2699 = ORIENTED_EDGE('',*,*,#2678,.F.);
#2700 = ORIENTED_EDGE('',*,*,#1087,.F.);
#2701 = ORIENTED_EDGE('',*,*,#2702,.T.);
#2702 = EDGE_CURVE('',#1062,#538,#2703,.T.);
#2703 = LINE('',#2704,#2705);
#2704 = CARTESIAN_POINT('',(190.5,54.5,-15.));
#2705 = VECTOR('',#2706,1.);
#2706 = DIRECTION('',(0.,0.,1.));
#2707 = ORIENTED_EDGE('',*,*,#546,.F.);
#2708 = PLANE('',#2709);
#2709 = AXIS2_PLACEMENT_3D('',#2710,#2711,#2712);
#2710 = CARTESIAN_POINT('',(190.5,35.5,-15.));
#2711 = DIRECTION('',(1.,0.,0.));
#2712 = DIRECTION('',(0.,0.,1.));
#2713 = ADVANCED_FACE('',(#2714),#2725,.F.);
#2714 = FACE_BOUND('',#2715,.T.);
#2715 = EDGE_LOOP('',(#2716,#2717,#2718,#2719));
#2716 = ORIENTED_EDGE('',*,*,#1059,.T.);
#2717 = ORIENTED_EDGE('',*,*,#2702,.T.);
#2718 = ORIENTED_EDGE('',*,*,#537,.F.);
#2719 = ORIENTED_EDGE('',*,*,#2720,.F.);
#2720 = EDGE_CURVE('',#1060,#530,#2721,.T.);
#2721 = LINE('',#2722,#2723);
#2722 = CARTESIAN_POINT('',(185.5,54.5,-15.));
#2723 = VECTOR('',#2724,1.);
#2724 = DIRECTION('',(0.,0.,1.));
#2725 = CYLINDRICAL_SURFACE('',#2726,2.5);
#2726 = AXIS2_PLACEMENT_3D('',#2727,#2728,#2729);
#2727 = CARTESIAN_POINT('',(188.,54.5,-15.));
#2728 = DIRECTION('',(-0.,-0.,-1.));
#2729 = DIRECTION('',(1.,0.,0.));
#2730 = ADVANCED_FACE('',(#2731),#2737,.T.);
#2731 = FACE_BOUND('',#2732,.T.);
#2732 = EDGE_LOOP('',(#2733,#2734,#2735,#2736));
#2733 = ORIENTED_EDGE('',*,*,#2685,.F.);
#2734 = ORIENTED_EDGE('',*,*,#1070,.F.);
#2735 = ORIENTED_EDGE('',*,*,#2720,.T.);
#2736 = ORIENTED_EDGE('',*,*,#529,.F.);
#2737 = PLANE('',#2738);
#2738 = AXIS2_PLACEMENT_3D('',#2739,#2740,#2741);
#2739 = CARTESIAN_POINT('',(185.5,35.5,-15.));
#2740 = DIRECTION('',(1.,0.,0.));
#2741 = DIRECTION('',(0.,0.,1.));
#2742 = ADVANCED_FACE('',(#2743),#2754,.F.);
#2743 = FACE_BOUND('',#2744,.T.);
#2744 = EDGE_LOOP('',(#2745,#2746,#2752,#2753));
#2745 = ORIENTED_EDGE('',*,*,#1095,.T.);
#2746 = ORIENTED_EDGE('',*,*,#2747,.T.);
#2747 = EDGE_CURVE('',#1096,#555,#2748,.T.);
#2748 = LINE('',#2749,#2750);
#2749 = CARTESIAN_POINT('',(170.3,55.,-15.));
#2750 = VECTOR('',#2751,1.);
#2751 = DIRECTION('',(0.,0.,1.));
#2752 = ORIENTED_EDGE('',*,*,#554,.F.);
#2753 = ORIENTED_EDGE('',*,*,#2747,.F.);
#2754 = CYLINDRICAL_SURFACE('',#2755,2.3);
#2755 = AXIS2_PLACEMENT_3D('',#2756,#2757,#2758);
#2756 = CARTESIAN_POINT('',(168.,55.,-15.));
#2757 = DIRECTION('',(-0.,-0.,-1.));
#2758 = DIRECTION('',(1.,0.,0.));
#2759 = ADVANCED_FACE('',(#2760),#2776,.F.);
#2760 = FACE_BOUND('',#2761,.T.);
#2761 = EDGE_LOOP('',(#2762,#2768,#2769,#2775));
#2762 = ORIENTED_EDGE('',*,*,#2763,.F.);
#2763 = EDGE_CURVE('',#1270,#566,#2764,.T.);
#2764 = LINE('',#2765,#2766);
#2765 = CARTESIAN_POINT('',(120.5,75.5,-15.));
#2766 = VECTOR('',#2767,1.);
#2767 = DIRECTION('',(0.,0.,1.));
#2768 = ORIENTED_EDGE('',*,*,#1269,.T.);
#2769 = ORIENTED_EDGE('',*,*,#2770,.T.);
#2770 = EDGE_CURVE('',#1262,#568,#2771,.T.);
#2771 = LINE('',#2772,#2773);
#2772 = CARTESIAN_POINT('',(115.5,75.5,-15.));
#2773 = VECTOR('',#2774,1.);
#2774 = DIRECTION('',(0.,0.,1.));
#2775 = ORIENTED_EDGE('',*,*,#565,.F.);
#2776 = CYLINDRICAL_SURFACE('',#2777,2.5);
#2777 = AXIS2_PLACEMENT_3D('',#2778,#2779,#2780);
#2778 = CARTESIAN_POINT('',(118.,75.5,-15.));
#2779 = DIRECTION('',(-0.,-0.,-1.));
#2780 = DIRECTION('',(1.,0.,0.));
#2781 = ADVANCED_FACE('',(#2782),#2793,.F.);
#2782 = FACE_BOUND('',#2783,.F.);
#2783 = EDGE_LOOP('',(#2784,#2785,#2786,#2792));
#2784 = ORIENTED_EDGE('',*,*,#2763,.F.);
#2785 = ORIENTED_EDGE('',*,*,#1278,.F.);
#2786 = ORIENTED_EDGE('',*,*,#2787,.T.);
#2787 = EDGE_CURVE('',#1253,#585,#2788,.T.);
#2788 = LINE('',#2789,#2790);
#2789 = CARTESIAN_POINT('',(120.5,94.5,-15.));
#2790 = VECTOR('',#2791,1.);
#2791 = DIRECTION('',(0.,0.,1.));
#2792 = ORIENTED_EDGE('',*,*,#593,.F.);
#2793 = PLANE('',#2794);
#2794 = AXIS2_PLACEMENT_3D('',#2795,#2796,#2797);
#2795 = CARTESIAN_POINT('',(120.5,75.5,-15.));
#2796 = DIRECTION('',(1.,0.,0.));
#2797 = DIRECTION('',(0.,0.,1.));
#2798 = ADVANCED_FACE('',(#2799),#2810,.F.);
#2799 = FACE_BOUND('',#2800,.T.);
#2800 = EDGE_LOOP('',(#2801,#2802,#2803,#2804));
#2801 = ORIENTED_EDGE('',*,*,#1250,.T.);
#2802 = ORIENTED_EDGE('',*,*,#2787,.T.);
#2803 = ORIENTED_EDGE('',*,*,#584,.F.);
#2804 = ORIENTED_EDGE('',*,*,#2805,.F.);
#2805 = EDGE_CURVE('',#1251,#577,#2806,.T.);
#2806 = LINE('',#2807,#2808);
#2807 = CARTESIAN_POINT('',(115.5,94.5,-15.));
#2808 = VECTOR('',#2809,1.);
#2809 = DIRECTION('',(0.,0.,1.));
#2810 = CYLINDRICAL_SURFACE('',#2811,2.5);
#2811 = AXIS2_PLACEMENT_3D('',#2812,#2813,#2814);
#2812 = CARTESIAN_POINT('',(118.,94.5,-15.));
#2813 = DIRECTION('',(-0.,-0.,-1.));
#2814 = DIRECTION('',(1.,0.,0.));
#2815 = ADVANCED_FACE('',(#2816),#2822,.T.);
#2816 = FACE_BOUND('',#2817,.T.);
#2817 = EDGE_LOOP('',(#2818,#2819,#2820,#2821));
#2818 = ORIENTED_EDGE('',*,*,#2770,.F.);
#2819 = ORIENTED_EDGE('',*,*,#1261,.F.);
#2820 = ORIENTED_EDGE('',*,*,#2805,.T.);
#2821 = ORIENTED_EDGE('',*,*,#576,.F.);
#2822 = PLANE('',#2823);
#2823 = AXIS2_PLACEMENT_3D('',#2824,#2825,#2826);
#2824 = CARTESIAN_POINT('',(115.5,75.5,-15.));
#2825 = DIRECTION('',(1.,0.,0.));
#2826 = DIRECTION('',(0.,0.,1.));
#2827 = ADVANCED_FACE('',(#2828),#2844,.F.);
#2828 = FACE_BOUND('',#2829,.T.);
#2829 = EDGE_LOOP('',(#2830,#2836,#2837,#2843));
#2830 = ORIENTED_EDGE('',*,*,#2831,.F.);
#2831 = EDGE_CURVE('',#1234,#602,#2832,.T.);
#2832 = LINE('',#2833,#2834);
#2833 = CARTESIAN_POINT('',(132.5,75.5,-15.));
#2834 = VECTOR('',#2835,1.);
#2835 = DIRECTION('',(0.,0.,1.));
#2836 = ORIENTED_EDGE('',*,*,#1233,.T.);
#2837 = ORIENTED_EDGE('',*,*,#2838,.T.);
#2838 = EDGE_CURVE('',#1226,#604,#2839,.T.);
#2839 = LINE('',#2840,#2841);
#2840 = CARTESIAN_POINT('',(127.5,75.5,-15.));
#2841 = VECTOR('',#2842,1.);
#2842 = DIRECTION('',(0.,0.,1.));
#2843 = ORIENTED_EDGE('',*,*,#601,.F.);
#2844 = CYLINDRICAL_SURFACE('',#2845,2.5);
#2845 = AXIS2_PLACEMENT_3D('',#2846,#2847,#2848);
#2846 = CARTESIAN_POINT('',(130.,75.5,-15.));
#2847 = DIRECTION('',(-0.,-0.,-1.));
#2848 = DIRECTION('',(1.,0.,0.));
#2849 = ADVANCED_FACE('',(#2850),#2861,.F.);
#2850 = FACE_BOUND('',#2851,.F.);
#2851 = EDGE_LOOP('',(#2852,#2853,#2854,#2860));
#2852 = ORIENTED_EDGE('',*,*,#2831,.F.);
#2853 = ORIENTED_EDGE('',*,*,#1242,.F.);
#2854 = ORIENTED_EDGE('',*,*,#2855,.T.);
#2855 = EDGE_CURVE('',#1217,#621,#2856,.T.);
#2856 = LINE('',#2857,#2858);
#2857 = CARTESIAN_POINT('',(132.5,94.5,-15.));
#2858 = VECTOR('',#2859,1.);
#2859 = DIRECTION('',(0.,0.,1.));
#2860 = ORIENTED_EDGE('',*,*,#629,.F.);
#2861 = PLANE('',#2862);
#2862 = AXIS2_PLACEMENT_3D('',#2863,#2864,#2865);
#2863 = CARTESIAN_POINT('',(132.5,75.5,-15.));
#2864 = DIRECTION('',(1.,0.,0.));
#2865 = DIRECTION('',(0.,0.,1.));
#2866 = ADVANCED_FACE('',(#2867),#2878,.F.);
#2867 = FACE_BOUND('',#2868,.T.);
#2868 = EDGE_LOOP('',(#2869,#2870,#2871,#2872));
#2869 = ORIENTED_EDGE('',*,*,#1214,.T.);
#2870 = ORIENTED_EDGE('',*,*,#2855,.T.);
#2871 = ORIENTED_EDGE('',*,*,#620,.F.);
#2872 = ORIENTED_EDGE('',*,*,#2873,.F.);
#2873 = EDGE_CURVE('',#1215,#613,#2874,.T.);
#2874 = LINE('',#2875,#2876);
#2875 = CARTESIAN_POINT('',(127.5,94.5,-15.));
#2876 = VECTOR('',#2877,1.);
#2877 = DIRECTION('',(0.,0.,1.));
#2878 = CYLINDRICAL_SURFACE('',#2879,2.5);
#2879 = AXIS2_PLACEMENT_3D('',#2880,#2881,#2882);
#2880 = CARTESIAN_POINT('',(130.,94.5,-15.));
#2881 = DIRECTION('',(-0.,-0.,-1.));
#2882 = DIRECTION('',(1.,0.,0.));
#2883 = ADVANCED_FACE('',(#2884),#2890,.T.);
#2884 = FACE_BOUND('',#2885,.T.);
#2885 = EDGE_LOOP('',(#2886,#2887,#2888,#2889));
#2886 = ORIENTED_EDGE('',*,*,#2838,.F.);
#2887 = ORIENTED_EDGE('',*,*,#1225,.F.);
#2888 = ORIENTED_EDGE('',*,*,#2873,.T.);
#2889 = ORIENTED_EDGE('',*,*,#612,.F.);
#2890 = PLANE('',#2891);
#2891 = AXIS2_PLACEMENT_3D('',#2892,#2893,#2894);
#2892 = CARTESIAN_POINT('',(127.5,75.5,-15.));
#2893 = DIRECTION('',(1.,0.,0.));
#2894 = DIRECTION('',(0.,0.,1.));
#2895 = ADVANCED_FACE('',(#2896),#2912,.F.);
#2896 = FACE_BOUND('',#2897,.T.);
#2897 = EDGE_LOOP('',(#2898,#2904,#2905,#2911));
#2898 = ORIENTED_EDGE('',*,*,#2899,.F.);
#2899 = EDGE_CURVE('',#1198,#638,#2900,.T.);
#2900 = LINE('',#2901,#2902);
#2901 = CARTESIAN_POINT('',(190.5,75.5,-15.));
#2902 = VECTOR('',#2903,1.);
#2903 = DIRECTION('',(0.,0.,1.));
#2904 = ORIENTED_EDGE('',*,*,#1197,.T.);
#2905 = ORIENTED_EDGE('',*,*,#2906,.T.);
#2906 = EDGE_CURVE('',#1190,#640,#2907,.T.);
#2907 = LINE('',#2908,#2909);
#2908 = CARTESIAN_POINT('',(185.5,75.5,-15.));
#2909 = VECTOR('',#2910,1.);
#2910 = DIRECTION('',(0.,0.,1.));
#2911 = ORIENTED_EDGE('',*,*,#637,.F.);
#2912 = CYLINDRICAL_SURFACE('',#2913,2.5);
#2913 = AXIS2_PLACEMENT_3D('',#2914,#2915,#2916);
#2914 = CARTESIAN_POINT('',(188.,75.5,-15.));
#2915 = DIRECTION('',(-0.,-0.,-1.));
#2916 = DIRECTION('',(1.,0.,0.));
#2917 = ADVANCED_FACE('',(#2918),#2929,.F.);
#2918 = FACE_BOUND('',#2919,.F.);
#2919 = EDGE_LOOP('',(#2920,#2921,#2922,#2928));
#2920 = ORIENTED_EDGE('',*,*,#2899,.F.);
#2921 = ORIENTED_EDGE('',*,*,#1206,.F.);
#2922 = ORIENTED_EDGE('',*,*,#2923,.T.);
#2923 = EDGE_CURVE('',#1181,#657,#2924,.T.);
#2924 = LINE('',#2925,#2926);
#2925 = CARTESIAN_POINT('',(190.5,94.5,-15.));
#2926 = VECTOR('',#2927,1.);
#2927 = DIRECTION('',(0.,0.,1.));
#2928 = ORIENTED_EDGE('',*,*,#665,.F.);
#2929 = PLANE('',#2930);
#2930 = AXIS2_PLACEMENT_3D('',#2931,#2932,#2933);
#2931 = CARTESIAN_POINT('',(190.5,75.5,-15.));
#2932 = DIRECTION('',(1.,0.,0.));
#2933 = DIRECTION('',(0.,0.,1.));
#2934 = ADVANCED_FACE('',(#2935),#2946,.F.);
#2935 = FACE_BOUND('',#2936,.T.);
#2936 = EDGE_LOOP('',(#2937,#2938,#2939,#2940));
#2937 = ORIENTED_EDGE('',*,*,#1178,.T.);
#2938 = ORIENTED_EDGE('',*,*,#2923,.T.);
#2939 = ORIENTED_EDGE('',*,*,#656,.F.);
#2940 = ORIENTED_EDGE('',*,*,#2941,.F.);
#2941 = EDGE_CURVE('',#1179,#649,#2942,.T.);
#2942 = LINE('',#2943,#2944);
#2943 = CARTESIAN_POINT('',(185.5,94.5,-15.));
#2944 = VECTOR('',#2945,1.);
#2945 = DIRECTION('',(0.,0.,1.));
#2946 = CYLINDRICAL_SURFACE('',#2947,2.5);
#2947 = AXIS2_PLACEMENT_3D('',#2948,#2949,#2950);
#2948 = CARTESIAN_POINT('',(188.,94.5,-15.));
#2949 = DIRECTION('',(-0.,-0.,-1.));
#2950 = DIRECTION('',(1.,0.,0.));
#2951 = ADVANCED_FACE('',(#2952),#2958,.T.);
#2952 = FACE_BOUND('',#2953,.T.);
#2953 = EDGE_LOOP('',(#2954,#2955,#2956,#2957));
#2954 = ORIENTED_EDGE('',*,*,#2906,.F.);
#2955 = ORIENTED_EDGE('',*,*,#1189,.F.);
#2956 = ORIENTED_EDGE('',*,*,#2941,.T.);
#2957 = ORIENTED_EDGE('',*,*,#648,.F.);
#2958 = PLANE('',#2959);
#2959 = AXIS2_PLACEMENT_3D('',#2960,#2961,#2962);
#2960 = CARTESIAN_POINT('',(185.5,75.5,-15.));
#2961 = DIRECTION('',(1.,0.,0.));
#2962 = DIRECTION('',(0.,0.,1.));
#2963 = ADVANCED_FACE('',(#2964),#2980,.F.);
#2964 = FACE_BOUND('',#2965,.T.);
#2965 = EDGE_LOOP('',(#2966,#2972,#2973,#2979));
#2966 = ORIENTED_EDGE('',*,*,#2967,.F.);
#2967 = EDGE_CURVE('',#1832,#674,#2968,.T.);
#2968 = LINE('',#2969,#2970);
#2969 = CARTESIAN_POINT('',(14.5,145.5,-15.));
#2970 = VECTOR('',#2971,1.);
#2971 = DIRECTION('',(0.,0.,1.));
#2972 = ORIENTED_EDGE('',*,*,#1831,.T.);
#2973 = ORIENTED_EDGE('',*,*,#2974,.T.);
#2974 = EDGE_CURVE('',#1824,#676,#2975,.T.);
#2975 = LINE('',#2976,#2977);
#2976 = CARTESIAN_POINT('',(9.5,145.5,-15.));
#2977 = VECTOR('',#2978,1.);
#2978 = DIRECTION('',(0.,0.,1.));
#2979 = ORIENTED_EDGE('',*,*,#673,.F.);
#2980 = CYLINDRICAL_SURFACE('',#2981,2.5);
#2981 = AXIS2_PLACEMENT_3D('',#2982,#2983,#2984);
#2982 = CARTESIAN_POINT('',(12.,145.5,-15.));
#2983 = DIRECTION('',(-0.,-0.,-1.));
#2984 = DIRECTION('',(1.,0.,0.));
#2985 = ADVANCED_FACE('',(#2986),#2997,.F.);
#2986 = FACE_BOUND('',#2987,.F.);
#2987 = EDGE_LOOP('',(#2988,#2989,#2990,#2996));
#2988 = ORIENTED_EDGE('',*,*,#2967,.F.);
#2989 = ORIENTED_EDGE('',*,*,#1840,.F.);
#2990 = ORIENTED_EDGE('',*,*,#2991,.T.);
#2991 = EDGE_CURVE('',#1815,#693,#2992,.T.);
#2992 = LINE('',#2993,#2994);
#2993 = CARTESIAN_POINT('',(14.5,164.5,-15.));
#2994 = VECTOR('',#2995,1.);
#2995 = DIRECTION('',(0.,0.,1.));
#2996 = ORIENTED_EDGE('',*,*,#701,.F.);
#2997 = PLANE('',#2998);
#2998 = AXIS2_PLACEMENT_3D('',#2999,#3000,#3001);
#2999 = CARTESIAN_POINT('',(14.5,145.5,-15.));
#3000 = DIRECTION('',(1.,0.,0.));
#3001 = DIRECTION('',(0.,0.,1.));
#3002 = ADVANCED_FACE('',(#3003),#3014,.F.);
#3003 = FACE_BOUND('',#3004,.T.);
#3004 = EDGE_LOOP('',(#3005,#3006,#3007,#3008));
#3005 = ORIENTED_EDGE('',*,*,#1812,.T.);
#3006 = ORIENTED_EDGE('',*,*,#2991,.T.);
#3007 = ORIENTED_EDGE('',*,*,#692,.F.);
#3008 = ORIENTED_EDGE('',*,*,#3009,.F.);
#3009 = EDGE_CURVE('',#1813,#685,#3010,.T.);
#3010 = LINE('',#3011,#3012);
#3011 = CARTESIAN_POINT('',(9.5,164.5,-15.));
#3012 = VECTOR('',#3013,1.);
#3013 = DIRECTION('',(0.,0.,1.));
#3014 = CYLINDRICAL_SURFACE('',#3015,2.5);
#3015 = AXIS2_PLACEMENT_3D('',#3016,#3017,#3018);
#3016 = CARTESIAN_POINT('',(12.,164.5,-15.));
#3017 = DIRECTION('',(-0.,-0.,-1.));
#3018 = DIRECTION('',(1.,0.,0.));
#3019 = ADVANCED_FACE('',(#3020),#3026,.T.);
#3020 = FACE_BOUND('',#3021,.T.);
#3021 = EDGE_LOOP('',(#3022,#3023,#3024,#3025));
#3022 = ORIENTED_EDGE('',*,*,#2974,.F.);
#3023 = ORIENTED_EDGE('',*,*,#1823,.F.);
#3024 = ORIENTED_EDGE('',*,*,#3009,.T.);
#3025 = ORIENTED_EDGE('',*,*,#684,.F.);
#3026 = PLANE('',#3027);
#3027 = AXIS2_PLACEMENT_3D('',#3028,#3029,#3030);
#3028 = CARTESIAN_POINT('',(9.5,145.5,-15.));
#3029 = DIRECTION('',(1.,0.,0.));
#3030 = DIRECTION('',(0.,0.,1.));
#3031 = ADVANCED_FACE('',(#3032),#3043,.F.);
#3032 = FACE_BOUND('',#3033,.T.);
#3033 = EDGE_LOOP('',(#3034,#3035,#3041,#3042));
#3034 = ORIENTED_EDGE('',*,*,#1848,.T.);
#3035 = ORIENTED_EDGE('',*,*,#3036,.T.);
#3036 = EDGE_CURVE('',#1849,#710,#3037,.T.);
#3037 = LINE('',#3038,#3039);
#3038 = CARTESIAN_POINT('',(34.3,165.,-15.));
#3039 = VECTOR('',#3040,1.);
#3040 = DIRECTION('',(0.,0.,1.));
#3041 = ORIENTED_EDGE('',*,*,#709,.F.);
#3042 = ORIENTED_EDGE('',*,*,#3036,.F.);
#3043 = CYLINDRICAL_SURFACE('',#3044,2.3);
#3044 = AXIS2_PLACEMENT_3D('',#3045,#3046,#3047);
#3045 = CARTESIAN_POINT('',(32.,165.,-15.));
#3046 = DIRECTION('',(-0.,-0.,-1.));
#3047 = DIRECTION('',(1.,0.,0.));
#3048 = ADVANCED_FACE('',(#3049),#3065,.F.);
#3049 = FACE_BOUND('',#3050,.T.);
#3050 = EDGE_LOOP('',(#3051,#3057,#3058,#3064));
#3051 = ORIENTED_EDGE('',*,*,#3052,.F.);
#3052 = EDGE_CURVE('',#1879,#721,#3053,.T.);
#3053 = LINE('',#3054,#3055);
#3054 = CARTESIAN_POINT('',(14.5,185.5,-15.));
#3055 = VECTOR('',#3056,1.);
#3056 = DIRECTION('',(0.,0.,1.));
#3057 = ORIENTED_EDGE('',*,*,#1878,.T.);
#3058 = ORIENTED_EDGE('',*,*,#3059,.T.);
#3059 = EDGE_CURVE('',#1871,#723,#3060,.T.);
#3060 = LINE('',#3061,#3062);
#3061 = CARTESIAN_POINT('',(9.5,185.5,-15.));
#3062 = VECTOR('',#3063,1.);
#3063 = DIRECTION('',(0.,0.,1.));
#3064 = ORIENTED_EDGE('',*,*,#720,.F.);
#3065 = CYLINDRICAL_SURFACE('',#3066,2.5);
#3066 = AXIS2_PLACEMENT_3D('',#3067,#3068,#3069);
#3067 = CARTESIAN_POINT('',(12.,185.5,-15.));
#3068 = DIRECTION('',(-0.,-0.,-1.));
#3069 = DIRECTION('',(1.,0.,0.));
#3070 = ADVANCED_FACE('',(#3071),#3082,.F.);
#3071 = FACE_BOUND('',#3072,.F.);
#3072 = EDGE_LOOP('',(#3073,#3074,#3075,#3081));
#3073 = ORIENTED_EDGE('',*,*,#3052,.F.);
#3074 = ORIENTED_EDGE('',*,*,#1887,.F.);
#3075 = ORIENTED_EDGE('',*,*,#3076,.T.);
#3076 = EDGE_CURVE('',#1862,#740,#3077,.T.);
#3077 = LINE('',#3078,#3079);
#3078 = CARTESIAN_POINT('',(14.5,204.5,-15.));
#3079 = VECTOR('',#3080,1.);
#3080 = DIRECTION('',(0.,0.,1.));
#3081 = ORIENTED_EDGE('',*,*,#748,.F.);
#3082 = PLANE('',#3083);
#3083 = AXIS2_PLACEMENT_3D('',#3084,#3085,#3086);
#3084 = CARTESIAN_POINT('',(14.5,185.5,-15.));
#3085 = DIRECTION('',(1.,0.,0.));
#3086 = DIRECTION('',(0.,0.,1.));
#3087 = ADVANCED_FACE('',(#3088),#3099,.F.);
#3088 = FACE_BOUND('',#3089,.T.);
#3089 = EDGE_LOOP('',(#3090,#3091,#3092,#3093));
#3090 = ORIENTED_EDGE('',*,*,#1859,.T.);
#3091 = ORIENTED_EDGE('',*,*,#3076,.T.);
#3092 = ORIENTED_EDGE('',*,*,#739,.F.);
#3093 = ORIENTED_EDGE('',*,*,#3094,.F.);
#3094 = EDGE_CURVE('',#1860,#732,#3095,.T.);
#3095 = LINE('',#3096,#3097);
#3096 = CARTESIAN_POINT('',(9.5,204.5,-15.));
#3097 = VECTOR('',#3098,1.);
#3098 = DIRECTION('',(0.,0.,1.));
#3099 = CYLINDRICAL_SURFACE('',#3100,2.5);
#3100 = AXIS2_PLACEMENT_3D('',#3101,#3102,#3103);
#3101 = CARTESIAN_POINT('',(12.,204.5,-15.));
#3102 = DIRECTION('',(-0.,-0.,-1.));
#3103 = DIRECTION('',(1.,0.,0.));
#3104 = ADVANCED_FACE('',(#3105),#3111,.T.);
#3105 = FACE_BOUND('',#3106,.T.);
#3106 = EDGE_LOOP('',(#3107,#3108,#3109,#3110));
#3107 = ORIENTED_EDGE('',*,*,#3059,.F.);
#3108 = ORIENTED_EDGE('',*,*,#1870,.F.);
#3109 = ORIENTED_EDGE('',*,*,#3094,.T.);
#3110 = ORIENTED_EDGE('',*,*,#731,.F.);
#3111 = PLANE('',#3112);
#3112 = AXIS2_PLACEMENT_3D('',#3113,#3114,#3115);
#3113 = CARTESIAN_POINT('',(9.5,185.5,-15.));
#3114 = DIRECTION('',(1.,0.,0.));
#3115 = DIRECTION('',(0.,0.,1.));
#3116 = ADVANCED_FACE('',(#3117),#3133,.F.);
#3117 = FACE_BOUND('',#3118,.T.);
#3118 = EDGE_LOOP('',(#3119,#3125,#3126,#3132));
#3119 = ORIENTED_EDGE('',*,*,#3120,.F.);
#3120 = EDGE_CURVE('',#1677,#757,#3121,.T.);
#3121 = LINE('',#3122,#3123);
#3122 = CARTESIAN_POINT('',(120.5,145.5,-15.));
#3123 = VECTOR('',#3124,1.);
#3124 = DIRECTION('',(0.,0.,1.));
#3125 = ORIENTED_EDGE('',*,*,#1676,.T.);
#3126 = ORIENTED_EDGE('',*,*,#3127,.T.);
#3127 = EDGE_CURVE('',#1669,#759,#3128,.T.);
#3128 = LINE('',#3129,#3130);
#3129 = CARTESIAN_POINT('',(115.5,145.5,-15.));
#3130 = VECTOR('',#3131,1.);
#3131 = DIRECTION('',(0.,0.,1.));
#3132 = ORIENTED_EDGE('',*,*,#756,.F.);
#3133 = CYLINDRICAL_SURFACE('',#3134,2.5);
#3134 = AXIS2_PLACEMENT_3D('',#3135,#3136,#3137);
#3135 = CARTESIAN_POINT('',(118.,145.5,-15.));
#3136 = DIRECTION('',(-0.,-0.,-1.));
#3137 = DIRECTION('',(1.,0.,0.));
#3138 = ADVANCED_FACE('',(#3139),#3150,.F.);
#3139 = FACE_BOUND('',#3140,.F.);
#3140 = EDGE_LOOP('',(#3141,#3142,#3143,#3149));
#3141 = ORIENTED_EDGE('',*,*,#3120,.F.);
#3142 = ORIENTED_EDGE('',*,*,#1685,.F.);
#3143 = ORIENTED_EDGE('',*,*,#3144,.T.);
#3144 = EDGE_CURVE('',#1660,#776,#3145,.T.);
#3145 = LINE('',#3146,#3147);
#3146 = CARTESIAN_POINT('',(120.5,164.5,-15.));
#3147 = VECTOR('',#3148,1.);
#3148 = DIRECTION('',(0.,0.,1.));
#3149 = ORIENTED_EDGE('',*,*,#784,.F.);
#3150 = PLANE('',#3151);
#3151 = AXIS2_PLACEMENT_3D('',#3152,#3153,#3154);
#3152 = CARTESIAN_POINT('',(120.5,145.5,-15.));
#3153 = DIRECTION('',(1.,0.,0.));
#3154 = DIRECTION('',(0.,0.,1.));
#3155 = ADVANCED_FACE('',(#3156),#3167,.F.);
#3156 = FACE_BOUND('',#3157,.T.);
#3157 = EDGE_LOOP('',(#3158,#3159,#3160,#3161));
#3158 = ORIENTED_EDGE('',*,*,#1657,.T.);
#3159 = ORIENTED_EDGE('',*,*,#3144,.T.);
#3160 = ORIENTED_EDGE('',*,*,#775,.F.);
#3161 = ORIENTED_EDGE('',*,*,#3162,.F.);
#3162 = EDGE_CURVE('',#1658,#768,#3163,.T.);
#3163 = LINE('',#3164,#3165);
#3164 = CARTESIAN_POINT('',(115.5,164.5,-15.));
#3165 = VECTOR('',#3166,1.);
#3166 = DIRECTION('',(0.,0.,1.));
#3167 = CYLINDRICAL_SURFACE('',#3168,2.5);
#3168 = AXIS2_PLACEMENT_3D('',#3169,#3170,#3171);
#3169 = CARTESIAN_POINT('',(118.,164.5,-15.));
#3170 = DIRECTION('',(-0.,-0.,-1.));
#3171 = DIRECTION('',(1.,0.,0.));
#3172 = ADVANCED_FACE('',(#3173),#3179,.T.);
#3173 = FACE_BOUND('',#3174,.T.);
#3174 = EDGE_LOOP('',(#3175,#3176,#3177,#3178));
#3175 = ORIENTED_EDGE('',*,*,#3127,.F.);
#3176 = ORIENTED_EDGE('',*,*,#1668,.F.);
#3177 = ORIENTED_EDGE('',*,*,#3162,.T.);
#3178 = ORIENTED_EDGE('',*,*,#767,.F.);
#3179 = PLANE('',#3180);
#3180 = AXIS2_PLACEMENT_3D('',#3181,#3182,#3183);
#3181 = CARTESIAN_POINT('',(115.5,145.5,-15.));
#3182 = DIRECTION('',(1.,0.,0.));
#3183 = DIRECTION('',(0.,0.,1.));
#3184 = ADVANCED_FACE('',(#3185),#3201,.F.);
#3185 = FACE_BOUND('',#3186,.T.);
#3186 = EDGE_LOOP('',(#3187,#3193,#3194,#3200));
#3187 = ORIENTED_EDGE('',*,*,#3188,.F.);
#3188 = EDGE_CURVE('',#1641,#793,#3189,.T.);
#3189 = LINE('',#3190,#3191);
#3190 = CARTESIAN_POINT('',(132.5,145.5,-15.));
#3191 = VECTOR('',#3192,1.);
#3192 = DIRECTION('',(0.,0.,1.));
#3193 = ORIENTED_EDGE('',*,*,#1640,.T.);
#3194 = ORIENTED_EDGE('',*,*,#3195,.T.);
#3195 = EDGE_CURVE('',#1633,#795,#3196,.T.);
#3196 = LINE('',#3197,#3198);
#3197 = CARTESIAN_POINT('',(127.5,145.5,-15.));
#3198 = VECTOR('',#3199,1.);
#3199 = DIRECTION('',(0.,0.,1.));
#3200 = ORIENTED_EDGE('',*,*,#792,.F.);
#3201 = CYLINDRICAL_SURFACE('',#3202,2.5);
#3202 = AXIS2_PLACEMENT_3D('',#3203,#3204,#3205);
#3203 = CARTESIAN_POINT('',(130.,145.5,-15.));
#3204 = DIRECTION('',(-0.,-0.,-1.));
#3205 = DIRECTION('',(1.,0.,0.));
#3206 = ADVANCED_FACE('',(#3207),#3218,.F.);
#3207 = FACE_BOUND('',#3208,.F.);
#3208 = EDGE_LOOP('',(#3209,#3210,#3211,#3217));
#3209 = ORIENTED_EDGE('',*,*,#3188,.F.);
#3210 = ORIENTED_EDGE('',*,*,#1649,.F.);
#3211 = ORIENTED_EDGE('',*,*,#3212,.T.);
#3212 = EDGE_CURVE('',#1624,#812,#3213,.T.);
#3213 = LINE('',#3214,#3215);
#3214 = CARTESIAN_POINT('',(132.5,164.5,-15.));
#3215 = VECTOR('',#3216,1.);
#3216 = DIRECTION('',(0.,0.,1.));
#3217 = ORIENTED_EDGE('',*,*,#820,.F.);
#3218 = PLANE('',#3219);
#3219 = AXIS2_PLACEMENT_3D('',#3220,#3221,#3222);
#3220 = CARTESIAN_POINT('',(132.5,145.5,-15.));
#3221 = DIRECTION('',(1.,0.,0.));
#3222 = DIRECTION('',(0.,0.,1.));
#3223 = ADVANCED_FACE('',(#3224),#3235,.F.);
#3224 = FACE_BOUND('',#3225,.T.);
#3225 = EDGE_LOOP('',(#3226,#3227,#3228,#3229));
#3226 = ORIENTED_EDGE('',*,*,#1621,.T.);
#3227 = ORIENTED_EDGE('',*,*,#3212,.T.);
#3228 = ORIENTED_EDGE('',*,*,#811,.F.);
#3229 = ORIENTED_EDGE('',*,*,#3230,.F.);
#3230 = EDGE_CURVE('',#1622,#804,#3231,.T.);
#3231 = LINE('',#3232,#3233);
#3232 = CARTESIAN_POINT('',(127.5,164.5,-15.));
#3233 = VECTOR('',#3234,1.);
#3234 = DIRECTION('',(0.,0.,1.));
#3235 = CYLINDRICAL_SURFACE('',#3236,2.5);
#3236 = AXIS2_PLACEMENT_3D('',#3237,#3238,#3239);
#3237 = CARTESIAN_POINT('',(130.,164.5,-15.));
#3238 = DIRECTION('',(-0.,-0.,-1.));
#3239 = DIRECTION('',(1.,0.,0.));
#3240 = ADVANCED_FACE('',(#3241),#3247,.T.);
#3241 = FACE_BOUND('',#3242,.T.);
#3242 = EDGE_LOOP('',(#3243,#3244,#3245,#3246));
#3243 = ORIENTED_EDGE('',*,*,#3195,.F.);
#3244 = ORIENTED_EDGE('',*,*,#1632,.F.);
#3245 = ORIENTED_EDGE('',*,*,#3230,.T.);
#3246 = ORIENTED_EDGE('',*,*,#803,.F.);
#3247 = PLANE('',#3248);
#3248 = AXIS2_PLACEMENT_3D('',#3249,#3250,#3251);
#3249 = CARTESIAN_POINT('',(127.5,145.5,-15.));
#3250 = DIRECTION('',(1.,0.,0.));
#3251 = DIRECTION('',(0.,0.,1.));
#3252 = ADVANCED_FACE('',(#3253),#3269,.F.);
#3253 = FACE_BOUND('',#3254,.T.);
#3254 = EDGE_LOOP('',(#3255,#3261,#3262,#3268));
#3255 = ORIENTED_EDGE('',*,*,#3256,.F.);
#3256 = EDGE_CURVE('',#1605,#829,#3257,.T.);
#3257 = LINE('',#3258,#3259);
#3258 = CARTESIAN_POINT('',(190.5,145.5,-15.));
#3259 = VECTOR('',#3260,1.);
#3260 = DIRECTION('',(0.,0.,1.));
#3261 = ORIENTED_EDGE('',*,*,#1604,.T.);
#3262 = ORIENTED_EDGE('',*,*,#3263,.T.);
#3263 = EDGE_CURVE('',#1597,#831,#3264,.T.);
#3264 = LINE('',#3265,#3266);
#3265 = CARTESIAN_POINT('',(185.5,145.5,-15.));
#3266 = VECTOR('',#3267,1.);
#3267 = DIRECTION('',(0.,0.,1.));
#3268 = ORIENTED_EDGE('',*,*,#828,.F.);
#3269 = CYLINDRICAL_SURFACE('',#3270,2.5);
#3270 = AXIS2_PLACEMENT_3D('',#3271,#3272,#3273);
#3271 = CARTESIAN_POINT('',(188.,145.5,-15.));
#3272 = DIRECTION('',(-0.,-0.,-1.));
#3273 = DIRECTION('',(1.,0.,0.));
#3274 = ADVANCED_FACE('',(#3275),#3286,.F.);
#3275 = FACE_BOUND('',#3276,.F.);
#3276 = EDGE_LOOP('',(#3277,#3278,#3279,#3285));
#3277 = ORIENTED_EDGE('',*,*,#3256,.F.);
#3278 = ORIENTED_EDGE('',*,*,#1613,.F.);
#3279 = ORIENTED_EDGE('',*,*,#3280,.T.);
#3280 = EDGE_CURVE('',#1588,#848,#3281,.T.);
#3281 = LINE('',#3282,#3283);
#3282 = CARTESIAN_POINT('',(190.5,164.5,-15.));
#3283 = VECTOR('',#3284,1.);
#3284 = DIRECTION('',(0.,0.,1.));
#3285 = ORIENTED_EDGE('',*,*,#856,.F.);
#3286 = PLANE('',#3287);
#3287 = AXIS2_PLACEMENT_3D('',#3288,#3289,#3290);
#3288 = CARTESIAN_POINT('',(190.5,145.5,-15.));
#3289 = DIRECTION('',(1.,0.,0.));
#3290 = DIRECTION('',(0.,0.,1.));
#3291 = ADVANCED_FACE('',(#3292),#3303,.F.);
#3292 = FACE_BOUND('',#3293,.T.);
#3293 = EDGE_LOOP('',(#3294,#3295,#3296,#3297));
#3294 = ORIENTED_EDGE('',*,*,#1585,.T.);
#3295 = ORIENTED_EDGE('',*,*,#3280,.T.);
#3296 = ORIENTED_EDGE('',*,*,#847,.F.);
#3297 = ORIENTED_EDGE('',*,*,#3298,.F.);
#3298 = EDGE_CURVE('',#1586,#840,#3299,.T.);
#3299 = LINE('',#3300,#3301);
#3300 = CARTESIAN_POINT('',(185.5,164.5,-15.));
#3301 = VECTOR('',#3302,1.);
#3302 = DIRECTION('',(0.,0.,1.));
#3303 = CYLINDRICAL_SURFACE('',#3304,2.5);
#3304 = AXIS2_PLACEMENT_3D('',#3305,#3306,#3307);
#3305 = CARTESIAN_POINT('',(188.,164.5,-15.));
#3306 = DIRECTION('',(-0.,-0.,-1.));
#3307 = DIRECTION('',(1.,0.,0.));
#3308 = ADVANCED_FACE('',(#3309),#3315,.T.);
#3309 = FACE_BOUND('',#3310,.T.);
#3310 = EDGE_LOOP('',(#3311,#3312,#3313,#3314));
#3311 = ORIENTED_EDGE('',*,*,#3263,.F.);
#3312 = ORIENTED_EDGE('',*,*,#1596,.F.);
#3313 = ORIENTED_EDGE('',*,*,#3298,.T.);
#3314 = ORIENTED_EDGE('',*,*,#839,.F.);
#3315 = PLANE('',#3316);
#3316 = AXIS2_PLACEMENT_3D('',#3317,#3318,#3319);
#3317 = CARTESIAN_POINT('',(185.5,145.5,-15.));
#3318 = DIRECTION('',(1.,0.,0.));
#3319 = DIRECTION('',(0.,0.,1.));
#3320 = ADVANCED_FACE('',(#3321),#3337,.F.);
#3321 = FACE_BOUND('',#3322,.T.);
#3322 = EDGE_LOOP('',(#3323,#3329,#3330,#3336));
#3323 = ORIENTED_EDGE('',*,*,#3324,.F.);
#3324 = EDGE_CURVE('',#1796,#865,#3325,.T.);
#3325 = LINE('',#3326,#3327);
#3326 = CARTESIAN_POINT('',(120.5,185.5,-15.));
#3327 = VECTOR('',#3328,1.);
#3328 = DIRECTION('',(0.,0.,1.));
#3329 = ORIENTED_EDGE('',*,*,#1795,.T.);
#3330 = ORIENTED_EDGE('',*,*,#3331,.T.);
#3331 = EDGE_CURVE('',#1788,#867,#3332,.T.);
#3332 = LINE('',#3333,#3334);
#3333 = CARTESIAN_POINT('',(115.5,185.5,-15.));
#3334 = VECTOR('',#3335,1.);
#3335 = DIRECTION('',(0.,0.,1.));
#3336 = ORIENTED_EDGE('',*,*,#864,.F.);
#3337 = CYLINDRICAL_SURFACE('',#3338,2.5);
#3338 = AXIS2_PLACEMENT_3D('',#3339,#3340,#3341);
#3339 = CARTESIAN_POINT('',(118.,185.5,-15.));
#3340 = DIRECTION('',(-0.,-0.,-1.));
#3341 = DIRECTION('',(1.,0.,0.));
#3342 = ADVANCED_FACE('',(#3343),#3354,.F.);
#3343 = FACE_BOUND('',#3344,.F.);
#3344 = EDGE_LOOP('',(#3345,#3346,#3347,#3353));
#3345 = ORIENTED_EDGE('',*,*,#3324,.F.);
#3346 = ORIENTED_EDGE('',*,*,#1804,.F.);
#3347 = ORIENTED_EDGE('',*,*,#3348,.T.);
#3348 = EDGE_CURVE('',#1779,#884,#3349,.T.);
#3349 = LINE('',#3350,#3351);
#3350 = CARTESIAN_POINT('',(120.5,204.5,-15.));
#3351 = VECTOR('',#3352,1.);
#3352 = DIRECTION('',(0.,0.,1.));
#3353 = ORIENTED_EDGE('',*,*,#892,.F.);
#3354 = PLANE('',#3355);
#3355 = AXIS2_PLACEMENT_3D('',#3356,#3357,#3358);
#3356 = CARTESIAN_POINT('',(120.5,185.5,-15.));
#3357 = DIRECTION('',(1.,0.,0.));
#3358 = DIRECTION('',(0.,0.,1.));
#3359 = ADVANCED_FACE('',(#3360),#3371,.F.);
#3360 = FACE_BOUND('',#3361,.T.);
#3361 = EDGE_LOOP('',(#3362,#3363,#3364,#3365));
#3362 = ORIENTED_EDGE('',*,*,#1776,.T.);
#3363 = ORIENTED_EDGE('',*,*,#3348,.T.);
#3364 = ORIENTED_EDGE('',*,*,#883,.F.);
#3365 = ORIENTED_EDGE('',*,*,#3366,.F.);
#3366 = EDGE_CURVE('',#1777,#876,#3367,.T.);
#3367 = LINE('',#3368,#3369);
#3368 = CARTESIAN_POINT('',(115.5,204.5,-15.));
#3369 = VECTOR('',#3370,1.);
#3370 = DIRECTION('',(0.,0.,1.));
#3371 = CYLINDRICAL_SURFACE('',#3372,2.5);
#3372 = AXIS2_PLACEMENT_3D('',#3373,#3374,#3375);
#3373 = CARTESIAN_POINT('',(118.,204.5,-15.));
#3374 = DIRECTION('',(-0.,-0.,-1.));
#3375 = DIRECTION('',(1.,0.,0.));
#3376 = ADVANCED_FACE('',(#3377),#3383,.T.);
#3377 = FACE_BOUND('',#3378,.T.);
#3378 = EDGE_LOOP('',(#3379,#3380,#3381,#3382));
#3379 = ORIENTED_EDGE('',*,*,#3331,.F.);
#3380 = ORIENTED_EDGE('',*,*,#1787,.F.);
#3381 = ORIENTED_EDGE('',*,*,#3366,.T.);
#3382 = ORIENTED_EDGE('',*,*,#875,.F.);
#3383 = PLANE('',#3384);
#3384 = AXIS2_PLACEMENT_3D('',#3385,#3386,#3387);
#3385 = CARTESIAN_POINT('',(115.5,185.5,-15.));
#3386 = DIRECTION('',(1.,0.,0.));
#3387 = DIRECTION('',(0.,0.,1.));
#3388 = ADVANCED_FACE('',(#3389),#3405,.F.);
#3389 = FACE_BOUND('',#3390,.T.);
#3390 = EDGE_LOOP('',(#3391,#3397,#3398,#3404));
#3391 = ORIENTED_EDGE('',*,*,#3392,.F.);
#3392 = EDGE_CURVE('',#1760,#901,#3393,.T.);
#3393 = LINE('',#3394,#3395);
#3394 = CARTESIAN_POINT('',(132.5,185.5,-15.));
#3395 = VECTOR('',#3396,1.);
#3396 = DIRECTION('',(0.,0.,1.));
#3397 = ORIENTED_EDGE('',*,*,#1759,.T.);
#3398 = ORIENTED_EDGE('',*,*,#3399,.T.);
#3399 = EDGE_CURVE('',#1752,#903,#3400,.T.);
#3400 = LINE('',#3401,#3402);
#3401 = CARTESIAN_POINT('',(127.5,185.5,-15.));
#3402 = VECTOR('',#3403,1.);
#3403 = DIRECTION('',(0.,0.,1.));
#3404 = ORIENTED_EDGE('',*,*,#900,.F.);
#3405 = CYLINDRICAL_SURFACE('',#3406,2.5);
#3406 = AXIS2_PLACEMENT_3D('',#3407,#3408,#3409);
#3407 = CARTESIAN_POINT('',(130.,185.5,-15.));
#3408 = DIRECTION('',(-0.,-0.,-1.));
#3409 = DIRECTION('',(1.,0.,0.));
#3410 = ADVANCED_FACE('',(#3411),#3422,.F.);
#3411 = FACE_BOUND('',#3412,.F.);
#3412 = EDGE_LOOP('',(#3413,#3414,#3415,#3421));
#3413 = ORIENTED_EDGE('',*,*,#3392,.F.);
#3414 = ORIENTED_EDGE('',*,*,#1768,.F.);
#3415 = ORIENTED_EDGE('',*,*,#3416,.T.);
#3416 = EDGE_CURVE('',#1743,#920,#3417,.T.);
#3417 = LINE('',#3418,#3419);
#3418 = CARTESIAN_POINT('',(132.5,204.5,-15.));
#3419 = VECTOR('',#3420,1.);
#3420 = DIRECTION('',(0.,0.,1.));
#3421 = ORIENTED_EDGE('',*,*,#928,.F.);
#3422 = PLANE('',#3423);
#3423 = AXIS2_PLACEMENT_3D('',#3424,#3425,#3426);
#3424 = CARTESIAN_POINT('',(132.5,185.5,-15.));
#3425 = DIRECTION('',(1.,0.,0.));
#3426 = DIRECTION('',(0.,0.,1.));
#3427 = ADVANCED_FACE('',(#3428),#3439,.F.);
#3428 = FACE_BOUND('',#3429,.T.);
#3429 = EDGE_LOOP('',(#3430,#3431,#3432,#3433));
#3430 = ORIENTED_EDGE('',*,*,#1740,.T.);
#3431 = ORIENTED_EDGE('',*,*,#3416,.T.);
#3432 = ORIENTED_EDGE('',*,*,#919,.F.);
#3433 = ORIENTED_EDGE('',*,*,#3434,.F.);
#3434 = EDGE_CURVE('',#1741,#912,#3435,.T.);
#3435 = LINE('',#3436,#3437);
#3436 = CARTESIAN_POINT('',(127.5,204.5,-15.));
#3437 = VECTOR('',#3438,1.);
#3438 = DIRECTION('',(0.,0.,1.));
#3439 = CYLINDRICAL_SURFACE('',#3440,2.5);
#3440 = AXIS2_PLACEMENT_3D('',#3441,#3442,#3443);
#3441 = CARTESIAN_POINT('',(130.,204.5,-15.));
#3442 = DIRECTION('',(-0.,-0.,-1.));
#3443 = DIRECTION('',(1.,0.,0.));
#3444 = ADVANCED_FACE('',(#3445),#3451,.T.);
#3445 = FACE_BOUND('',#3446,.T.);
#3446 = EDGE_LOOP('',(#3447,#3448,#3449,#3450));
#3447 = ORIENTED_EDGE('',*,*,#3399,.F.);
#3448 = ORIENTED_EDGE('',*,*,#1751,.F.);
#3449 = ORIENTED_EDGE('',*,*,#3434,.T.);
#3450 = ORIENTED_EDGE('',*,*,#911,.F.);
#3451 = PLANE('',#3452);
#3452 = AXIS2_PLACEMENT_3D('',#3453,#3454,#3455);
#3453 = CARTESIAN_POINT('',(127.5,185.5,-15.));
#3454 = DIRECTION('',(1.,0.,0.));
#3455 = DIRECTION('',(0.,0.,1.));
#3456 = ADVANCED_FACE('',(#3457),#3468,.F.);
#3457 = FACE_BOUND('',#3458,.T.);
#3458 = EDGE_LOOP('',(#3459,#3460,#3466,#3467));
#3459 = ORIENTED_EDGE('',*,*,#1693,.T.);
#3460 = ORIENTED_EDGE('',*,*,#3461,.T.);
#3461 = EDGE_CURVE('',#1694,#937,#3462,.T.);
#3462 = LINE('',#3463,#3464);
#3463 = CARTESIAN_POINT('',(170.3,165.,-15.));
#3464 = VECTOR('',#3465,1.);
#3465 = DIRECTION('',(0.,0.,1.));
#3466 = ORIENTED_EDGE('',*,*,#936,.F.);
#3467 = ORIENTED_EDGE('',*,*,#3461,.F.);
#3468 = CYLINDRICAL_SURFACE('',#3469,2.3);
#3469 = AXIS2_PLACEMENT_3D('',#3470,#3471,#3472);
#3470 = CARTESIAN_POINT('',(168.,165.,-15.));
#3471 = DIRECTION('',(-0.,-0.,-1.));
#3472 = DIRECTION('',(1.,0.,0.));
#3473 = ADVANCED_FACE('',(#3474),#3490,.F.);
#3474 = FACE_BOUND('',#3475,.T.);
#3475 = EDGE_LOOP('',(#3476,#3482,#3483,#3489));
#3476 = ORIENTED_EDGE('',*,*,#3477,.F.);
#3477 = EDGE_CURVE('',#1724,#948,#3478,.T.);
#3478 = LINE('',#3479,#3480);
#3479 = CARTESIAN_POINT('',(190.5,185.5,-15.));
#3480 = VECTOR('',#3481,1.);
#3481 = DIRECTION('',(0.,0.,1.));
#3482 = ORIENTED_EDGE('',*,*,#1723,.T.);
#3483 = ORIENTED_EDGE('',*,*,#3484,.T.);
#3484 = EDGE_CURVE('',#1716,#950,#3485,.T.);
#3485 = LINE('',#3486,#3487);
#3486 = CARTESIAN_POINT('',(185.5,185.5,-15.));
#3487 = VECTOR('',#3488,1.);
#3488 = DIRECTION('',(0.,0.,1.));
#3489 = ORIENTED_EDGE('',*,*,#947,.F.);
#3490 = CYLINDRICAL_SURFACE('',#3491,2.5);
#3491 = AXIS2_PLACEMENT_3D('',#3492,#3493,#3494);
#3492 = CARTESIAN_POINT('',(188.,185.5,-15.));
#3493 = DIRECTION('',(-0.,-0.,-1.));
#3494 = DIRECTION('',(1.,0.,0.));
#3495 = ADVANCED_FACE('',(#3496),#3507,.F.);
#3496 = FACE_BOUND('',#3497,.F.);
#3497 = EDGE_LOOP('',(#3498,#3499,#3500,#3506));
#3498 = ORIENTED_EDGE('',*,*,#3477,.F.);
#3499 = ORIENTED_EDGE('',*,*,#1732,.F.);
#3500 = ORIENTED_EDGE('',*,*,#3501,.T.);
#3501 = EDGE_CURVE('',#1707,#967,#3502,.T.);
#3502 = LINE('',#3503,#3504);
#3503 = CARTESIAN_POINT('',(190.5,204.5,-15.));
#3504 = VECTOR('',#3505,1.);
#3505 = DIRECTION('',(0.,0.,1.));
#3506 = ORIENTED_EDGE('',*,*,#975,.F.);
#3507 = PLANE('',#3508);
#3508 = AXIS2_PLACEMENT_3D('',#3509,#3510,#3511);
#3509 = CARTESIAN_POINT('',(190.5,185.5,-15.));
#3510 = DIRECTION('',(1.,0.,0.));
#3511 = DIRECTION('',(0.,0.,1.));
#3512 = ADVANCED_FACE('',(#3513),#3524,.F.);
#3513 = FACE_BOUND('',#3514,.T.);
#3514 = EDGE_LOOP('',(#3515,#3516,#3517,#3518));
#3515 = ORIENTED_EDGE('',*,*,#1704,.T.);
#3516 = ORIENTED_EDGE('',*,*,#3501,.T.);
#3517 = ORIENTED_EDGE('',*,*,#966,.F.);
#3518 = ORIENTED_EDGE('',*,*,#3519,.F.);
#3519 = EDGE_CURVE('',#1705,#959,#3520,.T.);
#3520 = LINE('',#3521,#3522);
#3521 = CARTESIAN_POINT('',(185.5,204.5,-15.));
#3522 = VECTOR('',#3523,1.);
#3523 = DIRECTION('',(0.,0.,1.));
#3524 = CYLINDRICAL_SURFACE('',#3525,2.5);
#3525 = AXIS2_PLACEMENT_3D('',#3526,#3527,#3528);
#3526 = CARTESIAN_POINT('',(188.,204.5,-15.));
#3527 = DIRECTION('',(-0.,-0.,-1.));
#3528 = DIRECTION('',(1.,0.,0.));
#3529 = ADVANCED_FACE('',(#3530),#3536,.T.);
#3530 = FACE_BOUND('',#3531,.T.);
#3531 = EDGE_LOOP('',(#3532,#3533,#3534,#3535));
#3532 = ORIENTED_EDGE('',*,*,#3484,.F.);
#3533 = ORIENTED_EDGE('',*,*,#1715,.F.);
#3534 = ORIENTED_EDGE('',*,*,#3519,.T.);
#3535 = ORIENTED_EDGE('',*,*,#958,.F.);
#3536 = PLANE('',#3537);
#3537 = AXIS2_PLACEMENT_3D('',#3538,#3539,#3540);
#3538 = CARTESIAN_POINT('',(185.5,185.5,-15.));
#3539 = DIRECTION('',(1.,0.,0.));
#3540 = DIRECTION('',(0.,0.,1.));
#3541 = ( GEOMETRIC_REPRESENTATION_CONTEXT(3) 
GLOBAL_UNCERTAINTY_ASSIGNED_CONTEXT((#3545)) 
GLOBAL_UNIT_ASSIGNED_CONTEXT((#3542,#3543,#3544)) REPRESENTATION_CONTEXT
('Context #1','3D Context with UNIT and UNCERTAINTY') );
#3542 = ( LENGTH_UNIT() NAMED_UNIT(*) SI_UNIT(.MILLI.,.METRE.) );
#3543 = ( NAMED_UNIT(*) PLANE_ANGLE_UNIT() SI_UNIT($,.RADIAN.) );
#3544 = ( NAMED_UNIT(*) SI_UNIT($,.STERADIAN.) SOLID_ANGLE_UNIT() );
#3545 = UNCERTAINTY_MEASURE_WITH_UNIT(LENGTH_MEASURE(1.E-04),#3542,
  'distance_accuracy_value','confusion accuracy');
#3546 = PRODUCT_RELATED_PRODUCT_CATEGORY('part',$,(#7));
ENDSEC;
END-ISO-10303-21;
