ISO-10303-21;
HEADER;
FILE_DESCRIPTION(('FreeCAD Model'),'2;1');
FILE_NAME('Open CASCADE Shape Model','2026-10-03T13:55:39',('FreeCAD'),(
    'FreeCAD'),'Open CASCADE STEP processor 7.8','FreeCAD','Unknown');
FILE_SCHEMA(('AUTOMOTIVE_DESIGN { 1 0 10303 214 1 1 1 1 }'));
ENDSEC;
DATA;
#1 = APPLICATION_PROTOCOL_DEFINITION('international standard',
  'automotive_design',2000,#2);
#2 = APPLICATION_CONTEXT(
  'core data for automotive mechanical design processes');
#3 = SHAPE_DEFINITION_REPRESENTATION(#4,#10);
#4 = PRODUCT_DEFINITION_SHAPE('','',#5);
#5 = PRODUCT_DEFINITION('design','',#6,#9);
#6 = PRODUCT_DEFINITION_FORMATION('','',#7);
#7 = PRODUCT('Open CASCADE STEP translator 7.8 8',
  'Open CASCADE STEP translator 7.8 8','',(#8));
#8 = PRODUCT_CONTEXT('',#2,'mechanical');
#9 = PRODUCT_DEFINITION_CONTEXT('part definition',#2,'design');
#10 = SHAPE_REPRESENTATION('',(#11,#15,#6023,#6671),#7319);
#11 = AXIS2_PLACEMENT_3D('',#12,#13,#14);
#12 = CARTESIAN_POINT('',(0.,0.,0.));
#13 = DIRECTION('',(0.,0.,1.));
#14 = DIRECTION('',(1.,0.,-0.));
#15 = MANIFOLD_SOLID_BREP('',#16);
#16 = CLOSED_SHELL('',(#17,#824,#856,#880,#904,#929,#954,#978,#1002,
    #1020,#1051,#1093,#1117,#1159,#1183,#1225,#1249,#1291,#1315,#1357,
    #1381,#1423,#1447,#1489,#1513,#1555,#1579,#1603,#1627,#1651,#1676,
    #1700,#1724,#1748,#1772,#1796,#1821,#1845,#1869,#1893,#1917,#1959,
    #1983,#2025,#2049,#2091,#2115,#2157,#2181,#2223,#2247,#2289,#2313,
    #2355,#2379,#2421,#2445,#2469,#2493,#2517,#2542,#2566,#2606,#2631,
    #2671,#2695,#2735,#2760,#2800,#2824,#2848,#2872,#2896,#2920,#2960,
    #2985,#3025,#3049,#3089,#3114,#3154,#3178,#3218,#3243,#3283,#3308,
    #3332,#3356,#3373,#3405,#3429,#3454,#3471,#3503,#3527,#3552,#3569,
    #4041,#4431,#4443,#4455,#4467,#4479,#4491,#4503,#4515,#4527,#4539,
    #4551,#4595,#4622,#4666,#4693,#4729,#4746,#4778,#4802,#4827,#4844,
    #4876,#4900,#4925,#4942,#4974,#4998,#5023,#5040,#5057,#5089,#5113,
    #5138,#5155,#5187,#5211,#5236,#5253,#5270,#5302,#5333,#5350,#5376,
    #5408,#5439,#5456,#5482,#5499,#5524,#5548,#5572,#5596,#5621,#5645,
    #5669,#5686,#5710,#5727,#5751,#5776,#5800,#5824,#5848,#5873,#5897,
    #5914,#5963,#5975,#5987));
#17 = ADVANCED_FACE('',(#18,#88,#747,#783),#819,.T.);
#18 = FACE_BOUND('',#19,.T.);
#19 = EDGE_LOOP('',(#20,#31,#39,#48,#56,#65,#73,#82));
#20 = ORIENTED_EDGE('',*,*,#21,.F.);
#21 = EDGE_CURVE('',#22,#24,#26,.T.);
#22 = VERTEX_POINT('',#23);
#23 = CARTESIAN_POINT('',(-100.,-98.,20.));
#24 = VERTEX_POINT('',#25);
#25 = CARTESIAN_POINT('',(-88.,-110.,20.));
#26 = CIRCLE('',#27,12.);
#27 = AXIS2_PLACEMENT_3D('',#28,#29,#30);
#28 = CARTESIAN_POINT('',(-88.,-98.,20.));
#29 = DIRECTION('',(0.,0.,1.));
#30 = DIRECTION('',(1.,0.,0.));
#31 = ORIENTED_EDGE('',*,*,#32,.T.);
#32 = EDGE_CURVE('',#22,#33,#35,.T.);
#33 = VERTEX_POINT('',#34);
#34 = CARTESIAN_POINT('',(-100.,98.,20.));
#35 = LINE('',#36,#37);
#36 = CARTESIAN_POINT('',(-100.,-98.,20.));
#37 = VECTOR('',#38,1.);
#38 = DIRECTION('',(0.,1.,0.));
#39 = ORIENTED_EDGE('',*,*,#40,.F.);
#40 = EDGE_CURVE('',#41,#33,#43,.T.);
#41 = VERTEX_POINT('',#42);
#42 = CARTESIAN_POINT('',(-88.,110.,20.));
#43 = CIRCLE('',#44,12.);
#44 = AXIS2_PLACEMENT_3D('',#45,#46,#47);
#45 = CARTESIAN_POINT('',(-88.,98.,20.));
#46 = DIRECTION('',(0.,0.,1.));
#47 = DIRECTION('',(1.,0.,0.));
#48 = ORIENTED_EDGE('',*,*,#49,.T.);
#49 = EDGE_CURVE('',#41,#50,#52,.T.);
#50 = VERTEX_POINT('',#51);
#51 = CARTESIAN_POINT('',(88.,110.,20.));
#52 = LINE('',#53,#54);
#53 = CARTESIAN_POINT('',(-88.,110.,20.));
#54 = VECTOR('',#55,1.);
#55 = DIRECTION('',(1.,0.,0.));
#56 = ORIENTED_EDGE('',*,*,#57,.F.);
#57 = EDGE_CURVE('',#58,#50,#60,.T.);
#58 = VERTEX_POINT('',#59);
#59 = CARTESIAN_POINT('',(100.,98.,20.));
#60 = CIRCLE('',#61,12.);
#61 = AXIS2_PLACEMENT_3D('',#62,#63,#64);
#62 = CARTESIAN_POINT('',(88.,98.,20.));
#63 = DIRECTION('',(0.,0.,1.));
#64 = DIRECTION('',(1.,0.,0.));
#65 = ORIENTED_EDGE('',*,*,#66,.F.);
#66 = EDGE_CURVE('',#67,#58,#69,.T.);
#67 = VERTEX_POINT('',#68);
#68 = CARTESIAN_POINT('',(100.,-98.,20.));
#69 = LINE('',#70,#71);
#70 = CARTESIAN_POINT('',(100.,-98.,20.));
#71 = VECTOR('',#72,1.);
#72 = DIRECTION('',(0.,1.,0.));
#73 = ORIENTED_EDGE('',*,*,#74,.F.);
#74 = EDGE_CURVE('',#75,#67,#77,.T.);
#75 = VERTEX_POINT('',#76);
#76 = CARTESIAN_POINT('',(88.,-110.,20.));
#77 = CIRCLE('',#78,12.);
#78 = AXIS2_PLACEMENT_3D('',#79,#80,#81);
#79 = CARTESIAN_POINT('',(88.,-98.,20.));
#80 = DIRECTION('',(0.,0.,1.));
#81 = DIRECTION('',(1.,0.,0.));
#82 = ORIENTED_EDGE('',*,*,#83,.F.);
#83 = EDGE_CURVE('',#24,#75,#84,.T.);
#84 = LINE('',#85,#86);
#85 = CARTESIAN_POINT('',(-88.,-110.,20.));
#86 = VECTOR('',#87,1.);
#87 = DIRECTION('',(1.,0.,0.));
#88 = FACE_BOUND('',#89,.T.);
#89 = EDGE_LOOP('',(#90,#100,#108,#116,#124,#133,#141,#150,#158,#166,
    #174,#183,#191,#199,#207,#216,#224,#232,#240,#248,#256,#264,#272,
    #281,#289,#297,#305,#314,#322,#330,#339,#347,#355,#363,#371,#380,
    #388,#397,#405,#414,#422,#431,#439,#448,#456,#465,#473,#482,#490,
    #499,#507,#515,#523,#531,#540,#548,#556,#564,#572,#580,#589,#597,
    #605,#613,#621,#630,#638,#647,#655,#664,#672,#681,#689,#698,#706,
    #715,#723,#732,#740));
#90 = ORIENTED_EDGE('',*,*,#91,.F.);
#91 = EDGE_CURVE('',#92,#94,#96,.T.);
#92 = VERTEX_POINT('',#93);
#93 = CARTESIAN_POINT('',(-88.,-98.,20.));
#94 = VERTEX_POINT('',#95);
#95 = CARTESIAN_POINT('',(-88.,-77.,20.));
#96 = LINE('',#97,#98);
#97 = CARTESIAN_POINT('',(-88.,-98.,20.));
#98 = VECTOR('',#99,1.);
#99 = DIRECTION('',(0.,1.,0.));
#100 = ORIENTED_EDGE('',*,*,#101,.T.);
#101 = EDGE_CURVE('',#92,#102,#104,.T.);
#102 = VERTEX_POINT('',#103);
#103 = CARTESIAN_POINT('',(-83.,-98.,20.));
#104 = LINE('',#105,#106);
#105 = CARTESIAN_POINT('',(-88.,-98.,20.));
#106 = VECTOR('',#107,1.);
#107 = DIRECTION('',(1.,0.,0.));
#108 = ORIENTED_EDGE('',*,*,#109,.T.);
#109 = EDGE_CURVE('',#102,#110,#112,.T.);
#110 = VERTEX_POINT('',#111);
#111 = CARTESIAN_POINT('',(-83.,-57.5,20.));
#112 = LINE('',#113,#114);
#113 = CARTESIAN_POINT('',(-83.,-98.,20.));
#114 = VECTOR('',#115,1.);
#115 = DIRECTION('',(0.,1.,0.));
#116 = ORIENTED_EDGE('',*,*,#117,.T.);
#117 = EDGE_CURVE('',#110,#118,#120,.T.);
#118 = VERTEX_POINT('',#119);
#119 = CARTESIAN_POINT('',(-76.64580823289,-57.5,20.));
#120 = LINE('',#121,#122);
#121 = CARTESIAN_POINT('',(-88.,-57.5,20.));
#122 = VECTOR('',#123,1.);
#123 = DIRECTION('',(1.,0.,0.));
#124 = ORIENTED_EDGE('',*,*,#125,.T.);
#125 = EDGE_CURVE('',#118,#126,#128,.T.);
#126 = VERTEX_POINT('',#127);
#127 = CARTESIAN_POINT('',(-61.,-60.65685424949,20.));
#128 = CIRCLE('',#129,9.);
#129 = AXIS2_PLACEMENT_3D('',#130,#131,#132);
#130 = CARTESIAN_POINT('',(-68.,-55.,20.));
#131 = DIRECTION('',(0.,0.,1.));
#132 = DIRECTION('',(1.,0.,0.));
#133 = ORIENTED_EDGE('',*,*,#134,.T.);
#134 = EDGE_CURVE('',#126,#135,#137,.T.);
#135 = VERTEX_POINT('',#136);
#136 = CARTESIAN_POINT('',(-61.,-76.,20.));
#137 = LINE('',#138,#139);
#138 = CARTESIAN_POINT('',(-61.,-38.,20.));
#139 = VECTOR('',#140,1.);
#140 = DIRECTION('',(0.,-1.,0.));
#141 = ORIENTED_EDGE('',*,*,#142,.F.);
#142 = EDGE_CURVE('',#143,#135,#145,.T.);
#143 = VERTEX_POINT('',#144);
#144 = CARTESIAN_POINT('',(-55.,-76.,20.));
#145 = CIRCLE('',#146,3.);
#146 = AXIS2_PLACEMENT_3D('',#147,#148,#149);
#147 = CARTESIAN_POINT('',(-58.,-76.,20.));
#148 = DIRECTION('',(0.,0.,-1.));
#149 = DIRECTION('',(1.,0.,0.));
#150 = ORIENTED_EDGE('',*,*,#151,.F.);
#151 = EDGE_CURVE('',#152,#143,#154,.T.);
#152 = VERTEX_POINT('',#153);
#153 = CARTESIAN_POINT('',(-55.,-57.5,20.));
#154 = LINE('',#155,#156);
#155 = CARTESIAN_POINT('',(-55.,-38.,20.));
#156 = VECTOR('',#157,1.);
#157 = DIRECTION('',(0.,-1.,0.));
#158 = ORIENTED_EDGE('',*,*,#159,.T.);
#159 = EDGE_CURVE('',#152,#160,#162,.T.);
#160 = VERTEX_POINT('',#161);
#161 = CARTESIAN_POINT('',(-43.,-57.5,20.));
#162 = LINE('',#163,#164);
#163 = CARTESIAN_POINT('',(-88.,-57.5,20.));
#164 = VECTOR('',#165,1.);
#165 = DIRECTION('',(1.,0.,0.));
#166 = ORIENTED_EDGE('',*,*,#167,.T.);
#167 = EDGE_CURVE('',#160,#168,#170,.T.);
#168 = VERTEX_POINT('',#169);
#169 = CARTESIAN_POINT('',(-43.,-76.,20.));
#170 = LINE('',#171,#172);
#171 = CARTESIAN_POINT('',(-43.,-38.,20.));
#172 = VECTOR('',#173,1.);
#173 = DIRECTION('',(0.,-1.,0.));
#174 = ORIENTED_EDGE('',*,*,#175,.F.);
#175 = EDGE_CURVE('',#176,#168,#178,.T.);
#176 = VERTEX_POINT('',#177);
#177 = CARTESIAN_POINT('',(-37.,-76.,20.));
#178 = CIRCLE('',#179,3.);
#179 = AXIS2_PLACEMENT_3D('',#180,#181,#182);
#180 = CARTESIAN_POINT('',(-40.,-76.,20.));
#181 = DIRECTION('',(0.,0.,-1.));
#182 = DIRECTION('',(1.,0.,0.));
#183 = ORIENTED_EDGE('',*,*,#184,.F.);
#184 = EDGE_CURVE('',#185,#176,#187,.T.);
#185 = VERTEX_POINT('',#186);
#186 = CARTESIAN_POINT('',(-37.,-57.5,20.));
#187 = LINE('',#188,#189);
#188 = CARTESIAN_POINT('',(-37.,-38.,20.));
#189 = VECTOR('',#190,1.);
#190 = DIRECTION('',(0.,-1.,0.));
#191 = ORIENTED_EDGE('',*,*,#192,.T.);
#192 = EDGE_CURVE('',#185,#193,#195,.T.);
#193 = VERTEX_POINT('',#194);
#194 = CARTESIAN_POINT('',(-25.,-57.5,20.));
#195 = LINE('',#196,#197);
#196 = CARTESIAN_POINT('',(-88.,-57.5,20.));
#197 = VECTOR('',#198,1.);
#198 = DIRECTION('',(1.,0.,0.));
#199 = ORIENTED_EDGE('',*,*,#200,.T.);
#200 = EDGE_CURVE('',#193,#201,#203,.T.);
#201 = VERTEX_POINT('',#202);
#202 = CARTESIAN_POINT('',(-25.,-76.,20.));
#203 = LINE('',#204,#205);
#204 = CARTESIAN_POINT('',(-25.,-38.,20.));
#205 = VECTOR('',#206,1.);
#206 = DIRECTION('',(0.,-1.,0.));
#207 = ORIENTED_EDGE('',*,*,#208,.F.);
#208 = EDGE_CURVE('',#209,#201,#211,.T.);
#209 = VERTEX_POINT('',#210);
#210 = CARTESIAN_POINT('',(-19.,-76.,20.));
#211 = CIRCLE('',#212,3.);
#212 = AXIS2_PLACEMENT_3D('',#213,#214,#215);
#213 = CARTESIAN_POINT('',(-22.,-76.,20.));
#214 = DIRECTION('',(0.,0.,-1.));
#215 = DIRECTION('',(1.,0.,0.));
#216 = ORIENTED_EDGE('',*,*,#217,.F.);
#217 = EDGE_CURVE('',#218,#209,#220,.T.);
#218 = VERTEX_POINT('',#219);
#219 = CARTESIAN_POINT('',(-19.,-57.5,20.));
#220 = LINE('',#221,#222);
#221 = CARTESIAN_POINT('',(-19.,-38.,20.));
#222 = VECTOR('',#223,1.);
#223 = DIRECTION('',(0.,-1.,0.));
#224 = ORIENTED_EDGE('',*,*,#225,.T.);
#225 = EDGE_CURVE('',#218,#226,#228,.T.);
#226 = VERTEX_POINT('',#227);
#227 = CARTESIAN_POINT('',(-2.5,-57.5,20.));
#228 = LINE('',#229,#230);
#229 = CARTESIAN_POINT('',(-88.,-57.5,20.));
#230 = VECTOR('',#231,1.);
#231 = DIRECTION('',(1.,0.,0.));
#232 = ORIENTED_EDGE('',*,*,#233,.F.);
#233 = EDGE_CURVE('',#234,#226,#236,.T.);
#234 = VERTEX_POINT('',#235);
#235 = CARTESIAN_POINT('',(-2.5,-98.,20.));
#236 = LINE('',#237,#238);
#237 = CARTESIAN_POINT('',(-2.5,-98.,20.));
#238 = VECTOR('',#239,1.);
#239 = DIRECTION('',(0.,1.,0.));
#240 = ORIENTED_EDGE('',*,*,#241,.T.);
#241 = EDGE_CURVE('',#234,#242,#244,.T.);
#242 = VERTEX_POINT('',#243);
#243 = CARTESIAN_POINT('',(2.5,-98.,20.));
#244 = LINE('',#245,#246);
#245 = CARTESIAN_POINT('',(-2.5,-98.,20.));
#246 = VECTOR('',#247,1.);
#247 = DIRECTION('',(1.,0.,0.));
#248 = ORIENTED_EDGE('',*,*,#249,.T.);
#249 = EDGE_CURVE('',#242,#250,#252,.T.);
#250 = VERTEX_POINT('',#251);
#251 = CARTESIAN_POINT('',(2.5,-57.5,20.));
#252 = LINE('',#253,#254);
#253 = CARTESIAN_POINT('',(2.5,-98.,20.));
#254 = VECTOR('',#255,1.);
#255 = DIRECTION('',(0.,1.,0.));
#256 = ORIENTED_EDGE('',*,*,#257,.T.);
#257 = EDGE_CURVE('',#250,#258,#260,.T.);
#258 = VERTEX_POINT('',#259);
#259 = CARTESIAN_POINT('',(15.5,-57.5,20.));
#260 = LINE('',#261,#262);
#261 = CARTESIAN_POINT('',(-88.,-57.5,20.));
#262 = VECTOR('',#263,1.);
#263 = DIRECTION('',(1.,0.,0.));
#264 = ORIENTED_EDGE('',*,*,#265,.T.);
#265 = EDGE_CURVE('',#258,#266,#268,.T.);
#266 = VERTEX_POINT('',#267);
#267 = CARTESIAN_POINT('',(15.5,-74.5,20.));
#268 = LINE('',#269,#270);
#269 = CARTESIAN_POINT('',(15.5,-37.25,20.));
#270 = VECTOR('',#271,1.);
#271 = DIRECTION('',(0.,-1.,0.));
#272 = ORIENTED_EDGE('',*,*,#273,.F.);
#273 = EDGE_CURVE('',#274,#266,#276,.T.);
#274 = VERTEX_POINT('',#275);
#275 = CARTESIAN_POINT('',(20.5,-74.5,20.));
#276 = CIRCLE('',#277,2.5);
#277 = AXIS2_PLACEMENT_3D('',#278,#279,#280);
#278 = CARTESIAN_POINT('',(18.,-74.5,20.));
#279 = DIRECTION('',(0.,0.,-1.));
#280 = DIRECTION('',(1.,0.,0.));
#281 = ORIENTED_EDGE('',*,*,#282,.F.);
#282 = EDGE_CURVE('',#283,#274,#285,.T.);
#283 = VERTEX_POINT('',#284);
#284 = CARTESIAN_POINT('',(20.5,-57.5,20.));
#285 = LINE('',#286,#287);
#286 = CARTESIAN_POINT('',(20.5,-37.25,20.));
#287 = VECTOR('',#288,1.);
#288 = DIRECTION('',(0.,-1.,0.));
#289 = ORIENTED_EDGE('',*,*,#290,.T.);
#290 = EDGE_CURVE('',#283,#291,#293,.T.);
#291 = VERTEX_POINT('',#292);
#292 = CARTESIAN_POINT('',(27.5,-57.5,20.));
#293 = LINE('',#294,#295);
#294 = CARTESIAN_POINT('',(-88.,-57.5,20.));
#295 = VECTOR('',#296,1.);
#296 = DIRECTION('',(1.,0.,0.));
#297 = ORIENTED_EDGE('',*,*,#298,.T.);
#298 = EDGE_CURVE('',#291,#299,#301,.T.);
#299 = VERTEX_POINT('',#300);
#300 = CARTESIAN_POINT('',(27.5,-74.5,20.));
#301 = LINE('',#302,#303);
#302 = CARTESIAN_POINT('',(27.5,-37.25,20.));
#303 = VECTOR('',#304,1.);
#304 = DIRECTION('',(0.,-1.,0.));
#305 = ORIENTED_EDGE('',*,*,#306,.F.);
#306 = EDGE_CURVE('',#307,#299,#309,.T.);
#307 = VERTEX_POINT('',#308);
#308 = CARTESIAN_POINT('',(32.5,-74.5,20.));
#309 = CIRCLE('',#310,2.5);
#310 = AXIS2_PLACEMENT_3D('',#311,#312,#313);
#311 = CARTESIAN_POINT('',(30.,-74.5,20.));
#312 = DIRECTION('',(0.,0.,-1.));
#313 = DIRECTION('',(1.,0.,0.));
#314 = ORIENTED_EDGE('',*,*,#315,.F.);
#315 = EDGE_CURVE('',#316,#307,#318,.T.);
#316 = VERTEX_POINT('',#317);
#317 = CARTESIAN_POINT('',(32.5,-57.5,20.));
#318 = LINE('',#319,#320);
#319 = CARTESIAN_POINT('',(32.5,-37.25,20.));
#320 = VECTOR('',#321,1.);
#321 = DIRECTION('',(0.,-1.,0.));
#322 = ORIENTED_EDGE('',*,*,#323,.T.);
#323 = EDGE_CURVE('',#316,#324,#326,.T.);
#324 = VERTEX_POINT('',#325);
#325 = CARTESIAN_POINT('',(59.354191767105,-57.5,20.));
#326 = LINE('',#327,#328);
#327 = CARTESIAN_POINT('',(-88.,-57.5,20.));
#328 = VECTOR('',#329,1.);
#329 = DIRECTION('',(1.,0.,0.));
#330 = ORIENTED_EDGE('',*,*,#331,.T.);
#331 = EDGE_CURVE('',#324,#332,#334,.T.);
#332 = VERTEX_POINT('',#333);
#333 = CARTESIAN_POINT('',(76.645808232895,-57.5,20.));
#334 = CIRCLE('',#335,9.);
#335 = AXIS2_PLACEMENT_3D('',#336,#337,#338);
#336 = CARTESIAN_POINT('',(68.,-55.,20.));
#337 = DIRECTION('',(0.,0.,1.));
#338 = DIRECTION('',(1.,0.,0.));
#339 = ORIENTED_EDGE('',*,*,#340,.T.);
#340 = EDGE_CURVE('',#332,#341,#343,.T.);
#341 = VERTEX_POINT('',#342);
#342 = CARTESIAN_POINT('',(83.,-57.5,20.));
#343 = LINE('',#344,#345);
#344 = CARTESIAN_POINT('',(-88.,-57.5,20.));
#345 = VECTOR('',#346,1.);
#346 = DIRECTION('',(1.,0.,0.));
#347 = ORIENTED_EDGE('',*,*,#348,.F.);
#348 = EDGE_CURVE('',#349,#341,#351,.T.);
#349 = VERTEX_POINT('',#350);
#350 = CARTESIAN_POINT('',(83.,-98.,20.));
#351 = LINE('',#352,#353);
#352 = CARTESIAN_POINT('',(83.,-98.,20.));
#353 = VECTOR('',#354,1.);
#354 = DIRECTION('',(0.,1.,0.));
#355 = ORIENTED_EDGE('',*,*,#356,.T.);
#356 = EDGE_CURVE('',#349,#357,#359,.T.);
#357 = VERTEX_POINT('',#358);
#358 = CARTESIAN_POINT('',(88.,-98.,20.));
#359 = LINE('',#360,#361);
#360 = CARTESIAN_POINT('',(83.,-98.,20.));
#361 = VECTOR('',#362,1.);
#362 = DIRECTION('',(1.,0.,0.));
#363 = ORIENTED_EDGE('',*,*,#364,.T.);
#364 = EDGE_CURVE('',#357,#365,#367,.T.);
#365 = VERTEX_POINT('',#366);
#366 = CARTESIAN_POINT('',(88.,-77.,20.));
#367 = LINE('',#368,#369);
#368 = CARTESIAN_POINT('',(88.,-98.,20.));
#369 = VECTOR('',#370,1.);
#370 = DIRECTION('',(0.,1.,0.));
#371 = ORIENTED_EDGE('',*,*,#372,.F.);
#372 = EDGE_CURVE('',#373,#365,#375,.T.);
#373 = VERTEX_POINT('',#374);
#374 = CARTESIAN_POINT('',(90.5,-74.5,20.));
#375 = CIRCLE('',#376,2.5);
#376 = AXIS2_PLACEMENT_3D('',#377,#378,#379);
#377 = CARTESIAN_POINT('',(88.,-74.5,20.));
#378 = DIRECTION('',(0.,0.,-1.));
#379 = DIRECTION('',(1.,0.,0.));
#380 = ORIENTED_EDGE('',*,*,#381,.F.);
#381 = EDGE_CURVE('',#382,#373,#384,.T.);
#382 = VERTEX_POINT('',#383);
#383 = CARTESIAN_POINT('',(90.5,-55.5,20.));
#384 = LINE('',#385,#386);
#385 = CARTESIAN_POINT('',(90.5,-37.25,20.));
#386 = VECTOR('',#387,1.);
#387 = DIRECTION('',(0.,-1.,0.));
#388 = ORIENTED_EDGE('',*,*,#389,.F.);
#389 = EDGE_CURVE('',#390,#382,#392,.T.);
#390 = VERTEX_POINT('',#391);
#391 = CARTESIAN_POINT('',(88.,-53.,20.));
#392 = CIRCLE('',#393,2.5);
#393 = AXIS2_PLACEMENT_3D('',#394,#395,#396);
#394 = CARTESIAN_POINT('',(88.,-55.5,20.));
#395 = DIRECTION('',(0.,0.,-1.));
#396 = DIRECTION('',(1.,0.,0.));
#397 = ORIENTED_EDGE('',*,*,#398,.T.);
#398 = EDGE_CURVE('',#390,#399,#401,.T.);
#399 = VERTEX_POINT('',#400);
#400 = CARTESIAN_POINT('',(88.,-37.,20.));
#401 = LINE('',#402,#403);
#402 = CARTESIAN_POINT('',(88.,-98.,20.));
#403 = VECTOR('',#404,1.);
#404 = DIRECTION('',(0.,1.,0.));
#405 = ORIENTED_EDGE('',*,*,#406,.F.);
#406 = EDGE_CURVE('',#407,#399,#409,.T.);
#407 = VERTEX_POINT('',#408);
#408 = CARTESIAN_POINT('',(90.5,-34.5,20.));
#409 = CIRCLE('',#410,2.5);
#410 = AXIS2_PLACEMENT_3D('',#411,#412,#413);
#411 = CARTESIAN_POINT('',(88.,-34.5,20.));
#412 = DIRECTION('',(0.,0.,-1.));
#413 = DIRECTION('',(1.,0.,0.));
#414 = ORIENTED_EDGE('',*,*,#415,.F.);
#415 = EDGE_CURVE('',#416,#407,#418,.T.);
#416 = VERTEX_POINT('',#417);
#417 = CARTESIAN_POINT('',(90.5,-15.5,20.));
#418 = LINE('',#419,#420);
#419 = CARTESIAN_POINT('',(90.5,-17.25,20.));
#420 = VECTOR('',#421,1.);
#421 = DIRECTION('',(0.,-1.,0.));
#422 = ORIENTED_EDGE('',*,*,#423,.F.);
#423 = EDGE_CURVE('',#424,#416,#426,.T.);
#424 = VERTEX_POINT('',#425);
#425 = CARTESIAN_POINT('',(88.,-13.,20.));
#426 = CIRCLE('',#427,2.5);
#427 = AXIS2_PLACEMENT_3D('',#428,#429,#430);
#428 = CARTESIAN_POINT('',(88.,-15.5,20.));
#429 = DIRECTION('',(0.,0.,-1.));
#430 = DIRECTION('',(1.,0.,0.));
#431 = ORIENTED_EDGE('',*,*,#432,.T.);
#432 = EDGE_CURVE('',#424,#433,#435,.T.);
#433 = VERTEX_POINT('',#434);
#434 = CARTESIAN_POINT('',(88.,33.,20.));
#435 = LINE('',#436,#437);
#436 = CARTESIAN_POINT('',(88.,-98.,20.));
#437 = VECTOR('',#438,1.);
#438 = DIRECTION('',(0.,1.,0.));
#439 = ORIENTED_EDGE('',*,*,#440,.F.);
#440 = EDGE_CURVE('',#441,#433,#443,.T.);
#441 = VERTEX_POINT('',#442);
#442 = CARTESIAN_POINT('',(90.5,35.5,20.));
#443 = CIRCLE('',#444,2.5);
#444 = AXIS2_PLACEMENT_3D('',#445,#446,#447);
#445 = CARTESIAN_POINT('',(88.,35.5,20.));
#446 = DIRECTION('',(0.,0.,-1.));
#447 = DIRECTION('',(1.,0.,0.));
#448 = ORIENTED_EDGE('',*,*,#449,.F.);
#449 = EDGE_CURVE('',#450,#441,#452,.T.);
#450 = VERTEX_POINT('',#451);
#451 = CARTESIAN_POINT('',(90.5,54.5,20.));
#452 = LINE('',#453,#454);
#453 = CARTESIAN_POINT('',(90.5,17.75,20.));
#454 = VECTOR('',#455,1.);
#455 = DIRECTION('',(0.,-1.,0.));
#456 = ORIENTED_EDGE('',*,*,#457,.F.);
#457 = EDGE_CURVE('',#458,#450,#460,.T.);
#458 = VERTEX_POINT('',#459);
#459 = CARTESIAN_POINT('',(88.,57.,20.));
#460 = CIRCLE('',#461,2.5);
#461 = AXIS2_PLACEMENT_3D('',#462,#463,#464);
#462 = CARTESIAN_POINT('',(88.,54.5,20.));
#463 = DIRECTION('',(0.,0.,-1.));
#464 = DIRECTION('',(1.,0.,0.));
#465 = ORIENTED_EDGE('',*,*,#466,.T.);
#466 = EDGE_CURVE('',#458,#467,#469,.T.);
#467 = VERTEX_POINT('',#468);
#468 = CARTESIAN_POINT('',(88.,73.,20.));
#469 = LINE('',#470,#471);
#470 = CARTESIAN_POINT('',(88.,-98.,20.));
#471 = VECTOR('',#472,1.);
#472 = DIRECTION('',(0.,1.,0.));
#473 = ORIENTED_EDGE('',*,*,#474,.F.);
#474 = EDGE_CURVE('',#475,#467,#477,.T.);
#475 = VERTEX_POINT('',#476);
#476 = CARTESIAN_POINT('',(90.5,75.5,20.));
#477 = CIRCLE('',#478,2.5);
#478 = AXIS2_PLACEMENT_3D('',#479,#480,#481);
#479 = CARTESIAN_POINT('',(88.,75.5,20.));
#480 = DIRECTION('',(0.,0.,-1.));
#481 = DIRECTION('',(1.,0.,0.));
#482 = ORIENTED_EDGE('',*,*,#483,.F.);
#483 = EDGE_CURVE('',#484,#475,#486,.T.);
#484 = VERTEX_POINT('',#485);
#485 = CARTESIAN_POINT('',(90.5,94.5,20.));
#486 = LINE('',#487,#488);
#487 = CARTESIAN_POINT('',(90.5,37.75,20.));
#488 = VECTOR('',#489,1.);
#489 = DIRECTION('',(0.,-1.,0.));
#490 = ORIENTED_EDGE('',*,*,#491,.F.);
#491 = EDGE_CURVE('',#492,#484,#494,.T.);
#492 = VERTEX_POINT('',#493);
#493 = CARTESIAN_POINT('',(88.,97.,20.));
#494 = CIRCLE('',#495,2.5);
#495 = AXIS2_PLACEMENT_3D('',#496,#497,#498);
#496 = CARTESIAN_POINT('',(88.,94.5,20.));
#497 = DIRECTION('',(0.,0.,-1.));
#498 = DIRECTION('',(1.,0.,0.));
#499 = ORIENTED_EDGE('',*,*,#500,.T.);
#500 = EDGE_CURVE('',#492,#501,#503,.T.);
#501 = VERTEX_POINT('',#502);
#502 = CARTESIAN_POINT('',(88.,98.,20.));
#503 = LINE('',#504,#505);
#504 = CARTESIAN_POINT('',(88.,-98.,20.));
#505 = VECTOR('',#506,1.);
#506 = DIRECTION('',(0.,1.,0.));
#507 = ORIENTED_EDGE('',*,*,#508,.F.);
#508 = EDGE_CURVE('',#509,#501,#511,.T.);
#509 = VERTEX_POINT('',#510);
#510 = CARTESIAN_POINT('',(83.,98.,20.));
#511 = LINE('',#512,#513);
#512 = CARTESIAN_POINT('',(83.,98.,20.));
#513 = VECTOR('',#514,1.);
#514 = DIRECTION('',(1.,0.,0.));
#515 = ORIENTED_EDGE('',*,*,#516,.F.);
#516 = EDGE_CURVE('',#517,#509,#519,.T.);
#517 = VERTEX_POINT('',#518);
#518 = CARTESIAN_POINT('',(83.,57.5,20.));
#519 = LINE('',#520,#521);
#520 = CARTESIAN_POINT('',(83.,-98.,20.));
#521 = VECTOR('',#522,1.);
#522 = DIRECTION('',(0.,1.,0.));
#523 = ORIENTED_EDGE('',*,*,#524,.F.);
#524 = EDGE_CURVE('',#525,#517,#527,.T.);
#525 = VERTEX_POINT('',#526);
#526 = CARTESIAN_POINT('',(76.645808232895,57.5,20.));
#527 = LINE('',#528,#529);
#528 = CARTESIAN_POINT('',(-88.,57.5,20.));
#529 = VECTOR('',#530,1.);
#530 = DIRECTION('',(1.,0.,0.));
#531 = ORIENTED_EDGE('',*,*,#532,.T.);
#532 = EDGE_CURVE('',#525,#533,#535,.T.);
#533 = VERTEX_POINT('',#534);
#534 = CARTESIAN_POINT('',(59.354191767105,57.5,20.));
#535 = CIRCLE('',#536,9.);
#536 = AXIS2_PLACEMENT_3D('',#537,#538,#539);
#537 = CARTESIAN_POINT('',(68.,55.,20.));
#538 = DIRECTION('',(0.,0.,1.));
#539 = DIRECTION('',(1.,0.,0.));
#540 = ORIENTED_EDGE('',*,*,#541,.F.);
#541 = EDGE_CURVE('',#542,#533,#544,.T.);
#542 = VERTEX_POINT('',#543);
#543 = CARTESIAN_POINT('',(2.5,57.5,20.));
#544 = LINE('',#545,#546);
#545 = CARTESIAN_POINT('',(-88.,57.5,20.));
#546 = VECTOR('',#547,1.);
#547 = DIRECTION('',(1.,0.,0.));
#548 = ORIENTED_EDGE('',*,*,#549,.T.);
#549 = EDGE_CURVE('',#542,#550,#552,.T.);
#550 = VERTEX_POINT('',#551);
#551 = CARTESIAN_POINT('',(2.5,98.,20.));
#552 = LINE('',#553,#554);
#553 = CARTESIAN_POINT('',(2.5,-98.,20.));
#554 = VECTOR('',#555,1.);
#555 = DIRECTION('',(0.,1.,0.));
#556 = ORIENTED_EDGE('',*,*,#557,.F.);
#557 = EDGE_CURVE('',#558,#550,#560,.T.);
#558 = VERTEX_POINT('',#559);
#559 = CARTESIAN_POINT('',(-2.5,98.,20.));
#560 = LINE('',#561,#562);
#561 = CARTESIAN_POINT('',(-2.5,98.,20.));
#562 = VECTOR('',#563,1.);
#563 = DIRECTION('',(1.,0.,0.));
#564 = ORIENTED_EDGE('',*,*,#565,.F.);
#565 = EDGE_CURVE('',#566,#558,#568,.T.);
#566 = VERTEX_POINT('',#567);
#567 = CARTESIAN_POINT('',(-2.5,57.5,20.));
#568 = LINE('',#569,#570);
#569 = CARTESIAN_POINT('',(-2.5,-98.,20.));
#570 = VECTOR('',#571,1.);
#571 = DIRECTION('',(0.,1.,0.));
#572 = ORIENTED_EDGE('',*,*,#573,.F.);
#573 = EDGE_CURVE('',#574,#566,#576,.T.);
#574 = VERTEX_POINT('',#575);
#575 = CARTESIAN_POINT('',(-59.3541917671,57.5,20.));
#576 = LINE('',#577,#578);
#577 = CARTESIAN_POINT('',(-88.,57.5,20.));
#578 = VECTOR('',#579,1.);
#579 = DIRECTION('',(1.,0.,0.));
#580 = ORIENTED_EDGE('',*,*,#581,.T.);
#581 = EDGE_CURVE('',#574,#582,#584,.T.);
#582 = VERTEX_POINT('',#583);
#583 = CARTESIAN_POINT('',(-76.64580823289,57.5,20.));
#584 = CIRCLE('',#585,9.);
#585 = AXIS2_PLACEMENT_3D('',#586,#587,#588);
#586 = CARTESIAN_POINT('',(-68.,55.,20.));
#587 = DIRECTION('',(0.,0.,1.));
#588 = DIRECTION('',(1.,0.,0.));
#589 = ORIENTED_EDGE('',*,*,#590,.F.);
#590 = EDGE_CURVE('',#591,#582,#593,.T.);
#591 = VERTEX_POINT('',#592);
#592 = CARTESIAN_POINT('',(-83.,57.5,20.));
#593 = LINE('',#594,#595);
#594 = CARTESIAN_POINT('',(-88.,57.5,20.));
#595 = VECTOR('',#596,1.);
#596 = DIRECTION('',(1.,0.,0.));
#597 = ORIENTED_EDGE('',*,*,#598,.T.);
#598 = EDGE_CURVE('',#591,#599,#601,.T.);
#599 = VERTEX_POINT('',#600);
#600 = CARTESIAN_POINT('',(-83.,98.,20.));
#601 = LINE('',#602,#603);
#602 = CARTESIAN_POINT('',(-83.,-98.,20.));
#603 = VECTOR('',#604,1.);
#604 = DIRECTION('',(0.,1.,0.));
#605 = ORIENTED_EDGE('',*,*,#606,.F.);
#606 = EDGE_CURVE('',#607,#599,#609,.T.);
#607 = VERTEX_POINT('',#608);
#608 = CARTESIAN_POINT('',(-88.,98.,20.));
#609 = LINE('',#610,#611);
#610 = CARTESIAN_POINT('',(-88.,98.,20.));
#611 = VECTOR('',#612,1.);
#612 = DIRECTION('',(1.,0.,0.));
#613 = ORIENTED_EDGE('',*,*,#614,.F.);
#614 = EDGE_CURVE('',#615,#607,#617,.T.);
#615 = VERTEX_POINT('',#616);
#616 = CARTESIAN_POINT('',(-88.,97.,20.));
#617 = LINE('',#618,#619);
#618 = CARTESIAN_POINT('',(-88.,-98.,20.));
#619 = VECTOR('',#620,1.);
#620 = DIRECTION('',(0.,1.,0.));
#621 = ORIENTED_EDGE('',*,*,#622,.F.);
#622 = EDGE_CURVE('',#623,#615,#625,.T.);
#623 = VERTEX_POINT('',#624);
#624 = CARTESIAN_POINT('',(-90.5,94.5,20.));
#625 = CIRCLE('',#626,2.5);
#626 = AXIS2_PLACEMENT_3D('',#627,#628,#629);
#627 = CARTESIAN_POINT('',(-88.,94.5,20.));
#628 = DIRECTION('',(0.,0.,-1.));
#629 = DIRECTION('',(1.,0.,0.));
#630 = ORIENTED_EDGE('',*,*,#631,.T.);
#631 = EDGE_CURVE('',#623,#632,#634,.T.);
#632 = VERTEX_POINT('',#633);
#633 = CARTESIAN_POINT('',(-90.5,75.5,20.));
#634 = LINE('',#635,#636);
#635 = CARTESIAN_POINT('',(-90.5,37.75,20.));
#636 = VECTOR('',#637,1.);
#637 = DIRECTION('',(0.,-1.,0.));
#638 = ORIENTED_EDGE('',*,*,#639,.F.);
#639 = EDGE_CURVE('',#640,#632,#642,.T.);
#640 = VERTEX_POINT('',#641);
#641 = CARTESIAN_POINT('',(-88.,73.,20.));
#642 = CIRCLE('',#643,2.5);
#643 = AXIS2_PLACEMENT_3D('',#644,#645,#646);
#644 = CARTESIAN_POINT('',(-88.,75.5,20.));
#645 = DIRECTION('',(0.,0.,-1.));
#646 = DIRECTION('',(1.,0.,0.));
#647 = ORIENTED_EDGE('',*,*,#648,.F.);
#648 = EDGE_CURVE('',#649,#640,#651,.T.);
#649 = VERTEX_POINT('',#650);
#650 = CARTESIAN_POINT('',(-88.,57.,20.));
#651 = LINE('',#652,#653);
#652 = CARTESIAN_POINT('',(-88.,-98.,20.));
#653 = VECTOR('',#654,1.);
#654 = DIRECTION('',(0.,1.,0.));
#655 = ORIENTED_EDGE('',*,*,#656,.F.);
#656 = EDGE_CURVE('',#657,#649,#659,.T.);
#657 = VERTEX_POINT('',#658);
#658 = CARTESIAN_POINT('',(-90.5,54.5,20.));
#659 = CIRCLE('',#660,2.5);
#660 = AXIS2_PLACEMENT_3D('',#661,#662,#663);
#661 = CARTESIAN_POINT('',(-88.,54.5,20.));
#662 = DIRECTION('',(0.,0.,-1.));
#663 = DIRECTION('',(1.,0.,0.));
#664 = ORIENTED_EDGE('',*,*,#665,.T.);
#665 = EDGE_CURVE('',#657,#666,#668,.T.);
#666 = VERTEX_POINT('',#667);
#667 = CARTESIAN_POINT('',(-90.5,35.5,20.));
#668 = LINE('',#669,#670);
#669 = CARTESIAN_POINT('',(-90.5,17.75,20.));
#670 = VECTOR('',#671,1.);
#671 = DIRECTION('',(0.,-1.,0.));
#672 = ORIENTED_EDGE('',*,*,#673,.F.);
#673 = EDGE_CURVE('',#674,#666,#676,.T.);
#674 = VERTEX_POINT('',#675);
#675 = CARTESIAN_POINT('',(-88.,33.,20.));
#676 = CIRCLE('',#677,2.5);
#677 = AXIS2_PLACEMENT_3D('',#678,#679,#680);
#678 = CARTESIAN_POINT('',(-88.,35.5,20.));
#679 = DIRECTION('',(0.,0.,-1.));
#680 = DIRECTION('',(1.,0.,0.));
#681 = ORIENTED_EDGE('',*,*,#682,.F.);
#682 = EDGE_CURVE('',#683,#674,#685,.T.);
#683 = VERTEX_POINT('',#684);
#684 = CARTESIAN_POINT('',(-88.,-13.,20.));
#685 = LINE('',#686,#687);
#686 = CARTESIAN_POINT('',(-88.,-98.,20.));
#687 = VECTOR('',#688,1.);
#688 = DIRECTION('',(0.,1.,0.));
#689 = ORIENTED_EDGE('',*,*,#690,.F.);
#690 = EDGE_CURVE('',#691,#683,#693,.T.);
#691 = VERTEX_POINT('',#692);
#692 = CARTESIAN_POINT('',(-90.5,-15.5,20.));
#693 = CIRCLE('',#694,2.5);
#694 = AXIS2_PLACEMENT_3D('',#695,#696,#697);
#695 = CARTESIAN_POINT('',(-88.,-15.5,20.));
#696 = DIRECTION('',(0.,0.,-1.));
#697 = DIRECTION('',(1.,0.,0.));
#698 = ORIENTED_EDGE('',*,*,#699,.T.);
#699 = EDGE_CURVE('',#691,#700,#702,.T.);
#700 = VERTEX_POINT('',#701);
#701 = CARTESIAN_POINT('',(-90.5,-34.5,20.));
#702 = LINE('',#703,#704);
#703 = CARTESIAN_POINT('',(-90.5,-17.25,20.));
#704 = VECTOR('',#705,1.);
#705 = DIRECTION('',(0.,-1.,0.));
#706 = ORIENTED_EDGE('',*,*,#707,.F.);
#707 = EDGE_CURVE('',#708,#700,#710,.T.);
#708 = VERTEX_POINT('',#709);
#709 = CARTESIAN_POINT('',(-88.,-37.,20.));
#710 = CIRCLE('',#711,2.5);
#711 = AXIS2_PLACEMENT_3D('',#712,#713,#714);
#712 = CARTESIAN_POINT('',(-88.,-34.5,20.));
#713 = DIRECTION('',(0.,0.,-1.));
#714 = DIRECTION('',(1.,0.,0.));
#715 = ORIENTED_EDGE('',*,*,#716,.F.);
#716 = EDGE_CURVE('',#717,#708,#719,.T.);
#717 = VERTEX_POINT('',#718);
#718 = CARTESIAN_POINT('',(-88.,-53.,20.));
#719 = LINE('',#720,#721);
#720 = CARTESIAN_POINT('',(-88.,-98.,20.));
#721 = VECTOR('',#722,1.);
#722 = DIRECTION('',(0.,1.,0.));
#723 = ORIENTED_EDGE('',*,*,#724,.F.);
#724 = EDGE_CURVE('',#725,#717,#727,.T.);
#725 = VERTEX_POINT('',#726);
#726 = CARTESIAN_POINT('',(-90.5,-55.5,20.));
#727 = CIRCLE('',#728,2.5);
#728 = AXIS2_PLACEMENT_3D('',#729,#730,#731);
#729 = CARTESIAN_POINT('',(-88.,-55.5,20.));
#730 = DIRECTION('',(0.,0.,-1.));
#731 = DIRECTION('',(1.,0.,0.));
#732 = ORIENTED_EDGE('',*,*,#733,.T.);
#733 = EDGE_CURVE('',#725,#734,#736,.T.);
#734 = VERTEX_POINT('',#735);
#735 = CARTESIAN_POINT('',(-90.5,-74.5,20.));
#736 = LINE('',#737,#738);
#737 = CARTESIAN_POINT('',(-90.5,-37.25,20.));
#738 = VECTOR('',#739,1.);
#739 = DIRECTION('',(0.,-1.,0.));
#740 = ORIENTED_EDGE('',*,*,#741,.F.);
#741 = EDGE_CURVE('',#94,#734,#742,.T.);
#742 = CIRCLE('',#743,2.5);
#743 = AXIS2_PLACEMENT_3D('',#744,#745,#746);
#744 = CARTESIAN_POINT('',(-88.,-74.5,20.));
#745 = DIRECTION('',(0.,0.,-1.));
#746 = DIRECTION('',(1.,0.,0.));
#747 = FACE_BOUND('',#748,.T.);
#748 = EDGE_LOOP('',(#749,#760,#768,#777));
#749 = ORIENTED_EDGE('',*,*,#750,.F.);
#750 = EDGE_CURVE('',#751,#753,#755,.T.);
#751 = VERTEX_POINT('',#752);
#752 = CARTESIAN_POINT('',(27.5,94.5,20.));
#753 = VERTEX_POINT('',#754);
#754 = CARTESIAN_POINT('',(32.5,94.5,20.));
#755 = CIRCLE('',#756,2.5);
#756 = AXIS2_PLACEMENT_3D('',#757,#758,#759);
#757 = CARTESIAN_POINT('',(30.,94.5,20.));
#758 = DIRECTION('',(0.,0.,-1.));
#759 = DIRECTION('',(1.,0.,0.));
#760 = ORIENTED_EDGE('',*,*,#761,.T.);
#761 = EDGE_CURVE('',#751,#762,#764,.T.);
#762 = VERTEX_POINT('',#763);
#763 = CARTESIAN_POINT('',(27.5,75.5,20.));
#764 = LINE('',#765,#766);
#765 = CARTESIAN_POINT('',(27.5,37.75,20.));
#766 = VECTOR('',#767,1.);
#767 = DIRECTION('',(0.,-1.,0.));
#768 = ORIENTED_EDGE('',*,*,#769,.F.);
#769 = EDGE_CURVE('',#770,#762,#772,.T.);
#770 = VERTEX_POINT('',#771);
#771 = CARTESIAN_POINT('',(32.5,75.5,20.));
#772 = CIRCLE('',#773,2.5);
#773 = AXIS2_PLACEMENT_3D('',#774,#775,#776);
#774 = CARTESIAN_POINT('',(30.,75.5,20.));
#775 = DIRECTION('',(0.,0.,-1.));
#776 = DIRECTION('',(1.,0.,0.));
#777 = ORIENTED_EDGE('',*,*,#778,.F.);
#778 = EDGE_CURVE('',#753,#770,#779,.T.);
#779 = LINE('',#780,#781);
#780 = CARTESIAN_POINT('',(32.5,37.75,20.));
#781 = VECTOR('',#782,1.);
#782 = DIRECTION('',(0.,-1.,0.));
#783 = FACE_BOUND('',#784,.T.);
#784 = EDGE_LOOP('',(#785,#796,#804,#813));
#785 = ORIENTED_EDGE('',*,*,#786,.F.);
#786 = EDGE_CURVE('',#787,#789,#791,.T.);
#787 = VERTEX_POINT('',#788);
#788 = CARTESIAN_POINT('',(15.5,94.5,20.));
#789 = VERTEX_POINT('',#790);
#790 = CARTESIAN_POINT('',(20.5,94.5,20.));
#791 = CIRCLE('',#792,2.5);
#792 = AXIS2_PLACEMENT_3D('',#793,#794,#795);
#793 = CARTESIAN_POINT('',(18.,94.5,20.));
#794 = DIRECTION('',(0.,0.,-1.));
#795 = DIRECTION('',(1.,0.,0.));
#796 = ORIENTED_EDGE('',*,*,#797,.T.);
#797 = EDGE_CURVE('',#787,#798,#800,.T.);
#798 = VERTEX_POINT('',#799);
#799 = CARTESIAN_POINT('',(15.5,75.5,20.));
#800 = LINE('',#801,#802);
#801 = CARTESIAN_POINT('',(15.5,37.75,20.));
#802 = VECTOR('',#803,1.);
#803 = DIRECTION('',(0.,-1.,0.));
#804 = ORIENTED_EDGE('',*,*,#805,.F.);
#805 = EDGE_CURVE('',#806,#798,#808,.T.);
#806 = VERTEX_POINT('',#807);
#807 = CARTESIAN_POINT('',(20.5,75.5,20.));
#808 = CIRCLE('',#809,2.5);
#809 = AXIS2_PLACEMENT_3D('',#810,#811,#812);
#810 = CARTESIAN_POINT('',(18.,75.5,20.));
#811 = DIRECTION('',(0.,0.,-1.));
#812 = DIRECTION('',(1.,0.,0.));
#813 = ORIENTED_EDGE('',*,*,#814,.F.);
#814 = EDGE_CURVE('',#789,#806,#815,.T.);
#815 = LINE('',#816,#817);
#816 = CARTESIAN_POINT('',(20.5,37.75,20.));
#817 = VECTOR('',#818,1.);
#818 = DIRECTION('',(0.,-1.,0.));
#819 = PLANE('',#820);
#820 = AXIS2_PLACEMENT_3D('',#821,#822,#823);
#821 = CARTESIAN_POINT('',(-2.222236737516E-15,0.,20.));
#822 = DIRECTION('',(-0.,-0.,-1.));
#823 = DIRECTION('',(-1.,0.,0.));
#824 = ADVANCED_FACE('',(#825),#851,.T.);
#825 = FACE_BOUND('',#826,.F.);
#826 = EDGE_LOOP('',(#827,#835,#836,#844));
#827 = ORIENTED_EDGE('',*,*,#828,.F.);
#828 = EDGE_CURVE('',#24,#829,#831,.T.);
#829 = VERTEX_POINT('',#830);
#830 = CARTESIAN_POINT('',(-88.,-110.,24.));
#831 = LINE('',#832,#833);
#832 = CARTESIAN_POINT('',(-88.,-110.,20.));
#833 = VECTOR('',#834,1.);
#834 = DIRECTION('',(0.,0.,1.));
#835 = ORIENTED_EDGE('',*,*,#21,.F.);
#836 = ORIENTED_EDGE('',*,*,#837,.T.);
#837 = EDGE_CURVE('',#22,#838,#840,.T.);
#838 = VERTEX_POINT('',#839);
#839 = CARTESIAN_POINT('',(-100.,-98.,24.));
#840 = LINE('',#841,#842);
#841 = CARTESIAN_POINT('',(-100.,-98.,20.));
#842 = VECTOR('',#843,1.);
#843 = DIRECTION('',(0.,0.,1.));
#844 = ORIENTED_EDGE('',*,*,#845,.T.);
#845 = EDGE_CURVE('',#838,#829,#846,.T.);
#846 = CIRCLE('',#847,12.);
#847 = AXIS2_PLACEMENT_3D('',#848,#849,#850);
#848 = CARTESIAN_POINT('',(-88.,-98.,24.));
#849 = DIRECTION('',(0.,0.,1.));
#850 = DIRECTION('',(1.,0.,0.));
#851 = CYLINDRICAL_SURFACE('',#852,12.);
#852 = AXIS2_PLACEMENT_3D('',#853,#854,#855);
#853 = CARTESIAN_POINT('',(-88.,-98.,20.));
#854 = DIRECTION('',(-0.,-0.,-1.));
#855 = DIRECTION('',(1.,0.,0.));
#856 = ADVANCED_FACE('',(#857),#875,.F.);
#857 = FACE_BOUND('',#858,.F.);
#858 = EDGE_LOOP('',(#859,#860,#861,#869));
#859 = ORIENTED_EDGE('',*,*,#837,.F.);
#860 = ORIENTED_EDGE('',*,*,#32,.T.);
#861 = ORIENTED_EDGE('',*,*,#862,.T.);
#862 = EDGE_CURVE('',#33,#863,#865,.T.);
#863 = VERTEX_POINT('',#864);
#864 = CARTESIAN_POINT('',(-100.,98.,24.));
#865 = LINE('',#866,#867);
#866 = CARTESIAN_POINT('',(-100.,98.,20.));
#867 = VECTOR('',#868,1.);
#868 = DIRECTION('',(0.,0.,1.));
#869 = ORIENTED_EDGE('',*,*,#870,.F.);
#870 = EDGE_CURVE('',#838,#863,#871,.T.);
#871 = LINE('',#872,#873);
#872 = CARTESIAN_POINT('',(-100.,-98.,24.));
#873 = VECTOR('',#874,1.);
#874 = DIRECTION('',(0.,1.,0.));
#875 = PLANE('',#876);
#876 = AXIS2_PLACEMENT_3D('',#877,#878,#879);
#877 = CARTESIAN_POINT('',(-100.,-98.,20.));
#878 = DIRECTION('',(1.,0.,0.));
#879 = DIRECTION('',(0.,0.,1.));
#880 = ADVANCED_FACE('',(#881),#899,.F.);
#881 = FACE_BOUND('',#882,.F.);
#882 = EDGE_LOOP('',(#883,#884,#885,#893));
#883 = ORIENTED_EDGE('',*,*,#83,.F.);
#884 = ORIENTED_EDGE('',*,*,#828,.T.);
#885 = ORIENTED_EDGE('',*,*,#886,.T.);
#886 = EDGE_CURVE('',#829,#887,#889,.T.);
#887 = VERTEX_POINT('',#888);
#888 = CARTESIAN_POINT('',(88.,-110.,24.));
#889 = LINE('',#890,#891);
#890 = CARTESIAN_POINT('',(-88.,-110.,24.));
#891 = VECTOR('',#892,1.);
#892 = DIRECTION('',(1.,0.,0.));
#893 = ORIENTED_EDGE('',*,*,#894,.F.);
#894 = EDGE_CURVE('',#75,#887,#895,.T.);
#895 = LINE('',#896,#897);
#896 = CARTESIAN_POINT('',(88.,-110.,20.));
#897 = VECTOR('',#898,1.);
#898 = DIRECTION('',(0.,0.,1.));
#899 = PLANE('',#900);
#900 = AXIS2_PLACEMENT_3D('',#901,#902,#903);
#901 = CARTESIAN_POINT('',(-88.,-110.,20.));
#902 = DIRECTION('',(0.,1.,0.));
#903 = DIRECTION('',(0.,0.,1.));
#904 = ADVANCED_FACE('',(#905),#924,.T.);
#905 = FACE_BOUND('',#906,.F.);
#906 = EDGE_LOOP('',(#907,#908,#916,#923));
#907 = ORIENTED_EDGE('',*,*,#40,.F.);
#908 = ORIENTED_EDGE('',*,*,#909,.T.);
#909 = EDGE_CURVE('',#41,#910,#912,.T.);
#910 = VERTEX_POINT('',#911);
#911 = CARTESIAN_POINT('',(-88.,110.,24.));
#912 = LINE('',#913,#914);
#913 = CARTESIAN_POINT('',(-88.,110.,20.));
#914 = VECTOR('',#915,1.);
#915 = DIRECTION('',(0.,0.,1.));
#916 = ORIENTED_EDGE('',*,*,#917,.T.);
#917 = EDGE_CURVE('',#910,#863,#918,.T.);
#918 = CIRCLE('',#919,12.);
#919 = AXIS2_PLACEMENT_3D('',#920,#921,#922);
#920 = CARTESIAN_POINT('',(-88.,98.,24.));
#921 = DIRECTION('',(0.,0.,1.));
#922 = DIRECTION('',(1.,0.,0.));
#923 = ORIENTED_EDGE('',*,*,#862,.F.);
#924 = CYLINDRICAL_SURFACE('',#925,12.);
#925 = AXIS2_PLACEMENT_3D('',#926,#927,#928);
#926 = CARTESIAN_POINT('',(-88.,98.,20.));
#927 = DIRECTION('',(-0.,-0.,-1.));
#928 = DIRECTION('',(1.,0.,0.));
#929 = ADVANCED_FACE('',(#930),#949,.T.);
#930 = FACE_BOUND('',#931,.F.);
#931 = EDGE_LOOP('',(#932,#940,#941,#942));
#932 = ORIENTED_EDGE('',*,*,#933,.F.);
#933 = EDGE_CURVE('',#67,#934,#936,.T.);
#934 = VERTEX_POINT('',#935);
#935 = CARTESIAN_POINT('',(100.,-98.,24.));
#936 = LINE('',#937,#938);
#937 = CARTESIAN_POINT('',(100.,-98.,20.));
#938 = VECTOR('',#939,1.);
#939 = DIRECTION('',(0.,0.,1.));
#940 = ORIENTED_EDGE('',*,*,#74,.F.);
#941 = ORIENTED_EDGE('',*,*,#894,.T.);
#942 = ORIENTED_EDGE('',*,*,#943,.T.);
#943 = EDGE_CURVE('',#887,#934,#944,.T.);
#944 = CIRCLE('',#945,12.);
#945 = AXIS2_PLACEMENT_3D('',#946,#947,#948);
#946 = CARTESIAN_POINT('',(88.,-98.,24.));
#947 = DIRECTION('',(0.,0.,1.));
#948 = DIRECTION('',(1.,0.,0.));
#949 = CYLINDRICAL_SURFACE('',#950,12.);
#950 = AXIS2_PLACEMENT_3D('',#951,#952,#953);
#951 = CARTESIAN_POINT('',(88.,-98.,20.));
#952 = DIRECTION('',(-0.,-0.,-1.));
#953 = DIRECTION('',(1.,0.,0.));
#954 = ADVANCED_FACE('',(#955),#973,.T.);
#955 = FACE_BOUND('',#956,.T.);
#956 = EDGE_LOOP('',(#957,#958,#959,#967));
#957 = ORIENTED_EDGE('',*,*,#49,.F.);
#958 = ORIENTED_EDGE('',*,*,#909,.T.);
#959 = ORIENTED_EDGE('',*,*,#960,.T.);
#960 = EDGE_CURVE('',#910,#961,#963,.T.);
#961 = VERTEX_POINT('',#962);
#962 = CARTESIAN_POINT('',(88.,110.,24.));
#963 = LINE('',#964,#965);
#964 = CARTESIAN_POINT('',(-88.,110.,24.));
#965 = VECTOR('',#966,1.);
#966 = DIRECTION('',(1.,0.,0.));
#967 = ORIENTED_EDGE('',*,*,#968,.F.);
#968 = EDGE_CURVE('',#50,#961,#969,.T.);
#969 = LINE('',#970,#971);
#970 = CARTESIAN_POINT('',(88.,110.,20.));
#971 = VECTOR('',#972,1.);
#972 = DIRECTION('',(0.,0.,1.));
#973 = PLANE('',#974);
#974 = AXIS2_PLACEMENT_3D('',#975,#976,#977);
#975 = CARTESIAN_POINT('',(-88.,110.,20.));
#976 = DIRECTION('',(0.,1.,0.));
#977 = DIRECTION('',(0.,0.,1.));
#978 = ADVANCED_FACE('',(#979),#997,.T.);
#979 = FACE_BOUND('',#980,.T.);
#980 = EDGE_LOOP('',(#981,#982,#983,#991));
#981 = ORIENTED_EDGE('',*,*,#933,.F.);
#982 = ORIENTED_EDGE('',*,*,#66,.T.);
#983 = ORIENTED_EDGE('',*,*,#984,.T.);
#984 = EDGE_CURVE('',#58,#985,#987,.T.);
#985 = VERTEX_POINT('',#986);
#986 = CARTESIAN_POINT('',(100.,98.,24.));
#987 = LINE('',#988,#989);
#988 = CARTESIAN_POINT('',(100.,98.,20.));
#989 = VECTOR('',#990,1.);
#990 = DIRECTION('',(0.,0.,1.));
#991 = ORIENTED_EDGE('',*,*,#992,.F.);
#992 = EDGE_CURVE('',#934,#985,#993,.T.);
#993 = LINE('',#994,#995);
#994 = CARTESIAN_POINT('',(100.,-98.,24.));
#995 = VECTOR('',#996,1.);
#996 = DIRECTION('',(0.,1.,0.));
#997 = PLANE('',#998);
#998 = AXIS2_PLACEMENT_3D('',#999,#1000,#1001);
#999 = CARTESIAN_POINT('',(100.,-98.,20.));
#1000 = DIRECTION('',(1.,0.,0.));
#1001 = DIRECTION('',(0.,0.,1.));
#1002 = ADVANCED_FACE('',(#1003),#1015,.T.);
#1003 = FACE_BOUND('',#1004,.F.);
#1004 = EDGE_LOOP('',(#1005,#1006,#1007,#1014));
#1005 = ORIENTED_EDGE('',*,*,#57,.F.);
#1006 = ORIENTED_EDGE('',*,*,#984,.T.);
#1007 = ORIENTED_EDGE('',*,*,#1008,.T.);
#1008 = EDGE_CURVE('',#985,#961,#1009,.T.);
#1009 = CIRCLE('',#1010,12.);
#1010 = AXIS2_PLACEMENT_3D('',#1011,#1012,#1013);
#1011 = CARTESIAN_POINT('',(88.,98.,24.));
#1012 = DIRECTION('',(0.,0.,1.));
#1013 = DIRECTION('',(1.,0.,0.));
#1014 = ORIENTED_EDGE('',*,*,#968,.F.);
#1015 = CYLINDRICAL_SURFACE('',#1016,12.);
#1016 = AXIS2_PLACEMENT_3D('',#1017,#1018,#1019);
#1017 = CARTESIAN_POINT('',(88.,98.,20.));
#1018 = DIRECTION('',(-0.,-0.,-1.));
#1019 = DIRECTION('',(1.,0.,0.));
#1020 = ADVANCED_FACE('',(#1021),#1046,.T.);
#1021 = FACE_BOUND('',#1022,.T.);
#1022 = EDGE_LOOP('',(#1023,#1031,#1032,#1040));
#1023 = ORIENTED_EDGE('',*,*,#1024,.T.);
#1024 = EDGE_CURVE('',#1025,#92,#1027,.T.);
#1025 = VERTEX_POINT('',#1026);
#1026 = CARTESIAN_POINT('',(-88.,-98.,14.));
#1027 = LINE('',#1028,#1029);
#1028 = CARTESIAN_POINT('',(-88.,-98.,14.));
#1029 = VECTOR('',#1030,1.);
#1030 = DIRECTION('',(0.,0.,1.));
#1031 = ORIENTED_EDGE('',*,*,#91,.T.);
#1032 = ORIENTED_EDGE('',*,*,#1033,.T.);
#1033 = EDGE_CURVE('',#94,#1034,#1036,.T.);
#1034 = VERTEX_POINT('',#1035);
#1035 = CARTESIAN_POINT('',(-88.,-77.,14.));
#1036 = LINE('',#1037,#1038);
#1037 = CARTESIAN_POINT('',(-88.,-77.,-1.));
#1038 = VECTOR('',#1039,1.);
#1039 = DIRECTION('',(-0.,-0.,-1.));
#1040 = ORIENTED_EDGE('',*,*,#1041,.F.);
#1041 = EDGE_CURVE('',#1025,#1034,#1042,.T.);
#1042 = LINE('',#1043,#1044);
#1043 = CARTESIAN_POINT('',(-88.,-98.,14.));
#1044 = VECTOR('',#1045,1.);
#1045 = DIRECTION('',(0.,1.,0.));
#1046 = PLANE('',#1047);
#1047 = AXIS2_PLACEMENT_3D('',#1048,#1049,#1050);
#1048 = CARTESIAN_POINT('',(-88.,0.,17.));
#1049 = DIRECTION('',(-1.,-0.,-0.));
#1050 = DIRECTION('',(0.,0.,-1.));
#1051 = ADVANCED_FACE('',(#1052),#1088,.F.);
#1052 = FACE_BOUND('',#1053,.T.);
#1053 = EDGE_LOOP('',(#1054,#1064,#1071,#1072,#1073,#1081));
#1054 = ORIENTED_EDGE('',*,*,#1055,.F.);
#1055 = EDGE_CURVE('',#1056,#1058,#1060,.T.);
#1056 = VERTEX_POINT('',#1057);
#1057 = CARTESIAN_POINT('',(-85.5,-74.5,14.));
#1058 = VERTEX_POINT('',#1059);
#1059 = CARTESIAN_POINT('',(-85.5,-74.5,24.));
#1060 = LINE('',#1061,#1062);
#1061 = CARTESIAN_POINT('',(-85.5,-74.5,-1.));
#1062 = VECTOR('',#1063,1.);
#1063 = DIRECTION('',(0.,0.,1.));
#1064 = ORIENTED_EDGE('',*,*,#1065,.T.);
#1065 = EDGE_CURVE('',#1056,#1034,#1066,.T.);
#1066 = CIRCLE('',#1067,2.5);
#1067 = AXIS2_PLACEMENT_3D('',#1068,#1069,#1070);
#1068 = CARTESIAN_POINT('',(-88.,-74.5,14.));
#1069 = DIRECTION('',(0.,0.,-1.));
#1070 = DIRECTION('',(1.,0.,0.));
#1071 = ORIENTED_EDGE('',*,*,#1033,.F.);
#1072 = ORIENTED_EDGE('',*,*,#741,.T.);
#1073 = ORIENTED_EDGE('',*,*,#1074,.T.);
#1074 = EDGE_CURVE('',#734,#1075,#1077,.T.);
#1075 = VERTEX_POINT('',#1076);
#1076 = CARTESIAN_POINT('',(-90.5,-74.5,24.));
#1077 = LINE('',#1078,#1079);
#1078 = CARTESIAN_POINT('',(-90.5,-74.5,-1.));
#1079 = VECTOR('',#1080,1.);
#1080 = DIRECTION('',(0.,0.,1.));
#1081 = ORIENTED_EDGE('',*,*,#1082,.F.);
#1082 = EDGE_CURVE('',#1058,#1075,#1083,.T.);
#1083 = CIRCLE('',#1084,2.5);
#1084 = AXIS2_PLACEMENT_3D('',#1085,#1086,#1087);
#1085 = CARTESIAN_POINT('',(-88.,-74.5,24.));
#1086 = DIRECTION('',(0.,0.,-1.));
#1087 = DIRECTION('',(1.,0.,0.));
#1088 = CYLINDRICAL_SURFACE('',#1089,2.5);
#1089 = AXIS2_PLACEMENT_3D('',#1090,#1091,#1092);
#1090 = CARTESIAN_POINT('',(-88.,-74.5,-1.));
#1091 = DIRECTION('',(-0.,-0.,-1.));
#1092 = DIRECTION('',(1.,0.,0.));
#1093 = ADVANCED_FACE('',(#1094),#1112,.T.);
#1094 = FACE_BOUND('',#1095,.T.);
#1095 = EDGE_LOOP('',(#1096,#1097,#1098,#1106));
#1096 = ORIENTED_EDGE('',*,*,#1074,.F.);
#1097 = ORIENTED_EDGE('',*,*,#733,.F.);
#1098 = ORIENTED_EDGE('',*,*,#1099,.T.);
#1099 = EDGE_CURVE('',#725,#1100,#1102,.T.);
#1100 = VERTEX_POINT('',#1101);
#1101 = CARTESIAN_POINT('',(-90.5,-55.5,24.));
#1102 = LINE('',#1103,#1104);
#1103 = CARTESIAN_POINT('',(-90.5,-55.5,-1.));
#1104 = VECTOR('',#1105,1.);
#1105 = DIRECTION('',(0.,0.,1.));
#1106 = ORIENTED_EDGE('',*,*,#1107,.F.);
#1107 = EDGE_CURVE('',#1075,#1100,#1108,.T.);
#1108 = LINE('',#1109,#1110);
#1109 = CARTESIAN_POINT('',(-90.5,-37.25,24.));
#1110 = VECTOR('',#1111,1.);
#1111 = DIRECTION('',(0.,1.,0.));
#1112 = PLANE('',#1113);
#1113 = AXIS2_PLACEMENT_3D('',#1114,#1115,#1116);
#1114 = CARTESIAN_POINT('',(-90.5,-74.5,-1.));
#1115 = DIRECTION('',(1.,0.,0.));
#1116 = DIRECTION('',(0.,0.,1.));
#1117 = ADVANCED_FACE('',(#1118),#1154,.F.);
#1118 = FACE_BOUND('',#1119,.T.);
#1119 = EDGE_LOOP('',(#1120,#1131,#1139,#1146,#1147,#1148));
#1120 = ORIENTED_EDGE('',*,*,#1121,.T.);
#1121 = EDGE_CURVE('',#1122,#1124,#1126,.T.);
#1122 = VERTEX_POINT('',#1123);
#1123 = CARTESIAN_POINT('',(-88.,-53.,14.));
#1124 = VERTEX_POINT('',#1125);
#1125 = CARTESIAN_POINT('',(-85.5,-55.5,14.));
#1126 = CIRCLE('',#1127,2.5);
#1127 = AXIS2_PLACEMENT_3D('',#1128,#1129,#1130);
#1128 = CARTESIAN_POINT('',(-88.,-55.5,14.));
#1129 = DIRECTION('',(0.,0.,-1.));
#1130 = DIRECTION('',(1.,0.,0.));
#1131 = ORIENTED_EDGE('',*,*,#1132,.T.);
#1132 = EDGE_CURVE('',#1124,#1133,#1135,.T.);
#1133 = VERTEX_POINT('',#1134);
#1134 = CARTESIAN_POINT('',(-85.5,-55.5,24.));
#1135 = LINE('',#1136,#1137);
#1136 = CARTESIAN_POINT('',(-85.5,-55.5,-1.));
#1137 = VECTOR('',#1138,1.);
#1138 = DIRECTION('',(0.,0.,1.));
#1139 = ORIENTED_EDGE('',*,*,#1140,.F.);
#1140 = EDGE_CURVE('',#1100,#1133,#1141,.T.);
#1141 = CIRCLE('',#1142,2.5);
#1142 = AXIS2_PLACEMENT_3D('',#1143,#1144,#1145);
#1143 = CARTESIAN_POINT('',(-88.,-55.5,24.));
#1144 = DIRECTION('',(0.,0.,-1.));
#1145 = DIRECTION('',(1.,0.,0.));
#1146 = ORIENTED_EDGE('',*,*,#1099,.F.);
#1147 = ORIENTED_EDGE('',*,*,#724,.T.);
#1148 = ORIENTED_EDGE('',*,*,#1149,.T.);
#1149 = EDGE_CURVE('',#717,#1122,#1150,.T.);
#1150 = LINE('',#1151,#1152);
#1151 = CARTESIAN_POINT('',(-88.,-53.,-1.));
#1152 = VECTOR('',#1153,1.);
#1153 = DIRECTION('',(-0.,-0.,-1.));
#1154 = CYLINDRICAL_SURFACE('',#1155,2.5);
#1155 = AXIS2_PLACEMENT_3D('',#1156,#1157,#1158);
#1156 = CARTESIAN_POINT('',(-88.,-55.5,-1.));
#1157 = DIRECTION('',(-0.,-0.,-1.));
#1158 = DIRECTION('',(1.,0.,0.));
#1159 = ADVANCED_FACE('',(#1160),#1178,.T.);
#1160 = FACE_BOUND('',#1161,.T.);
#1161 = EDGE_LOOP('',(#1162,#1163,#1164,#1172));
#1162 = ORIENTED_EDGE('',*,*,#1149,.F.);
#1163 = ORIENTED_EDGE('',*,*,#716,.T.);
#1164 = ORIENTED_EDGE('',*,*,#1165,.T.);
#1165 = EDGE_CURVE('',#708,#1166,#1168,.T.);
#1166 = VERTEX_POINT('',#1167);
#1167 = CARTESIAN_POINT('',(-88.,-37.,14.));
#1168 = LINE('',#1169,#1170);
#1169 = CARTESIAN_POINT('',(-88.,-37.,-1.));
#1170 = VECTOR('',#1171,1.);
#1171 = DIRECTION('',(-0.,-0.,-1.));
#1172 = ORIENTED_EDGE('',*,*,#1173,.F.);
#1173 = EDGE_CURVE('',#1122,#1166,#1174,.T.);
#1174 = LINE('',#1175,#1176);
#1175 = CARTESIAN_POINT('',(-88.,-98.,14.));
#1176 = VECTOR('',#1177,1.);
#1177 = DIRECTION('',(0.,1.,0.));
#1178 = PLANE('',#1179);
#1179 = AXIS2_PLACEMENT_3D('',#1180,#1181,#1182);
#1180 = CARTESIAN_POINT('',(-88.,0.,17.));
#1181 = DIRECTION('',(-1.,-0.,-0.));
#1182 = DIRECTION('',(0.,0.,-1.));
#1183 = ADVANCED_FACE('',(#1184),#1220,.F.);
#1184 = FACE_BOUND('',#1185,.T.);
#1185 = EDGE_LOOP('',(#1186,#1196,#1203,#1204,#1205,#1213));
#1186 = ORIENTED_EDGE('',*,*,#1187,.F.);
#1187 = EDGE_CURVE('',#1188,#1190,#1192,.T.);
#1188 = VERTEX_POINT('',#1189);
#1189 = CARTESIAN_POINT('',(-85.5,-34.5,14.));
#1190 = VERTEX_POINT('',#1191);
#1191 = CARTESIAN_POINT('',(-85.5,-34.5,24.));
#1192 = LINE('',#1193,#1194);
#1193 = CARTESIAN_POINT('',(-85.5,-34.5,-1.));
#1194 = VECTOR('',#1195,1.);
#1195 = DIRECTION('',(0.,0.,1.));
#1196 = ORIENTED_EDGE('',*,*,#1197,.T.);
#1197 = EDGE_CURVE('',#1188,#1166,#1198,.T.);
#1198 = CIRCLE('',#1199,2.5);
#1199 = AXIS2_PLACEMENT_3D('',#1200,#1201,#1202);
#1200 = CARTESIAN_POINT('',(-88.,-34.5,14.));
#1201 = DIRECTION('',(0.,0.,-1.));
#1202 = DIRECTION('',(1.,0.,0.));
#1203 = ORIENTED_EDGE('',*,*,#1165,.F.);
#1204 = ORIENTED_EDGE('',*,*,#707,.T.);
#1205 = ORIENTED_EDGE('',*,*,#1206,.T.);
#1206 = EDGE_CURVE('',#700,#1207,#1209,.T.);
#1207 = VERTEX_POINT('',#1208);
#1208 = CARTESIAN_POINT('',(-90.5,-34.5,24.));
#1209 = LINE('',#1210,#1211);
#1210 = CARTESIAN_POINT('',(-90.5,-34.5,-1.));
#1211 = VECTOR('',#1212,1.);
#1212 = DIRECTION('',(0.,0.,1.));
#1213 = ORIENTED_EDGE('',*,*,#1214,.F.);
#1214 = EDGE_CURVE('',#1190,#1207,#1215,.T.);
#1215 = CIRCLE('',#1216,2.5);
#1216 = AXIS2_PLACEMENT_3D('',#1217,#1218,#1219);
#1217 = CARTESIAN_POINT('',(-88.,-34.5,24.));
#1218 = DIRECTION('',(0.,0.,-1.));
#1219 = DIRECTION('',(1.,0.,0.));
#1220 = CYLINDRICAL_SURFACE('',#1221,2.5);
#1221 = AXIS2_PLACEMENT_3D('',#1222,#1223,#1224);
#1222 = CARTESIAN_POINT('',(-88.,-34.5,-1.));
#1223 = DIRECTION('',(-0.,-0.,-1.));
#1224 = DIRECTION('',(1.,0.,0.));
#1225 = ADVANCED_FACE('',(#1226),#1244,.T.);
#1226 = FACE_BOUND('',#1227,.T.);
#1227 = EDGE_LOOP('',(#1228,#1229,#1230,#1238));
#1228 = ORIENTED_EDGE('',*,*,#1206,.F.);
#1229 = ORIENTED_EDGE('',*,*,#699,.F.);
#1230 = ORIENTED_EDGE('',*,*,#1231,.T.);
#1231 = EDGE_CURVE('',#691,#1232,#1234,.T.);
#1232 = VERTEX_POINT('',#1233);
#1233 = CARTESIAN_POINT('',(-90.5,-15.5,24.));
#1234 = LINE('',#1235,#1236);
#1235 = CARTESIAN_POINT('',(-90.5,-15.5,-1.));
#1236 = VECTOR('',#1237,1.);
#1237 = DIRECTION('',(0.,0.,1.));
#1238 = ORIENTED_EDGE('',*,*,#1239,.F.);
#1239 = EDGE_CURVE('',#1207,#1232,#1240,.T.);
#1240 = LINE('',#1241,#1242);
#1241 = CARTESIAN_POINT('',(-90.5,-17.25,24.));
#1242 = VECTOR('',#1243,1.);
#1243 = DIRECTION('',(0.,1.,0.));
#1244 = PLANE('',#1245);
#1245 = AXIS2_PLACEMENT_3D('',#1246,#1247,#1248);
#1246 = CARTESIAN_POINT('',(-90.5,-34.5,-1.));
#1247 = DIRECTION('',(1.,0.,0.));
#1248 = DIRECTION('',(0.,0.,1.));
#1249 = ADVANCED_FACE('',(#1250),#1286,.F.);
#1250 = FACE_BOUND('',#1251,.T.);
#1251 = EDGE_LOOP('',(#1252,#1263,#1271,#1278,#1279,#1280));
#1252 = ORIENTED_EDGE('',*,*,#1253,.T.);
#1253 = EDGE_CURVE('',#1254,#1256,#1258,.T.);
#1254 = VERTEX_POINT('',#1255);
#1255 = CARTESIAN_POINT('',(-88.,-13.,14.));
#1256 = VERTEX_POINT('',#1257);
#1257 = CARTESIAN_POINT('',(-85.5,-15.5,14.));
#1258 = CIRCLE('',#1259,2.5);
#1259 = AXIS2_PLACEMENT_3D('',#1260,#1261,#1262);
#1260 = CARTESIAN_POINT('',(-88.,-15.5,14.));
#1261 = DIRECTION('',(0.,0.,-1.));
#1262 = DIRECTION('',(1.,0.,0.));
#1263 = ORIENTED_EDGE('',*,*,#1264,.T.);
#1264 = EDGE_CURVE('',#1256,#1265,#1267,.T.);
#1265 = VERTEX_POINT('',#1266);
#1266 = CARTESIAN_POINT('',(-85.5,-15.5,24.));
#1267 = LINE('',#1268,#1269);
#1268 = CARTESIAN_POINT('',(-85.5,-15.5,-1.));
#1269 = VECTOR('',#1270,1.);
#1270 = DIRECTION('',(0.,0.,1.));
#1271 = ORIENTED_EDGE('',*,*,#1272,.F.);
#1272 = EDGE_CURVE('',#1232,#1265,#1273,.T.);
#1273 = CIRCLE('',#1274,2.5);
#1274 = AXIS2_PLACEMENT_3D('',#1275,#1276,#1277);
#1275 = CARTESIAN_POINT('',(-88.,-15.5,24.));
#1276 = DIRECTION('',(0.,0.,-1.));
#1277 = DIRECTION('',(1.,0.,0.));
#1278 = ORIENTED_EDGE('',*,*,#1231,.F.);
#1279 = ORIENTED_EDGE('',*,*,#690,.T.);
#1280 = ORIENTED_EDGE('',*,*,#1281,.T.);
#1281 = EDGE_CURVE('',#683,#1254,#1282,.T.);
#1282 = LINE('',#1283,#1284);
#1283 = CARTESIAN_POINT('',(-88.,-13.,-1.));
#1284 = VECTOR('',#1285,1.);
#1285 = DIRECTION('',(-0.,-0.,-1.));
#1286 = CYLINDRICAL_SURFACE('',#1287,2.5);
#1287 = AXIS2_PLACEMENT_3D('',#1288,#1289,#1290);
#1288 = CARTESIAN_POINT('',(-88.,-15.5,-1.));
#1289 = DIRECTION('',(-0.,-0.,-1.));
#1290 = DIRECTION('',(1.,0.,0.));
#1291 = ADVANCED_FACE('',(#1292),#1310,.T.);
#1292 = FACE_BOUND('',#1293,.T.);
#1293 = EDGE_LOOP('',(#1294,#1295,#1296,#1304));
#1294 = ORIENTED_EDGE('',*,*,#1281,.F.);
#1295 = ORIENTED_EDGE('',*,*,#682,.T.);
#1296 = ORIENTED_EDGE('',*,*,#1297,.T.);
#1297 = EDGE_CURVE('',#674,#1298,#1300,.T.);
#1298 = VERTEX_POINT('',#1299);
#1299 = CARTESIAN_POINT('',(-88.,33.,14.));
#1300 = LINE('',#1301,#1302);
#1301 = CARTESIAN_POINT('',(-88.,33.,-1.));
#1302 = VECTOR('',#1303,1.);
#1303 = DIRECTION('',(-0.,-0.,-1.));
#1304 = ORIENTED_EDGE('',*,*,#1305,.F.);
#1305 = EDGE_CURVE('',#1254,#1298,#1306,.T.);
#1306 = LINE('',#1307,#1308);
#1307 = CARTESIAN_POINT('',(-88.,-98.,14.));
#1308 = VECTOR('',#1309,1.);
#1309 = DIRECTION('',(0.,1.,0.));
#1310 = PLANE('',#1311);
#1311 = AXIS2_PLACEMENT_3D('',#1312,#1313,#1314);
#1312 = CARTESIAN_POINT('',(-88.,0.,17.));
#1313 = DIRECTION('',(-1.,-0.,-0.));
#1314 = DIRECTION('',(0.,0.,-1.));
#1315 = ADVANCED_FACE('',(#1316),#1352,.F.);
#1316 = FACE_BOUND('',#1317,.T.);
#1317 = EDGE_LOOP('',(#1318,#1328,#1335,#1336,#1337,#1345));
#1318 = ORIENTED_EDGE('',*,*,#1319,.F.);
#1319 = EDGE_CURVE('',#1320,#1322,#1324,.T.);
#1320 = VERTEX_POINT('',#1321);
#1321 = CARTESIAN_POINT('',(-85.5,35.5,14.));
#1322 = VERTEX_POINT('',#1323);
#1323 = CARTESIAN_POINT('',(-85.5,35.5,24.));
#1324 = LINE('',#1325,#1326);
#1325 = CARTESIAN_POINT('',(-85.5,35.5,-1.));
#1326 = VECTOR('',#1327,1.);
#1327 = DIRECTION('',(0.,0.,1.));
#1328 = ORIENTED_EDGE('',*,*,#1329,.T.);
#1329 = EDGE_CURVE('',#1320,#1298,#1330,.T.);
#1330 = CIRCLE('',#1331,2.5);
#1331 = AXIS2_PLACEMENT_3D('',#1332,#1333,#1334);
#1332 = CARTESIAN_POINT('',(-88.,35.5,14.));
#1333 = DIRECTION('',(0.,0.,-1.));
#1334 = DIRECTION('',(1.,0.,0.));
#1335 = ORIENTED_EDGE('',*,*,#1297,.F.);
#1336 = ORIENTED_EDGE('',*,*,#673,.T.);
#1337 = ORIENTED_EDGE('',*,*,#1338,.T.);
#1338 = EDGE_CURVE('',#666,#1339,#1341,.T.);
#1339 = VERTEX_POINT('',#1340);
#1340 = CARTESIAN_POINT('',(-90.5,35.5,24.));
#1341 = LINE('',#1342,#1343);
#1342 = CARTESIAN_POINT('',(-90.5,35.5,-1.));
#1343 = VECTOR('',#1344,1.);
#1344 = DIRECTION('',(0.,0.,1.));
#1345 = ORIENTED_EDGE('',*,*,#1346,.F.);
#1346 = EDGE_CURVE('',#1322,#1339,#1347,.T.);
#1347 = CIRCLE('',#1348,2.5);
#1348 = AXIS2_PLACEMENT_3D('',#1349,#1350,#1351);
#1349 = CARTESIAN_POINT('',(-88.,35.5,24.));
#1350 = DIRECTION('',(0.,0.,-1.));
#1351 = DIRECTION('',(1.,0.,0.));
#1352 = CYLINDRICAL_SURFACE('',#1353,2.5);
#1353 = AXIS2_PLACEMENT_3D('',#1354,#1355,#1356);
#1354 = CARTESIAN_POINT('',(-88.,35.5,-1.));
#1355 = DIRECTION('',(-0.,-0.,-1.));
#1356 = DIRECTION('',(1.,0.,0.));
#1357 = ADVANCED_FACE('',(#1358),#1376,.T.);
#1358 = FACE_BOUND('',#1359,.T.);
#1359 = EDGE_LOOP('',(#1360,#1361,#1362,#1370));
#1360 = ORIENTED_EDGE('',*,*,#1338,.F.);
#1361 = ORIENTED_EDGE('',*,*,#665,.F.);
#1362 = ORIENTED_EDGE('',*,*,#1363,.T.);
#1363 = EDGE_CURVE('',#657,#1364,#1366,.T.);
#1364 = VERTEX_POINT('',#1365);
#1365 = CARTESIAN_POINT('',(-90.5,54.5,24.));
#1366 = LINE('',#1367,#1368);
#1367 = CARTESIAN_POINT('',(-90.5,54.5,-1.));
#1368 = VECTOR('',#1369,1.);
#1369 = DIRECTION('',(0.,0.,1.));
#1370 = ORIENTED_EDGE('',*,*,#1371,.F.);
#1371 = EDGE_CURVE('',#1339,#1364,#1372,.T.);
#1372 = LINE('',#1373,#1374);
#1373 = CARTESIAN_POINT('',(-90.5,17.75,24.));
#1374 = VECTOR('',#1375,1.);
#1375 = DIRECTION('',(0.,1.,0.));
#1376 = PLANE('',#1377);
#1377 = AXIS2_PLACEMENT_3D('',#1378,#1379,#1380);
#1378 = CARTESIAN_POINT('',(-90.5,35.5,-1.));
#1379 = DIRECTION('',(1.,0.,0.));
#1380 = DIRECTION('',(0.,0.,1.));
#1381 = ADVANCED_FACE('',(#1382),#1418,.F.);
#1382 = FACE_BOUND('',#1383,.T.);
#1383 = EDGE_LOOP('',(#1384,#1395,#1403,#1410,#1411,#1412));
#1384 = ORIENTED_EDGE('',*,*,#1385,.T.);
#1385 = EDGE_CURVE('',#1386,#1388,#1390,.T.);
#1386 = VERTEX_POINT('',#1387);
#1387 = CARTESIAN_POINT('',(-88.,57.,14.));
#1388 = VERTEX_POINT('',#1389);
#1389 = CARTESIAN_POINT('',(-85.5,54.5,14.));
#1390 = CIRCLE('',#1391,2.5);
#1391 = AXIS2_PLACEMENT_3D('',#1392,#1393,#1394);
#1392 = CARTESIAN_POINT('',(-88.,54.5,14.));
#1393 = DIRECTION('',(0.,0.,-1.));
#1394 = DIRECTION('',(1.,0.,0.));
#1395 = ORIENTED_EDGE('',*,*,#1396,.T.);
#1396 = EDGE_CURVE('',#1388,#1397,#1399,.T.);
#1397 = VERTEX_POINT('',#1398);
#1398 = CARTESIAN_POINT('',(-85.5,54.5,24.));
#1399 = LINE('',#1400,#1401);
#1400 = CARTESIAN_POINT('',(-85.5,54.5,-1.));
#1401 = VECTOR('',#1402,1.);
#1402 = DIRECTION('',(0.,0.,1.));
#1403 = ORIENTED_EDGE('',*,*,#1404,.F.);
#1404 = EDGE_CURVE('',#1364,#1397,#1405,.T.);
#1405 = CIRCLE('',#1406,2.5);
#1406 = AXIS2_PLACEMENT_3D('',#1407,#1408,#1409);
#1407 = CARTESIAN_POINT('',(-88.,54.5,24.));
#1408 = DIRECTION('',(0.,0.,-1.));
#1409 = DIRECTION('',(1.,0.,0.));
#1410 = ORIENTED_EDGE('',*,*,#1363,.F.);
#1411 = ORIENTED_EDGE('',*,*,#656,.T.);
#1412 = ORIENTED_EDGE('',*,*,#1413,.T.);
#1413 = EDGE_CURVE('',#649,#1386,#1414,.T.);
#1414 = LINE('',#1415,#1416);
#1415 = CARTESIAN_POINT('',(-88.,57.,-1.));
#1416 = VECTOR('',#1417,1.);
#1417 = DIRECTION('',(-0.,-0.,-1.));
#1418 = CYLINDRICAL_SURFACE('',#1419,2.5);
#1419 = AXIS2_PLACEMENT_3D('',#1420,#1421,#1422);
#1420 = CARTESIAN_POINT('',(-88.,54.5,-1.));
#1421 = DIRECTION('',(-0.,-0.,-1.));
#1422 = DIRECTION('',(1.,0.,0.));
#1423 = ADVANCED_FACE('',(#1424),#1442,.T.);
#1424 = FACE_BOUND('',#1425,.T.);
#1425 = EDGE_LOOP('',(#1426,#1427,#1428,#1436));
#1426 = ORIENTED_EDGE('',*,*,#1413,.F.);
#1427 = ORIENTED_EDGE('',*,*,#648,.T.);
#1428 = ORIENTED_EDGE('',*,*,#1429,.T.);
#1429 = EDGE_CURVE('',#640,#1430,#1432,.T.);
#1430 = VERTEX_POINT('',#1431);
#1431 = CARTESIAN_POINT('',(-88.,73.,14.));
#1432 = LINE('',#1433,#1434);
#1433 = CARTESIAN_POINT('',(-88.,73.,-1.));
#1434 = VECTOR('',#1435,1.);
#1435 = DIRECTION('',(-0.,-0.,-1.));
#1436 = ORIENTED_EDGE('',*,*,#1437,.F.);
#1437 = EDGE_CURVE('',#1386,#1430,#1438,.T.);
#1438 = LINE('',#1439,#1440);
#1439 = CARTESIAN_POINT('',(-88.,-98.,14.));
#1440 = VECTOR('',#1441,1.);
#1441 = DIRECTION('',(0.,1.,0.));
#1442 = PLANE('',#1443);
#1443 = AXIS2_PLACEMENT_3D('',#1444,#1445,#1446);
#1444 = CARTESIAN_POINT('',(-88.,0.,17.));
#1445 = DIRECTION('',(-1.,-0.,-0.));
#1446 = DIRECTION('',(0.,0.,-1.));
#1447 = ADVANCED_FACE('',(#1448),#1484,.F.);
#1448 = FACE_BOUND('',#1449,.T.);
#1449 = EDGE_LOOP('',(#1450,#1460,#1467,#1468,#1469,#1477));
#1450 = ORIENTED_EDGE('',*,*,#1451,.F.);
#1451 = EDGE_CURVE('',#1452,#1454,#1456,.T.);
#1452 = VERTEX_POINT('',#1453);
#1453 = CARTESIAN_POINT('',(-85.5,75.5,14.));
#1454 = VERTEX_POINT('',#1455);
#1455 = CARTESIAN_POINT('',(-85.5,75.5,24.));
#1456 = LINE('',#1457,#1458);
#1457 = CARTESIAN_POINT('',(-85.5,75.5,-1.));
#1458 = VECTOR('',#1459,1.);
#1459 = DIRECTION('',(0.,0.,1.));
#1460 = ORIENTED_EDGE('',*,*,#1461,.T.);
#1461 = EDGE_CURVE('',#1452,#1430,#1462,.T.);
#1462 = CIRCLE('',#1463,2.5);
#1463 = AXIS2_PLACEMENT_3D('',#1464,#1465,#1466);
#1464 = CARTESIAN_POINT('',(-88.,75.5,14.));
#1465 = DIRECTION('',(0.,0.,-1.));
#1466 = DIRECTION('',(1.,0.,0.));
#1467 = ORIENTED_EDGE('',*,*,#1429,.F.);
#1468 = ORIENTED_EDGE('',*,*,#639,.T.);
#1469 = ORIENTED_EDGE('',*,*,#1470,.T.);
#1470 = EDGE_CURVE('',#632,#1471,#1473,.T.);
#1471 = VERTEX_POINT('',#1472);
#1472 = CARTESIAN_POINT('',(-90.5,75.5,24.));
#1473 = LINE('',#1474,#1475);
#1474 = CARTESIAN_POINT('',(-90.5,75.5,-1.));
#1475 = VECTOR('',#1476,1.);
#1476 = DIRECTION('',(0.,0.,1.));
#1477 = ORIENTED_EDGE('',*,*,#1478,.F.);
#1478 = EDGE_CURVE('',#1454,#1471,#1479,.T.);
#1479 = CIRCLE('',#1480,2.5);
#1480 = AXIS2_PLACEMENT_3D('',#1481,#1482,#1483);
#1481 = CARTESIAN_POINT('',(-88.,75.5,24.));
#1482 = DIRECTION('',(0.,0.,-1.));
#1483 = DIRECTION('',(1.,0.,0.));
#1484 = CYLINDRICAL_SURFACE('',#1485,2.5);
#1485 = AXIS2_PLACEMENT_3D('',#1486,#1487,#1488);
#1486 = CARTESIAN_POINT('',(-88.,75.5,-1.));
#1487 = DIRECTION('',(-0.,-0.,-1.));
#1488 = DIRECTION('',(1.,0.,0.));
#1489 = ADVANCED_FACE('',(#1490),#1508,.T.);
#1490 = FACE_BOUND('',#1491,.T.);
#1491 = EDGE_LOOP('',(#1492,#1493,#1494,#1502));
#1492 = ORIENTED_EDGE('',*,*,#1470,.F.);
#1493 = ORIENTED_EDGE('',*,*,#631,.F.);
#1494 = ORIENTED_EDGE('',*,*,#1495,.T.);
#1495 = EDGE_CURVE('',#623,#1496,#1498,.T.);
#1496 = VERTEX_POINT('',#1497);
#1497 = CARTESIAN_POINT('',(-90.5,94.5,24.));
#1498 = LINE('',#1499,#1500);
#1499 = CARTESIAN_POINT('',(-90.5,94.5,-1.));
#1500 = VECTOR('',#1501,1.);
#1501 = DIRECTION('',(0.,0.,1.));
#1502 = ORIENTED_EDGE('',*,*,#1503,.F.);
#1503 = EDGE_CURVE('',#1471,#1496,#1504,.T.);
#1504 = LINE('',#1505,#1506);
#1505 = CARTESIAN_POINT('',(-90.5,37.75,24.));
#1506 = VECTOR('',#1507,1.);
#1507 = DIRECTION('',(0.,1.,0.));
#1508 = PLANE('',#1509);
#1509 = AXIS2_PLACEMENT_3D('',#1510,#1511,#1512);
#1510 = CARTESIAN_POINT('',(-90.5,75.5,-1.));
#1511 = DIRECTION('',(1.,0.,0.));
#1512 = DIRECTION('',(0.,0.,1.));
#1513 = ADVANCED_FACE('',(#1514),#1550,.F.);
#1514 = FACE_BOUND('',#1515,.T.);
#1515 = EDGE_LOOP('',(#1516,#1527,#1535,#1542,#1543,#1544));
#1516 = ORIENTED_EDGE('',*,*,#1517,.T.);
#1517 = EDGE_CURVE('',#1518,#1520,#1522,.T.);
#1518 = VERTEX_POINT('',#1519);
#1519 = CARTESIAN_POINT('',(-88.,97.,14.));
#1520 = VERTEX_POINT('',#1521);
#1521 = CARTESIAN_POINT('',(-85.5,94.5,14.));
#1522 = CIRCLE('',#1523,2.5);
#1523 = AXIS2_PLACEMENT_3D('',#1524,#1525,#1526);
#1524 = CARTESIAN_POINT('',(-88.,94.5,14.));
#1525 = DIRECTION('',(0.,0.,-1.));
#1526 = DIRECTION('',(1.,0.,0.));
#1527 = ORIENTED_EDGE('',*,*,#1528,.T.);
#1528 = EDGE_CURVE('',#1520,#1529,#1531,.T.);
#1529 = VERTEX_POINT('',#1530);
#1530 = CARTESIAN_POINT('',(-85.5,94.5,24.));
#1531 = LINE('',#1532,#1533);
#1532 = CARTESIAN_POINT('',(-85.5,94.5,-1.));
#1533 = VECTOR('',#1534,1.);
#1534 = DIRECTION('',(0.,0.,1.));
#1535 = ORIENTED_EDGE('',*,*,#1536,.F.);
#1536 = EDGE_CURVE('',#1496,#1529,#1537,.T.);
#1537 = CIRCLE('',#1538,2.5);
#1538 = AXIS2_PLACEMENT_3D('',#1539,#1540,#1541);
#1539 = CARTESIAN_POINT('',(-88.,94.5,24.));
#1540 = DIRECTION('',(0.,0.,-1.));
#1541 = DIRECTION('',(1.,0.,0.));
#1542 = ORIENTED_EDGE('',*,*,#1495,.F.);
#1543 = ORIENTED_EDGE('',*,*,#622,.T.);
#1544 = ORIENTED_EDGE('',*,*,#1545,.T.);
#1545 = EDGE_CURVE('',#615,#1518,#1546,.T.);
#1546 = LINE('',#1547,#1548);
#1547 = CARTESIAN_POINT('',(-88.,97.,-1.));
#1548 = VECTOR('',#1549,1.);
#1549 = DIRECTION('',(-0.,-0.,-1.));
#1550 = CYLINDRICAL_SURFACE('',#1551,2.5);
#1551 = AXIS2_PLACEMENT_3D('',#1552,#1553,#1554);
#1552 = CARTESIAN_POINT('',(-88.,94.5,-1.));
#1553 = DIRECTION('',(-0.,-0.,-1.));
#1554 = DIRECTION('',(1.,0.,0.));
#1555 = ADVANCED_FACE('',(#1556),#1574,.T.);
#1556 = FACE_BOUND('',#1557,.T.);
#1557 = EDGE_LOOP('',(#1558,#1559,#1560,#1568));
#1558 = ORIENTED_EDGE('',*,*,#1545,.F.);
#1559 = ORIENTED_EDGE('',*,*,#614,.T.);
#1560 = ORIENTED_EDGE('',*,*,#1561,.F.);
#1561 = EDGE_CURVE('',#1562,#607,#1564,.T.);
#1562 = VERTEX_POINT('',#1563);
#1563 = CARTESIAN_POINT('',(-88.,98.,14.));
#1564 = LINE('',#1565,#1566);
#1565 = CARTESIAN_POINT('',(-88.,98.,14.));
#1566 = VECTOR('',#1567,1.);
#1567 = DIRECTION('',(0.,0.,1.));
#1568 = ORIENTED_EDGE('',*,*,#1569,.F.);
#1569 = EDGE_CURVE('',#1518,#1562,#1570,.T.);
#1570 = LINE('',#1571,#1572);
#1571 = CARTESIAN_POINT('',(-88.,-98.,14.));
#1572 = VECTOR('',#1573,1.);
#1573 = DIRECTION('',(0.,1.,0.));
#1574 = PLANE('',#1575);
#1575 = AXIS2_PLACEMENT_3D('',#1576,#1577,#1578);
#1576 = CARTESIAN_POINT('',(-88.,0.,17.));
#1577 = DIRECTION('',(-1.,-0.,-0.));
#1578 = DIRECTION('',(0.,0.,-1.));
#1579 = ADVANCED_FACE('',(#1580),#1598,.T.);
#1580 = FACE_BOUND('',#1581,.T.);
#1581 = EDGE_LOOP('',(#1582,#1590,#1591,#1592));
#1582 = ORIENTED_EDGE('',*,*,#1583,.F.);
#1583 = EDGE_CURVE('',#1562,#1584,#1586,.T.);
#1584 = VERTEX_POINT('',#1585);
#1585 = CARTESIAN_POINT('',(-83.,98.,14.));
#1586 = LINE('',#1587,#1588);
#1587 = CARTESIAN_POINT('',(-88.,98.,14.));
#1588 = VECTOR('',#1589,1.);
#1589 = DIRECTION('',(1.,0.,0.));
#1590 = ORIENTED_EDGE('',*,*,#1561,.T.);
#1591 = ORIENTED_EDGE('',*,*,#606,.T.);
#1592 = ORIENTED_EDGE('',*,*,#1593,.F.);
#1593 = EDGE_CURVE('',#1584,#599,#1594,.T.);
#1594 = LINE('',#1595,#1596);
#1595 = CARTESIAN_POINT('',(-83.,98.,14.));
#1596 = VECTOR('',#1597,1.);
#1597 = DIRECTION('',(0.,0.,1.));
#1598 = PLANE('',#1599);
#1599 = AXIS2_PLACEMENT_3D('',#1600,#1601,#1602);
#1600 = CARTESIAN_POINT('',(-88.,98.,14.));
#1601 = DIRECTION('',(0.,1.,0.));
#1602 = DIRECTION('',(0.,0.,1.));
#1603 = ADVANCED_FACE('',(#1604),#1622,.T.);
#1604 = FACE_BOUND('',#1605,.T.);
#1605 = EDGE_LOOP('',(#1606,#1614,#1620,#1621));
#1606 = ORIENTED_EDGE('',*,*,#1607,.T.);
#1607 = EDGE_CURVE('',#591,#1608,#1610,.T.);
#1608 = VERTEX_POINT('',#1609);
#1609 = CARTESIAN_POINT('',(-83.,57.5,14.));
#1610 = LINE('',#1611,#1612);
#1611 = CARTESIAN_POINT('',(-83.,57.5,14.));
#1612 = VECTOR('',#1613,1.);
#1613 = DIRECTION('',(0.,0.,-1.));
#1614 = ORIENTED_EDGE('',*,*,#1615,.T.);
#1615 = EDGE_CURVE('',#1608,#1584,#1616,.T.);
#1616 = LINE('',#1617,#1618);
#1617 = CARTESIAN_POINT('',(-83.,-98.,14.));
#1618 = VECTOR('',#1619,1.);
#1619 = DIRECTION('',(0.,1.,0.));
#1620 = ORIENTED_EDGE('',*,*,#1593,.T.);
#1621 = ORIENTED_EDGE('',*,*,#598,.F.);
#1622 = PLANE('',#1623);
#1623 = AXIS2_PLACEMENT_3D('',#1624,#1625,#1626);
#1624 = CARTESIAN_POINT('',(-83.,-98.,14.));
#1625 = DIRECTION('',(1.,0.,0.));
#1626 = DIRECTION('',(0.,0.,1.));
#1627 = ADVANCED_FACE('',(#1628),#1646,.T.);
#1628 = FACE_BOUND('',#1629,.T.);
#1629 = EDGE_LOOP('',(#1630,#1638,#1639,#1640));
#1630 = ORIENTED_EDGE('',*,*,#1631,.F.);
#1631 = EDGE_CURVE('',#1608,#1632,#1634,.T.);
#1632 = VERTEX_POINT('',#1633);
#1633 = CARTESIAN_POINT('',(-76.64580823289,57.5,14.));
#1634 = LINE('',#1635,#1636);
#1635 = CARTESIAN_POINT('',(-88.,57.5,14.));
#1636 = VECTOR('',#1637,1.);
#1637 = DIRECTION('',(1.,0.,0.));
#1638 = ORIENTED_EDGE('',*,*,#1607,.F.);
#1639 = ORIENTED_EDGE('',*,*,#590,.T.);
#1640 = ORIENTED_EDGE('',*,*,#1641,.T.);
#1641 = EDGE_CURVE('',#582,#1632,#1642,.T.);
#1642 = LINE('',#1643,#1644);
#1643 = CARTESIAN_POINT('',(-76.64580823289,57.5,14.));
#1644 = VECTOR('',#1645,1.);
#1645 = DIRECTION('',(-0.,-0.,-1.));
#1646 = PLANE('',#1647);
#1647 = AXIS2_PLACEMENT_3D('',#1648,#1649,#1650);
#1648 = CARTESIAN_POINT('',(-88.,57.5,14.));
#1649 = DIRECTION('',(0.,1.,0.));
#1650 = DIRECTION('',(0.,0.,1.));
#1651 = ADVANCED_FACE('',(#1652),#1671,.T.);
#1652 = FACE_BOUND('',#1653,.F.);
#1653 = EDGE_LOOP('',(#1654,#1663,#1669,#1670));
#1654 = ORIENTED_EDGE('',*,*,#1655,.F.);
#1655 = EDGE_CURVE('',#1656,#1632,#1658,.T.);
#1656 = VERTEX_POINT('',#1657);
#1657 = CARTESIAN_POINT('',(-59.3541917671,57.5,14.));
#1658 = CIRCLE('',#1659,9.);
#1659 = AXIS2_PLACEMENT_3D('',#1660,#1661,#1662);
#1660 = CARTESIAN_POINT('',(-68.,55.,14.));
#1661 = DIRECTION('',(0.,0.,1.));
#1662 = DIRECTION('',(1.,0.,0.));
#1663 = ORIENTED_EDGE('',*,*,#1664,.F.);
#1664 = EDGE_CURVE('',#574,#1656,#1665,.T.);
#1665 = LINE('',#1666,#1667);
#1666 = CARTESIAN_POINT('',(-59.3541917671,57.5,14.));
#1667 = VECTOR('',#1668,1.);
#1668 = DIRECTION('',(-0.,-0.,-1.));
#1669 = ORIENTED_EDGE('',*,*,#581,.T.);
#1670 = ORIENTED_EDGE('',*,*,#1641,.T.);
#1671 = CYLINDRICAL_SURFACE('',#1672,9.);
#1672 = AXIS2_PLACEMENT_3D('',#1673,#1674,#1675);
#1673 = CARTESIAN_POINT('',(-68.,55.,14.));
#1674 = DIRECTION('',(-0.,-0.,-1.));
#1675 = DIRECTION('',(1.,0.,0.));
#1676 = ADVANCED_FACE('',(#1677),#1695,.T.);
#1677 = FACE_BOUND('',#1678,.T.);
#1678 = EDGE_LOOP('',(#1679,#1687,#1688,#1689));
#1679 = ORIENTED_EDGE('',*,*,#1680,.F.);
#1680 = EDGE_CURVE('',#1656,#1681,#1683,.T.);
#1681 = VERTEX_POINT('',#1682);
#1682 = CARTESIAN_POINT('',(-2.5,57.5,14.));
#1683 = LINE('',#1684,#1685);
#1684 = CARTESIAN_POINT('',(-88.,57.5,14.));
#1685 = VECTOR('',#1686,1.);
#1686 = DIRECTION('',(1.,0.,0.));
#1687 = ORIENTED_EDGE('',*,*,#1664,.F.);
#1688 = ORIENTED_EDGE('',*,*,#573,.T.);
#1689 = ORIENTED_EDGE('',*,*,#1690,.T.);
#1690 = EDGE_CURVE('',#566,#1681,#1691,.T.);
#1691 = LINE('',#1692,#1693);
#1692 = CARTESIAN_POINT('',(-2.5,57.5,14.));
#1693 = VECTOR('',#1694,1.);
#1694 = DIRECTION('',(0.,0.,-1.));
#1695 = PLANE('',#1696);
#1696 = AXIS2_PLACEMENT_3D('',#1697,#1698,#1699);
#1697 = CARTESIAN_POINT('',(-88.,57.5,14.));
#1698 = DIRECTION('',(0.,1.,0.));
#1699 = DIRECTION('',(0.,0.,1.));
#1700 = ADVANCED_FACE('',(#1701),#1719,.F.);
#1701 = FACE_BOUND('',#1702,.F.);
#1702 = EDGE_LOOP('',(#1703,#1704,#1712,#1718));
#1703 = ORIENTED_EDGE('',*,*,#1690,.T.);
#1704 = ORIENTED_EDGE('',*,*,#1705,.T.);
#1705 = EDGE_CURVE('',#1681,#1706,#1708,.T.);
#1706 = VERTEX_POINT('',#1707);
#1707 = CARTESIAN_POINT('',(-2.5,98.,14.));
#1708 = LINE('',#1709,#1710);
#1709 = CARTESIAN_POINT('',(-2.5,-98.,14.));
#1710 = VECTOR('',#1711,1.);
#1711 = DIRECTION('',(0.,1.,0.));
#1712 = ORIENTED_EDGE('',*,*,#1713,.T.);
#1713 = EDGE_CURVE('',#1706,#558,#1714,.T.);
#1714 = LINE('',#1715,#1716);
#1715 = CARTESIAN_POINT('',(-2.5,98.,14.));
#1716 = VECTOR('',#1717,1.);
#1717 = DIRECTION('',(0.,0.,1.));
#1718 = ORIENTED_EDGE('',*,*,#565,.F.);
#1719 = PLANE('',#1720);
#1720 = AXIS2_PLACEMENT_3D('',#1721,#1722,#1723);
#1721 = CARTESIAN_POINT('',(-2.5,-98.,14.));
#1722 = DIRECTION('',(1.,0.,0.));
#1723 = DIRECTION('',(0.,0.,1.));
#1724 = ADVANCED_FACE('',(#1725),#1743,.T.);
#1725 = FACE_BOUND('',#1726,.T.);
#1726 = EDGE_LOOP('',(#1727,#1735,#1736,#1737));
#1727 = ORIENTED_EDGE('',*,*,#1728,.F.);
#1728 = EDGE_CURVE('',#1706,#1729,#1731,.T.);
#1729 = VERTEX_POINT('',#1730);
#1730 = CARTESIAN_POINT('',(2.5,98.,14.));
#1731 = LINE('',#1732,#1733);
#1732 = CARTESIAN_POINT('',(-2.5,98.,14.));
#1733 = VECTOR('',#1734,1.);
#1734 = DIRECTION('',(1.,0.,0.));
#1735 = ORIENTED_EDGE('',*,*,#1713,.T.);
#1736 = ORIENTED_EDGE('',*,*,#557,.T.);
#1737 = ORIENTED_EDGE('',*,*,#1738,.F.);
#1738 = EDGE_CURVE('',#1729,#550,#1739,.T.);
#1739 = LINE('',#1740,#1741);
#1740 = CARTESIAN_POINT('',(2.5,98.,14.));
#1741 = VECTOR('',#1742,1.);
#1742 = DIRECTION('',(0.,0.,1.));
#1743 = PLANE('',#1744);
#1744 = AXIS2_PLACEMENT_3D('',#1745,#1746,#1747);
#1745 = CARTESIAN_POINT('',(-2.5,98.,14.));
#1746 = DIRECTION('',(0.,1.,0.));
#1747 = DIRECTION('',(0.,0.,1.));
#1748 = ADVANCED_FACE('',(#1749),#1767,.T.);
#1749 = FACE_BOUND('',#1750,.T.);
#1750 = EDGE_LOOP('',(#1751,#1759,#1765,#1766));
#1751 = ORIENTED_EDGE('',*,*,#1752,.T.);
#1752 = EDGE_CURVE('',#542,#1753,#1755,.T.);
#1753 = VERTEX_POINT('',#1754);
#1754 = CARTESIAN_POINT('',(2.5,57.5,14.));
#1755 = LINE('',#1756,#1757);
#1756 = CARTESIAN_POINT('',(2.5,57.5,14.));
#1757 = VECTOR('',#1758,1.);
#1758 = DIRECTION('',(0.,0.,-1.));
#1759 = ORIENTED_EDGE('',*,*,#1760,.T.);
#1760 = EDGE_CURVE('',#1753,#1729,#1761,.T.);
#1761 = LINE('',#1762,#1763);
#1762 = CARTESIAN_POINT('',(2.5,-98.,14.));
#1763 = VECTOR('',#1764,1.);
#1764 = DIRECTION('',(0.,1.,0.));
#1765 = ORIENTED_EDGE('',*,*,#1738,.T.);
#1766 = ORIENTED_EDGE('',*,*,#549,.F.);
#1767 = PLANE('',#1768);
#1768 = AXIS2_PLACEMENT_3D('',#1769,#1770,#1771);
#1769 = CARTESIAN_POINT('',(2.5,-98.,14.));
#1770 = DIRECTION('',(1.,0.,0.));
#1771 = DIRECTION('',(0.,0.,1.));
#1772 = ADVANCED_FACE('',(#1773),#1791,.T.);
#1773 = FACE_BOUND('',#1774,.T.);
#1774 = EDGE_LOOP('',(#1775,#1783,#1784,#1785));
#1775 = ORIENTED_EDGE('',*,*,#1776,.F.);
#1776 = EDGE_CURVE('',#1753,#1777,#1779,.T.);
#1777 = VERTEX_POINT('',#1778);
#1778 = CARTESIAN_POINT('',(59.354191767105,57.5,14.));
#1779 = LINE('',#1780,#1781);
#1780 = CARTESIAN_POINT('',(-88.,57.5,14.));
#1781 = VECTOR('',#1782,1.);
#1782 = DIRECTION('',(1.,0.,0.));
#1783 = ORIENTED_EDGE('',*,*,#1752,.F.);
#1784 = ORIENTED_EDGE('',*,*,#541,.T.);
#1785 = ORIENTED_EDGE('',*,*,#1786,.T.);
#1786 = EDGE_CURVE('',#533,#1777,#1787,.T.);
#1787 = LINE('',#1788,#1789);
#1788 = CARTESIAN_POINT('',(59.354191767105,57.5,14.));
#1789 = VECTOR('',#1790,1.);
#1790 = DIRECTION('',(-0.,-0.,-1.));
#1791 = PLANE('',#1792);
#1792 = AXIS2_PLACEMENT_3D('',#1793,#1794,#1795);
#1793 = CARTESIAN_POINT('',(-88.,57.5,14.));
#1794 = DIRECTION('',(0.,1.,0.));
#1795 = DIRECTION('',(0.,0.,1.));
#1796 = ADVANCED_FACE('',(#1797),#1816,.T.);
#1797 = FACE_BOUND('',#1798,.F.);
#1798 = EDGE_LOOP('',(#1799,#1808,#1814,#1815));
#1799 = ORIENTED_EDGE('',*,*,#1800,.F.);
#1800 = EDGE_CURVE('',#1801,#1777,#1803,.T.);
#1801 = VERTEX_POINT('',#1802);
#1802 = CARTESIAN_POINT('',(76.645808232895,57.5,14.));
#1803 = CIRCLE('',#1804,9.);
#1804 = AXIS2_PLACEMENT_3D('',#1805,#1806,#1807);
#1805 = CARTESIAN_POINT('',(68.,55.,14.));
#1806 = DIRECTION('',(0.,0.,1.));
#1807 = DIRECTION('',(1.,0.,0.));
#1808 = ORIENTED_EDGE('',*,*,#1809,.F.);
#1809 = EDGE_CURVE('',#525,#1801,#1810,.T.);
#1810 = LINE('',#1811,#1812);
#1811 = CARTESIAN_POINT('',(76.645808232895,57.5,14.));
#1812 = VECTOR('',#1813,1.);
#1813 = DIRECTION('',(-0.,-0.,-1.));
#1814 = ORIENTED_EDGE('',*,*,#532,.T.);
#1815 = ORIENTED_EDGE('',*,*,#1786,.T.);
#1816 = CYLINDRICAL_SURFACE('',#1817,9.);
#1817 = AXIS2_PLACEMENT_3D('',#1818,#1819,#1820);
#1818 = CARTESIAN_POINT('',(68.,55.,14.));
#1819 = DIRECTION('',(-0.,-0.,-1.));
#1820 = DIRECTION('',(1.,0.,0.));
#1821 = ADVANCED_FACE('',(#1822),#1840,.T.);
#1822 = FACE_BOUND('',#1823,.T.);
#1823 = EDGE_LOOP('',(#1824,#1832,#1833,#1834));
#1824 = ORIENTED_EDGE('',*,*,#1825,.F.);
#1825 = EDGE_CURVE('',#1801,#1826,#1828,.T.);
#1826 = VERTEX_POINT('',#1827);
#1827 = CARTESIAN_POINT('',(83.,57.5,14.));
#1828 = LINE('',#1829,#1830);
#1829 = CARTESIAN_POINT('',(-88.,57.5,14.));
#1830 = VECTOR('',#1831,1.);
#1831 = DIRECTION('',(1.,0.,0.));
#1832 = ORIENTED_EDGE('',*,*,#1809,.F.);
#1833 = ORIENTED_EDGE('',*,*,#524,.T.);
#1834 = ORIENTED_EDGE('',*,*,#1835,.T.);
#1835 = EDGE_CURVE('',#517,#1826,#1836,.T.);
#1836 = LINE('',#1837,#1838);
#1837 = CARTESIAN_POINT('',(83.,57.5,14.));
#1838 = VECTOR('',#1839,1.);
#1839 = DIRECTION('',(0.,0.,-1.));
#1840 = PLANE('',#1841);
#1841 = AXIS2_PLACEMENT_3D('',#1842,#1843,#1844);
#1842 = CARTESIAN_POINT('',(-88.,57.5,14.));
#1843 = DIRECTION('',(0.,1.,0.));
#1844 = DIRECTION('',(0.,0.,1.));
#1845 = ADVANCED_FACE('',(#1846),#1864,.F.);
#1846 = FACE_BOUND('',#1847,.F.);
#1847 = EDGE_LOOP('',(#1848,#1849,#1857,#1863));
#1848 = ORIENTED_EDGE('',*,*,#1835,.T.);
#1849 = ORIENTED_EDGE('',*,*,#1850,.T.);
#1850 = EDGE_CURVE('',#1826,#1851,#1853,.T.);
#1851 = VERTEX_POINT('',#1852);
#1852 = CARTESIAN_POINT('',(83.,98.,14.));
#1853 = LINE('',#1854,#1855);
#1854 = CARTESIAN_POINT('',(83.,-98.,14.));
#1855 = VECTOR('',#1856,1.);
#1856 = DIRECTION('',(0.,1.,0.));
#1857 = ORIENTED_EDGE('',*,*,#1858,.T.);
#1858 = EDGE_CURVE('',#1851,#509,#1859,.T.);
#1859 = LINE('',#1860,#1861);
#1860 = CARTESIAN_POINT('',(83.,98.,14.));
#1861 = VECTOR('',#1862,1.);
#1862 = DIRECTION('',(0.,0.,1.));
#1863 = ORIENTED_EDGE('',*,*,#516,.F.);
#1864 = PLANE('',#1865);
#1865 = AXIS2_PLACEMENT_3D('',#1866,#1867,#1868);
#1866 = CARTESIAN_POINT('',(83.,-98.,14.));
#1867 = DIRECTION('',(1.,0.,0.));
#1868 = DIRECTION('',(0.,0.,1.));
#1869 = ADVANCED_FACE('',(#1870),#1888,.T.);
#1870 = FACE_BOUND('',#1871,.T.);
#1871 = EDGE_LOOP('',(#1872,#1880,#1881,#1882));
#1872 = ORIENTED_EDGE('',*,*,#1873,.F.);
#1873 = EDGE_CURVE('',#1851,#1874,#1876,.T.);
#1874 = VERTEX_POINT('',#1875);
#1875 = CARTESIAN_POINT('',(88.,98.,14.));
#1876 = LINE('',#1877,#1878);
#1877 = CARTESIAN_POINT('',(83.,98.,14.));
#1878 = VECTOR('',#1879,1.);
#1879 = DIRECTION('',(1.,0.,0.));
#1880 = ORIENTED_EDGE('',*,*,#1858,.T.);
#1881 = ORIENTED_EDGE('',*,*,#508,.T.);
#1882 = ORIENTED_EDGE('',*,*,#1883,.F.);
#1883 = EDGE_CURVE('',#1874,#501,#1884,.T.);
#1884 = LINE('',#1885,#1886);
#1885 = CARTESIAN_POINT('',(88.,98.,14.));
#1886 = VECTOR('',#1887,1.);
#1887 = DIRECTION('',(0.,0.,1.));
#1888 = PLANE('',#1889);
#1889 = AXIS2_PLACEMENT_3D('',#1890,#1891,#1892);
#1890 = CARTESIAN_POINT('',(83.,98.,14.));
#1891 = DIRECTION('',(0.,1.,0.));
#1892 = DIRECTION('',(0.,0.,1.));
#1893 = ADVANCED_FACE('',(#1894),#1912,.T.);
#1894 = FACE_BOUND('',#1895,.T.);
#1895 = EDGE_LOOP('',(#1896,#1897,#1905,#1911));
#1896 = ORIENTED_EDGE('',*,*,#500,.F.);
#1897 = ORIENTED_EDGE('',*,*,#1898,.T.);
#1898 = EDGE_CURVE('',#492,#1899,#1901,.T.);
#1899 = VERTEX_POINT('',#1900);
#1900 = CARTESIAN_POINT('',(88.,97.,14.));
#1901 = LINE('',#1902,#1903);
#1902 = CARTESIAN_POINT('',(88.,97.,-1.));
#1903 = VECTOR('',#1904,1.);
#1904 = DIRECTION('',(-0.,-0.,-1.));
#1905 = ORIENTED_EDGE('',*,*,#1906,.T.);
#1906 = EDGE_CURVE('',#1899,#1874,#1907,.T.);
#1907 = LINE('',#1908,#1909);
#1908 = CARTESIAN_POINT('',(88.,-98.,14.));
#1909 = VECTOR('',#1910,1.);
#1910 = DIRECTION('',(0.,1.,0.));
#1911 = ORIENTED_EDGE('',*,*,#1883,.T.);
#1912 = PLANE('',#1913);
#1913 = AXIS2_PLACEMENT_3D('',#1914,#1915,#1916);
#1914 = CARTESIAN_POINT('',(88.,0.,17.));
#1915 = DIRECTION('',(1.,0.,0.));
#1916 = DIRECTION('',(0.,0.,1.));
#1917 = ADVANCED_FACE('',(#1918),#1954,.F.);
#1918 = FACE_BOUND('',#1919,.T.);
#1919 = EDGE_LOOP('',(#1920,#1921,#1929,#1938,#1946,#1953));
#1920 = ORIENTED_EDGE('',*,*,#491,.T.);
#1921 = ORIENTED_EDGE('',*,*,#1922,.T.);
#1922 = EDGE_CURVE('',#484,#1923,#1925,.T.);
#1923 = VERTEX_POINT('',#1924);
#1924 = CARTESIAN_POINT('',(90.5,94.5,24.));
#1925 = LINE('',#1926,#1927);
#1926 = CARTESIAN_POINT('',(90.5,94.5,-1.));
#1927 = VECTOR('',#1928,1.);
#1928 = DIRECTION('',(0.,0.,1.));
#1929 = ORIENTED_EDGE('',*,*,#1930,.F.);
#1930 = EDGE_CURVE('',#1931,#1923,#1933,.T.);
#1931 = VERTEX_POINT('',#1932);
#1932 = CARTESIAN_POINT('',(85.5,94.5,24.));
#1933 = CIRCLE('',#1934,2.5);
#1934 = AXIS2_PLACEMENT_3D('',#1935,#1936,#1937);
#1935 = CARTESIAN_POINT('',(88.,94.5,24.));
#1936 = DIRECTION('',(0.,0.,-1.));
#1937 = DIRECTION('',(1.,0.,0.));
#1938 = ORIENTED_EDGE('',*,*,#1939,.F.);
#1939 = EDGE_CURVE('',#1940,#1931,#1942,.T.);
#1940 = VERTEX_POINT('',#1941);
#1941 = CARTESIAN_POINT('',(85.5,94.5,14.));
#1942 = LINE('',#1943,#1944);
#1943 = CARTESIAN_POINT('',(85.5,94.5,-1.));
#1944 = VECTOR('',#1945,1.);
#1945 = DIRECTION('',(0.,0.,1.));
#1946 = ORIENTED_EDGE('',*,*,#1947,.T.);
#1947 = EDGE_CURVE('',#1940,#1899,#1948,.T.);
#1948 = CIRCLE('',#1949,2.5);
#1949 = AXIS2_PLACEMENT_3D('',#1950,#1951,#1952);
#1950 = CARTESIAN_POINT('',(88.,94.5,14.));
#1951 = DIRECTION('',(0.,0.,-1.));
#1952 = DIRECTION('',(1.,0.,0.));
#1953 = ORIENTED_EDGE('',*,*,#1898,.F.);
#1954 = CYLINDRICAL_SURFACE('',#1955,2.5);
#1955 = AXIS2_PLACEMENT_3D('',#1956,#1957,#1958);
#1956 = CARTESIAN_POINT('',(88.,94.5,-1.));
#1957 = DIRECTION('',(-0.,-0.,-1.));
#1958 = DIRECTION('',(1.,0.,0.));
#1959 = ADVANCED_FACE('',(#1960),#1978,.F.);
#1960 = FACE_BOUND('',#1961,.F.);
#1961 = EDGE_LOOP('',(#1962,#1970,#1971,#1972));
#1962 = ORIENTED_EDGE('',*,*,#1963,.F.);
#1963 = EDGE_CURVE('',#475,#1964,#1966,.T.);
#1964 = VERTEX_POINT('',#1965);
#1965 = CARTESIAN_POINT('',(90.5,75.5,24.));
#1966 = LINE('',#1967,#1968);
#1967 = CARTESIAN_POINT('',(90.5,75.5,-1.));
#1968 = VECTOR('',#1969,1.);
#1969 = DIRECTION('',(0.,0.,1.));
#1970 = ORIENTED_EDGE('',*,*,#483,.F.);
#1971 = ORIENTED_EDGE('',*,*,#1922,.T.);
#1972 = ORIENTED_EDGE('',*,*,#1973,.F.);
#1973 = EDGE_CURVE('',#1964,#1923,#1974,.T.);
#1974 = LINE('',#1975,#1976);
#1975 = CARTESIAN_POINT('',(90.5,37.75,24.));
#1976 = VECTOR('',#1977,1.);
#1977 = DIRECTION('',(0.,1.,0.));
#1978 = PLANE('',#1979);
#1979 = AXIS2_PLACEMENT_3D('',#1980,#1981,#1982);
#1980 = CARTESIAN_POINT('',(90.5,75.5,-1.));
#1981 = DIRECTION('',(1.,0.,0.));
#1982 = DIRECTION('',(0.,0.,1.));
#1983 = ADVANCED_FACE('',(#1984),#2020,.F.);
#1984 = FACE_BOUND('',#1985,.T.);
#1985 = EDGE_LOOP('',(#1986,#1987,#1988,#1996,#2005,#2013));
#1986 = ORIENTED_EDGE('',*,*,#1963,.F.);
#1987 = ORIENTED_EDGE('',*,*,#474,.T.);
#1988 = ORIENTED_EDGE('',*,*,#1989,.T.);
#1989 = EDGE_CURVE('',#467,#1990,#1992,.T.);
#1990 = VERTEX_POINT('',#1991);
#1991 = CARTESIAN_POINT('',(88.,73.,14.));
#1992 = LINE('',#1993,#1994);
#1993 = CARTESIAN_POINT('',(88.,73.,-1.));
#1994 = VECTOR('',#1995,1.);
#1995 = DIRECTION('',(-0.,-0.,-1.));
#1996 = ORIENTED_EDGE('',*,*,#1997,.T.);
#1997 = EDGE_CURVE('',#1990,#1998,#2000,.T.);
#1998 = VERTEX_POINT('',#1999);
#1999 = CARTESIAN_POINT('',(85.5,75.5,14.));
#2000 = CIRCLE('',#2001,2.5);
#2001 = AXIS2_PLACEMENT_3D('',#2002,#2003,#2004);
#2002 = CARTESIAN_POINT('',(88.,75.5,14.));
#2003 = DIRECTION('',(0.,0.,-1.));
#2004 = DIRECTION('',(1.,0.,0.));
#2005 = ORIENTED_EDGE('',*,*,#2006,.T.);
#2006 = EDGE_CURVE('',#1998,#2007,#2009,.T.);
#2007 = VERTEX_POINT('',#2008);
#2008 = CARTESIAN_POINT('',(85.5,75.5,24.));
#2009 = LINE('',#2010,#2011);
#2010 = CARTESIAN_POINT('',(85.5,75.5,-1.));
#2011 = VECTOR('',#2012,1.);
#2012 = DIRECTION('',(0.,0.,1.));
#2013 = ORIENTED_EDGE('',*,*,#2014,.F.);
#2014 = EDGE_CURVE('',#1964,#2007,#2015,.T.);
#2015 = CIRCLE('',#2016,2.5);
#2016 = AXIS2_PLACEMENT_3D('',#2017,#2018,#2019);
#2017 = CARTESIAN_POINT('',(88.,75.5,24.));
#2018 = DIRECTION('',(0.,0.,-1.));
#2019 = DIRECTION('',(1.,0.,0.));
#2020 = CYLINDRICAL_SURFACE('',#2021,2.5);
#2021 = AXIS2_PLACEMENT_3D('',#2022,#2023,#2024);
#2022 = CARTESIAN_POINT('',(88.,75.5,-1.));
#2023 = DIRECTION('',(-0.,-0.,-1.));
#2024 = DIRECTION('',(1.,0.,0.));
#2025 = ADVANCED_FACE('',(#2026),#2044,.T.);
#2026 = FACE_BOUND('',#2027,.T.);
#2027 = EDGE_LOOP('',(#2028,#2029,#2037,#2043));
#2028 = ORIENTED_EDGE('',*,*,#466,.F.);
#2029 = ORIENTED_EDGE('',*,*,#2030,.T.);
#2030 = EDGE_CURVE('',#458,#2031,#2033,.T.);
#2031 = VERTEX_POINT('',#2032);
#2032 = CARTESIAN_POINT('',(88.,57.,14.));
#2033 = LINE('',#2034,#2035);
#2034 = CARTESIAN_POINT('',(88.,57.,-1.));
#2035 = VECTOR('',#2036,1.);
#2036 = DIRECTION('',(-0.,-0.,-1.));
#2037 = ORIENTED_EDGE('',*,*,#2038,.T.);
#2038 = EDGE_CURVE('',#2031,#1990,#2039,.T.);
#2039 = LINE('',#2040,#2041);
#2040 = CARTESIAN_POINT('',(88.,-98.,14.));
#2041 = VECTOR('',#2042,1.);
#2042 = DIRECTION('',(0.,1.,0.));
#2043 = ORIENTED_EDGE('',*,*,#1989,.F.);
#2044 = PLANE('',#2045);
#2045 = AXIS2_PLACEMENT_3D('',#2046,#2047,#2048);
#2046 = CARTESIAN_POINT('',(88.,0.,17.));
#2047 = DIRECTION('',(1.,0.,0.));
#2048 = DIRECTION('',(0.,0.,1.));
#2049 = ADVANCED_FACE('',(#2050),#2086,.F.);
#2050 = FACE_BOUND('',#2051,.T.);
#2051 = EDGE_LOOP('',(#2052,#2053,#2061,#2070,#2078,#2085));
#2052 = ORIENTED_EDGE('',*,*,#457,.T.);
#2053 = ORIENTED_EDGE('',*,*,#2054,.T.);
#2054 = EDGE_CURVE('',#450,#2055,#2057,.T.);
#2055 = VERTEX_POINT('',#2056);
#2056 = CARTESIAN_POINT('',(90.5,54.5,24.));
#2057 = LINE('',#2058,#2059);
#2058 = CARTESIAN_POINT('',(90.5,54.5,-1.));
#2059 = VECTOR('',#2060,1.);
#2060 = DIRECTION('',(0.,0.,1.));
#2061 = ORIENTED_EDGE('',*,*,#2062,.F.);
#2062 = EDGE_CURVE('',#2063,#2055,#2065,.T.);
#2063 = VERTEX_POINT('',#2064);
#2064 = CARTESIAN_POINT('',(85.5,54.5,24.));
#2065 = CIRCLE('',#2066,2.5);
#2066 = AXIS2_PLACEMENT_3D('',#2067,#2068,#2069);
#2067 = CARTESIAN_POINT('',(88.,54.5,24.));
#2068 = DIRECTION('',(0.,0.,-1.));
#2069 = DIRECTION('',(1.,0.,0.));
#2070 = ORIENTED_EDGE('',*,*,#2071,.F.);
#2071 = EDGE_CURVE('',#2072,#2063,#2074,.T.);
#2072 = VERTEX_POINT('',#2073);
#2073 = CARTESIAN_POINT('',(85.5,54.5,14.));
#2074 = LINE('',#2075,#2076);
#2075 = CARTESIAN_POINT('',(85.5,54.5,-1.));
#2076 = VECTOR('',#2077,1.);
#2077 = DIRECTION('',(0.,0.,1.));
#2078 = ORIENTED_EDGE('',*,*,#2079,.T.);
#2079 = EDGE_CURVE('',#2072,#2031,#2080,.T.);
#2080 = CIRCLE('',#2081,2.5);
#2081 = AXIS2_PLACEMENT_3D('',#2082,#2083,#2084);
#2082 = CARTESIAN_POINT('',(88.,54.5,14.));
#2083 = DIRECTION('',(0.,0.,-1.));
#2084 = DIRECTION('',(1.,0.,0.));
#2085 = ORIENTED_EDGE('',*,*,#2030,.F.);
#2086 = CYLINDRICAL_SURFACE('',#2087,2.5);
#2087 = AXIS2_PLACEMENT_3D('',#2088,#2089,#2090);
#2088 = CARTESIAN_POINT('',(88.,54.5,-1.));
#2089 = DIRECTION('',(-0.,-0.,-1.));
#2090 = DIRECTION('',(1.,0.,0.));
#2091 = ADVANCED_FACE('',(#2092),#2110,.F.);
#2092 = FACE_BOUND('',#2093,.F.);
#2093 = EDGE_LOOP('',(#2094,#2102,#2103,#2104));
#2094 = ORIENTED_EDGE('',*,*,#2095,.F.);
#2095 = EDGE_CURVE('',#441,#2096,#2098,.T.);
#2096 = VERTEX_POINT('',#2097);
#2097 = CARTESIAN_POINT('',(90.5,35.5,24.));
#2098 = LINE('',#2099,#2100);
#2099 = CARTESIAN_POINT('',(90.5,35.5,-1.));
#2100 = VECTOR('',#2101,1.);
#2101 = DIRECTION('',(0.,0.,1.));
#2102 = ORIENTED_EDGE('',*,*,#449,.F.);
#2103 = ORIENTED_EDGE('',*,*,#2054,.T.);
#2104 = ORIENTED_EDGE('',*,*,#2105,.F.);
#2105 = EDGE_CURVE('',#2096,#2055,#2106,.T.);
#2106 = LINE('',#2107,#2108);
#2107 = CARTESIAN_POINT('',(90.5,17.75,24.));
#2108 = VECTOR('',#2109,1.);
#2109 = DIRECTION('',(0.,1.,0.));
#2110 = PLANE('',#2111);
#2111 = AXIS2_PLACEMENT_3D('',#2112,#2113,#2114);
#2112 = CARTESIAN_POINT('',(90.5,35.5,-1.));
#2113 = DIRECTION('',(1.,0.,0.));
#2114 = DIRECTION('',(0.,0.,1.));
#2115 = ADVANCED_FACE('',(#2116),#2152,.F.);
#2116 = FACE_BOUND('',#2117,.T.);
#2117 = EDGE_LOOP('',(#2118,#2119,#2120,#2128,#2137,#2145));
#2118 = ORIENTED_EDGE('',*,*,#2095,.F.);
#2119 = ORIENTED_EDGE('',*,*,#440,.T.);
#2120 = ORIENTED_EDGE('',*,*,#2121,.T.);
#2121 = EDGE_CURVE('',#433,#2122,#2124,.T.);
#2122 = VERTEX_POINT('',#2123);
#2123 = CARTESIAN_POINT('',(88.,33.,14.));
#2124 = LINE('',#2125,#2126);
#2125 = CARTESIAN_POINT('',(88.,33.,-1.));
#2126 = VECTOR('',#2127,1.);
#2127 = DIRECTION('',(-0.,-0.,-1.));
#2128 = ORIENTED_EDGE('',*,*,#2129,.T.);
#2129 = EDGE_CURVE('',#2122,#2130,#2132,.T.);
#2130 = VERTEX_POINT('',#2131);
#2131 = CARTESIAN_POINT('',(85.5,35.5,14.));
#2132 = CIRCLE('',#2133,2.5);
#2133 = AXIS2_PLACEMENT_3D('',#2134,#2135,#2136);
#2134 = CARTESIAN_POINT('',(88.,35.5,14.));
#2135 = DIRECTION('',(0.,0.,-1.));
#2136 = DIRECTION('',(1.,0.,0.));
#2137 = ORIENTED_EDGE('',*,*,#2138,.T.);
#2138 = EDGE_CURVE('',#2130,#2139,#2141,.T.);
#2139 = VERTEX_POINT('',#2140);
#2140 = CARTESIAN_POINT('',(85.5,35.5,24.));
#2141 = LINE('',#2142,#2143);
#2142 = CARTESIAN_POINT('',(85.5,35.5,-1.));
#2143 = VECTOR('',#2144,1.);
#2144 = DIRECTION('',(0.,0.,1.));
#2145 = ORIENTED_EDGE('',*,*,#2146,.F.);
#2146 = EDGE_CURVE('',#2096,#2139,#2147,.T.);
#2147 = CIRCLE('',#2148,2.5);
#2148 = AXIS2_PLACEMENT_3D('',#2149,#2150,#2151);
#2149 = CARTESIAN_POINT('',(88.,35.5,24.));
#2150 = DIRECTION('',(0.,0.,-1.));
#2151 = DIRECTION('',(1.,0.,0.));
#2152 = CYLINDRICAL_SURFACE('',#2153,2.5);
#2153 = AXIS2_PLACEMENT_3D('',#2154,#2155,#2156);
#2154 = CARTESIAN_POINT('',(88.,35.5,-1.));
#2155 = DIRECTION('',(-0.,-0.,-1.));
#2156 = DIRECTION('',(1.,0.,0.));
#2157 = ADVANCED_FACE('',(#2158),#2176,.T.);
#2158 = FACE_BOUND('',#2159,.T.);
#2159 = EDGE_LOOP('',(#2160,#2161,#2169,#2175));
#2160 = ORIENTED_EDGE('',*,*,#432,.F.);
#2161 = ORIENTED_EDGE('',*,*,#2162,.T.);
#2162 = EDGE_CURVE('',#424,#2163,#2165,.T.);
#2163 = VERTEX_POINT('',#2164);
#2164 = CARTESIAN_POINT('',(88.,-13.,14.));
#2165 = LINE('',#2166,#2167);
#2166 = CARTESIAN_POINT('',(88.,-13.,-1.));
#2167 = VECTOR('',#2168,1.);
#2168 = DIRECTION('',(-0.,-0.,-1.));
#2169 = ORIENTED_EDGE('',*,*,#2170,.T.);
#2170 = EDGE_CURVE('',#2163,#2122,#2171,.T.);
#2171 = LINE('',#2172,#2173);
#2172 = CARTESIAN_POINT('',(88.,-98.,14.));
#2173 = VECTOR('',#2174,1.);
#2174 = DIRECTION('',(0.,1.,0.));
#2175 = ORIENTED_EDGE('',*,*,#2121,.F.);
#2176 = PLANE('',#2177);
#2177 = AXIS2_PLACEMENT_3D('',#2178,#2179,#2180);
#2178 = CARTESIAN_POINT('',(88.,0.,17.));
#2179 = DIRECTION('',(1.,0.,0.));
#2180 = DIRECTION('',(0.,0.,1.));
#2181 = ADVANCED_FACE('',(#2182),#2218,.F.);
#2182 = FACE_BOUND('',#2183,.T.);
#2183 = EDGE_LOOP('',(#2184,#2185,#2193,#2202,#2210,#2217));
#2184 = ORIENTED_EDGE('',*,*,#423,.T.);
#2185 = ORIENTED_EDGE('',*,*,#2186,.T.);
#2186 = EDGE_CURVE('',#416,#2187,#2189,.T.);
#2187 = VERTEX_POINT('',#2188);
#2188 = CARTESIAN_POINT('',(90.5,-15.5,24.));
#2189 = LINE('',#2190,#2191);
#2190 = CARTESIAN_POINT('',(90.5,-15.5,-1.));
#2191 = VECTOR('',#2192,1.);
#2192 = DIRECTION('',(0.,0.,1.));
#2193 = ORIENTED_EDGE('',*,*,#2194,.F.);
#2194 = EDGE_CURVE('',#2195,#2187,#2197,.T.);
#2195 = VERTEX_POINT('',#2196);
#2196 = CARTESIAN_POINT('',(85.5,-15.5,24.));
#2197 = CIRCLE('',#2198,2.5);
#2198 = AXIS2_PLACEMENT_3D('',#2199,#2200,#2201);
#2199 = CARTESIAN_POINT('',(88.,-15.5,24.));
#2200 = DIRECTION('',(0.,0.,-1.));
#2201 = DIRECTION('',(1.,0.,0.));
#2202 = ORIENTED_EDGE('',*,*,#2203,.F.);
#2203 = EDGE_CURVE('',#2204,#2195,#2206,.T.);
#2204 = VERTEX_POINT('',#2205);
#2205 = CARTESIAN_POINT('',(85.5,-15.5,14.));
#2206 = LINE('',#2207,#2208);
#2207 = CARTESIAN_POINT('',(85.5,-15.5,-1.));
#2208 = VECTOR('',#2209,1.);
#2209 = DIRECTION('',(0.,0.,1.));
#2210 = ORIENTED_EDGE('',*,*,#2211,.T.);
#2211 = EDGE_CURVE('',#2204,#2163,#2212,.T.);
#2212 = CIRCLE('',#2213,2.5);
#2213 = AXIS2_PLACEMENT_3D('',#2214,#2215,#2216);
#2214 = CARTESIAN_POINT('',(88.,-15.5,14.));
#2215 = DIRECTION('',(0.,0.,-1.));
#2216 = DIRECTION('',(1.,0.,0.));
#2217 = ORIENTED_EDGE('',*,*,#2162,.F.);
#2218 = CYLINDRICAL_SURFACE('',#2219,2.5);
#2219 = AXIS2_PLACEMENT_3D('',#2220,#2221,#2222);
#2220 = CARTESIAN_POINT('',(88.,-15.5,-1.));
#2221 = DIRECTION('',(-0.,-0.,-1.));
#2222 = DIRECTION('',(1.,0.,0.));
#2223 = ADVANCED_FACE('',(#2224),#2242,.F.);
#2224 = FACE_BOUND('',#2225,.F.);
#2225 = EDGE_LOOP('',(#2226,#2234,#2235,#2236));
#2226 = ORIENTED_EDGE('',*,*,#2227,.F.);
#2227 = EDGE_CURVE('',#407,#2228,#2230,.T.);
#2228 = VERTEX_POINT('',#2229);
#2229 = CARTESIAN_POINT('',(90.5,-34.5,24.));
#2230 = LINE('',#2231,#2232);
#2231 = CARTESIAN_POINT('',(90.5,-34.5,-1.));
#2232 = VECTOR('',#2233,1.);
#2233 = DIRECTION('',(0.,0.,1.));
#2234 = ORIENTED_EDGE('',*,*,#415,.F.);
#2235 = ORIENTED_EDGE('',*,*,#2186,.T.);
#2236 = ORIENTED_EDGE('',*,*,#2237,.F.);
#2237 = EDGE_CURVE('',#2228,#2187,#2238,.T.);
#2238 = LINE('',#2239,#2240);
#2239 = CARTESIAN_POINT('',(90.5,-17.25,24.));
#2240 = VECTOR('',#2241,1.);
#2241 = DIRECTION('',(0.,1.,0.));
#2242 = PLANE('',#2243);
#2243 = AXIS2_PLACEMENT_3D('',#2244,#2245,#2246);
#2244 = CARTESIAN_POINT('',(90.5,-34.5,-1.));
#2245 = DIRECTION('',(1.,0.,0.));
#2246 = DIRECTION('',(0.,0.,1.));
#2247 = ADVANCED_FACE('',(#2248),#2284,.F.);
#2248 = FACE_BOUND('',#2249,.T.);
#2249 = EDGE_LOOP('',(#2250,#2251,#2252,#2260,#2269,#2277));
#2250 = ORIENTED_EDGE('',*,*,#2227,.F.);
#2251 = ORIENTED_EDGE('',*,*,#406,.T.);
#2252 = ORIENTED_EDGE('',*,*,#2253,.T.);
#2253 = EDGE_CURVE('',#399,#2254,#2256,.T.);
#2254 = VERTEX_POINT('',#2255);
#2255 = CARTESIAN_POINT('',(88.,-37.,14.));
#2256 = LINE('',#2257,#2258);
#2257 = CARTESIAN_POINT('',(88.,-37.,-1.));
#2258 = VECTOR('',#2259,1.);
#2259 = DIRECTION('',(-0.,-0.,-1.));
#2260 = ORIENTED_EDGE('',*,*,#2261,.T.);
#2261 = EDGE_CURVE('',#2254,#2262,#2264,.T.);
#2262 = VERTEX_POINT('',#2263);
#2263 = CARTESIAN_POINT('',(85.5,-34.5,14.));
#2264 = CIRCLE('',#2265,2.5);
#2265 = AXIS2_PLACEMENT_3D('',#2266,#2267,#2268);
#2266 = CARTESIAN_POINT('',(88.,-34.5,14.));
#2267 = DIRECTION('',(0.,0.,-1.));
#2268 = DIRECTION('',(1.,0.,0.));
#2269 = ORIENTED_EDGE('',*,*,#2270,.T.);
#2270 = EDGE_CURVE('',#2262,#2271,#2273,.T.);
#2271 = VERTEX_POINT('',#2272);
#2272 = CARTESIAN_POINT('',(85.5,-34.5,24.));
#2273 = LINE('',#2274,#2275);
#2274 = CARTESIAN_POINT('',(85.5,-34.5,-1.));
#2275 = VECTOR('',#2276,1.);
#2276 = DIRECTION('',(0.,0.,1.));
#2277 = ORIENTED_EDGE('',*,*,#2278,.F.);
#2278 = EDGE_CURVE('',#2228,#2271,#2279,.T.);
#2279 = CIRCLE('',#2280,2.5);
#2280 = AXIS2_PLACEMENT_3D('',#2281,#2282,#2283);
#2281 = CARTESIAN_POINT('',(88.,-34.5,24.));
#2282 = DIRECTION('',(0.,0.,-1.));
#2283 = DIRECTION('',(1.,0.,0.));
#2284 = CYLINDRICAL_SURFACE('',#2285,2.5);
#2285 = AXIS2_PLACEMENT_3D('',#2286,#2287,#2288);
#2286 = CARTESIAN_POINT('',(88.,-34.5,-1.));
#2287 = DIRECTION('',(-0.,-0.,-1.));
#2288 = DIRECTION('',(1.,0.,0.));
#2289 = ADVANCED_FACE('',(#2290),#2308,.T.);
#2290 = FACE_BOUND('',#2291,.T.);
#2291 = EDGE_LOOP('',(#2292,#2293,#2301,#2307));
#2292 = ORIENTED_EDGE('',*,*,#398,.F.);
#2293 = ORIENTED_EDGE('',*,*,#2294,.T.);
#2294 = EDGE_CURVE('',#390,#2295,#2297,.T.);
#2295 = VERTEX_POINT('',#2296);
#2296 = CARTESIAN_POINT('',(88.,-53.,14.));
#2297 = LINE('',#2298,#2299);
#2298 = CARTESIAN_POINT('',(88.,-53.,-1.));
#2299 = VECTOR('',#2300,1.);
#2300 = DIRECTION('',(-0.,-0.,-1.));
#2301 = ORIENTED_EDGE('',*,*,#2302,.T.);
#2302 = EDGE_CURVE('',#2295,#2254,#2303,.T.);
#2303 = LINE('',#2304,#2305);
#2304 = CARTESIAN_POINT('',(88.,-98.,14.));
#2305 = VECTOR('',#2306,1.);
#2306 = DIRECTION('',(0.,1.,0.));
#2307 = ORIENTED_EDGE('',*,*,#2253,.F.);
#2308 = PLANE('',#2309);
#2309 = AXIS2_PLACEMENT_3D('',#2310,#2311,#2312);
#2310 = CARTESIAN_POINT('',(88.,0.,17.));
#2311 = DIRECTION('',(1.,0.,0.));
#2312 = DIRECTION('',(0.,0.,1.));
#2313 = ADVANCED_FACE('',(#2314),#2350,.F.);
#2314 = FACE_BOUND('',#2315,.T.);
#2315 = EDGE_LOOP('',(#2316,#2317,#2325,#2334,#2342,#2349));
#2316 = ORIENTED_EDGE('',*,*,#389,.T.);
#2317 = ORIENTED_EDGE('',*,*,#2318,.T.);
#2318 = EDGE_CURVE('',#382,#2319,#2321,.T.);
#2319 = VERTEX_POINT('',#2320);
#2320 = CARTESIAN_POINT('',(90.5,-55.5,24.));
#2321 = LINE('',#2322,#2323);
#2322 = CARTESIAN_POINT('',(90.5,-55.5,-1.));
#2323 = VECTOR('',#2324,1.);
#2324 = DIRECTION('',(0.,0.,1.));
#2325 = ORIENTED_EDGE('',*,*,#2326,.F.);
#2326 = EDGE_CURVE('',#2327,#2319,#2329,.T.);
#2327 = VERTEX_POINT('',#2328);
#2328 = CARTESIAN_POINT('',(85.5,-55.5,24.));
#2329 = CIRCLE('',#2330,2.5);
#2330 = AXIS2_PLACEMENT_3D('',#2331,#2332,#2333);
#2331 = CARTESIAN_POINT('',(88.,-55.5,24.));
#2332 = DIRECTION('',(0.,0.,-1.));
#2333 = DIRECTION('',(1.,0.,0.));
#2334 = ORIENTED_EDGE('',*,*,#2335,.F.);
#2335 = EDGE_CURVE('',#2336,#2327,#2338,.T.);
#2336 = VERTEX_POINT('',#2337);
#2337 = CARTESIAN_POINT('',(85.5,-55.5,14.));
#2338 = LINE('',#2339,#2340);
#2339 = CARTESIAN_POINT('',(85.5,-55.5,-1.));
#2340 = VECTOR('',#2341,1.);
#2341 = DIRECTION('',(0.,0.,1.));
#2342 = ORIENTED_EDGE('',*,*,#2343,.T.);
#2343 = EDGE_CURVE('',#2336,#2295,#2344,.T.);
#2344 = CIRCLE('',#2345,2.5);
#2345 = AXIS2_PLACEMENT_3D('',#2346,#2347,#2348);
#2346 = CARTESIAN_POINT('',(88.,-55.5,14.));
#2347 = DIRECTION('',(0.,0.,-1.));
#2348 = DIRECTION('',(1.,0.,0.));
#2349 = ORIENTED_EDGE('',*,*,#2294,.F.);
#2350 = CYLINDRICAL_SURFACE('',#2351,2.5);
#2351 = AXIS2_PLACEMENT_3D('',#2352,#2353,#2354);
#2352 = CARTESIAN_POINT('',(88.,-55.5,-1.));
#2353 = DIRECTION('',(-0.,-0.,-1.));
#2354 = DIRECTION('',(1.,0.,0.));
#2355 = ADVANCED_FACE('',(#2356),#2374,.F.);
#2356 = FACE_BOUND('',#2357,.F.);
#2357 = EDGE_LOOP('',(#2358,#2366,#2367,#2368));
#2358 = ORIENTED_EDGE('',*,*,#2359,.F.);
#2359 = EDGE_CURVE('',#373,#2360,#2362,.T.);
#2360 = VERTEX_POINT('',#2361);
#2361 = CARTESIAN_POINT('',(90.5,-74.5,24.));
#2362 = LINE('',#2363,#2364);
#2363 = CARTESIAN_POINT('',(90.5,-74.5,-1.));
#2364 = VECTOR('',#2365,1.);
#2365 = DIRECTION('',(0.,0.,1.));
#2366 = ORIENTED_EDGE('',*,*,#381,.F.);
#2367 = ORIENTED_EDGE('',*,*,#2318,.T.);
#2368 = ORIENTED_EDGE('',*,*,#2369,.F.);
#2369 = EDGE_CURVE('',#2360,#2319,#2370,.T.);
#2370 = LINE('',#2371,#2372);
#2371 = CARTESIAN_POINT('',(90.5,-37.25,24.));
#2372 = VECTOR('',#2373,1.);
#2373 = DIRECTION('',(0.,1.,0.));
#2374 = PLANE('',#2375);
#2375 = AXIS2_PLACEMENT_3D('',#2376,#2377,#2378);
#2376 = CARTESIAN_POINT('',(90.5,-74.5,-1.));
#2377 = DIRECTION('',(1.,0.,0.));
#2378 = DIRECTION('',(0.,0.,1.));
#2379 = ADVANCED_FACE('',(#2380),#2416,.F.);
#2380 = FACE_BOUND('',#2381,.T.);
#2381 = EDGE_LOOP('',(#2382,#2383,#2384,#2392,#2401,#2409));
#2382 = ORIENTED_EDGE('',*,*,#2359,.F.);
#2383 = ORIENTED_EDGE('',*,*,#372,.T.);
#2384 = ORIENTED_EDGE('',*,*,#2385,.T.);
#2385 = EDGE_CURVE('',#365,#2386,#2388,.T.);
#2386 = VERTEX_POINT('',#2387);
#2387 = CARTESIAN_POINT('',(88.,-77.,14.));
#2388 = LINE('',#2389,#2390);
#2389 = CARTESIAN_POINT('',(88.,-77.,-1.));
#2390 = VECTOR('',#2391,1.);
#2391 = DIRECTION('',(-0.,-0.,-1.));
#2392 = ORIENTED_EDGE('',*,*,#2393,.T.);
#2393 = EDGE_CURVE('',#2386,#2394,#2396,.T.);
#2394 = VERTEX_POINT('',#2395);
#2395 = CARTESIAN_POINT('',(85.5,-74.5,14.));
#2396 = CIRCLE('',#2397,2.5);
#2397 = AXIS2_PLACEMENT_3D('',#2398,#2399,#2400);
#2398 = CARTESIAN_POINT('',(88.,-74.5,14.));
#2399 = DIRECTION('',(0.,0.,-1.));
#2400 = DIRECTION('',(1.,0.,0.));
#2401 = ORIENTED_EDGE('',*,*,#2402,.T.);
#2402 = EDGE_CURVE('',#2394,#2403,#2405,.T.);
#2403 = VERTEX_POINT('',#2404);
#2404 = CARTESIAN_POINT('',(85.5,-74.5,24.));
#2405 = LINE('',#2406,#2407);
#2406 = CARTESIAN_POINT('',(85.5,-74.5,-1.));
#2407 = VECTOR('',#2408,1.);
#2408 = DIRECTION('',(0.,0.,1.));
#2409 = ORIENTED_EDGE('',*,*,#2410,.F.);
#2410 = EDGE_CURVE('',#2360,#2403,#2411,.T.);
#2411 = CIRCLE('',#2412,2.5);
#2412 = AXIS2_PLACEMENT_3D('',#2413,#2414,#2415);
#2413 = CARTESIAN_POINT('',(88.,-74.5,24.));
#2414 = DIRECTION('',(0.,0.,-1.));
#2415 = DIRECTION('',(1.,0.,0.));
#2416 = CYLINDRICAL_SURFACE('',#2417,2.5);
#2417 = AXIS2_PLACEMENT_3D('',#2418,#2419,#2420);
#2418 = CARTESIAN_POINT('',(88.,-74.5,-1.));
#2419 = DIRECTION('',(-0.,-0.,-1.));
#2420 = DIRECTION('',(1.,0.,0.));
#2421 = ADVANCED_FACE('',(#2422),#2440,.T.);
#2422 = FACE_BOUND('',#2423,.T.);
#2423 = EDGE_LOOP('',(#2424,#2425,#2433,#2439));
#2424 = ORIENTED_EDGE('',*,*,#364,.F.);
#2425 = ORIENTED_EDGE('',*,*,#2426,.F.);
#2426 = EDGE_CURVE('',#2427,#357,#2429,.T.);
#2427 = VERTEX_POINT('',#2428);
#2428 = CARTESIAN_POINT('',(88.,-98.,14.));
#2429 = LINE('',#2430,#2431);
#2430 = CARTESIAN_POINT('',(88.,-98.,14.));
#2431 = VECTOR('',#2432,1.);
#2432 = DIRECTION('',(0.,0.,1.));
#2433 = ORIENTED_EDGE('',*,*,#2434,.T.);
#2434 = EDGE_CURVE('',#2427,#2386,#2435,.T.);
#2435 = LINE('',#2436,#2437);
#2436 = CARTESIAN_POINT('',(88.,-98.,14.));
#2437 = VECTOR('',#2438,1.);
#2438 = DIRECTION('',(0.,1.,0.));
#2439 = ORIENTED_EDGE('',*,*,#2385,.F.);
#2440 = PLANE('',#2441);
#2441 = AXIS2_PLACEMENT_3D('',#2442,#2443,#2444);
#2442 = CARTESIAN_POINT('',(88.,0.,17.));
#2443 = DIRECTION('',(1.,0.,0.));
#2444 = DIRECTION('',(0.,0.,1.));
#2445 = ADVANCED_FACE('',(#2446),#2464,.F.);
#2446 = FACE_BOUND('',#2447,.F.);
#2447 = EDGE_LOOP('',(#2448,#2456,#2462,#2463));
#2448 = ORIENTED_EDGE('',*,*,#2449,.F.);
#2449 = EDGE_CURVE('',#2450,#2427,#2452,.T.);
#2450 = VERTEX_POINT('',#2451);
#2451 = CARTESIAN_POINT('',(83.,-98.,14.));
#2452 = LINE('',#2453,#2454);
#2453 = CARTESIAN_POINT('',(83.,-98.,14.));
#2454 = VECTOR('',#2455,1.);
#2455 = DIRECTION('',(1.,0.,0.));
#2456 = ORIENTED_EDGE('',*,*,#2457,.T.);
#2457 = EDGE_CURVE('',#2450,#349,#2458,.T.);
#2458 = LINE('',#2459,#2460);
#2459 = CARTESIAN_POINT('',(83.,-98.,14.));
#2460 = VECTOR('',#2461,1.);
#2461 = DIRECTION('',(0.,0.,1.));
#2462 = ORIENTED_EDGE('',*,*,#356,.T.);
#2463 = ORIENTED_EDGE('',*,*,#2426,.F.);
#2464 = PLANE('',#2465);
#2465 = AXIS2_PLACEMENT_3D('',#2466,#2467,#2468);
#2466 = CARTESIAN_POINT('',(83.,-98.,14.));
#2467 = DIRECTION('',(0.,1.,0.));
#2468 = DIRECTION('',(0.,0.,1.));
#2469 = ADVANCED_FACE('',(#2470),#2488,.F.);
#2470 = FACE_BOUND('',#2471,.F.);
#2471 = EDGE_LOOP('',(#2472,#2473,#2481,#2487));
#2472 = ORIENTED_EDGE('',*,*,#2457,.F.);
#2473 = ORIENTED_EDGE('',*,*,#2474,.T.);
#2474 = EDGE_CURVE('',#2450,#2475,#2477,.T.);
#2475 = VERTEX_POINT('',#2476);
#2476 = CARTESIAN_POINT('',(83.,-57.5,14.));
#2477 = LINE('',#2478,#2479);
#2478 = CARTESIAN_POINT('',(83.,-98.,14.));
#2479 = VECTOR('',#2480,1.);
#2480 = DIRECTION('',(0.,1.,0.));
#2481 = ORIENTED_EDGE('',*,*,#2482,.F.);
#2482 = EDGE_CURVE('',#341,#2475,#2483,.T.);
#2483 = LINE('',#2484,#2485);
#2484 = CARTESIAN_POINT('',(83.,-57.5,14.));
#2485 = VECTOR('',#2486,1.);
#2486 = DIRECTION('',(0.,0.,-1.));
#2487 = ORIENTED_EDGE('',*,*,#348,.F.);
#2488 = PLANE('',#2489);
#2489 = AXIS2_PLACEMENT_3D('',#2490,#2491,#2492);
#2490 = CARTESIAN_POINT('',(83.,-98.,14.));
#2491 = DIRECTION('',(1.,0.,0.));
#2492 = DIRECTION('',(0.,0.,1.));
#2493 = ADVANCED_FACE('',(#2494),#2512,.F.);
#2494 = FACE_BOUND('',#2495,.F.);
#2495 = EDGE_LOOP('',(#2496,#2504,#2510,#2511));
#2496 = ORIENTED_EDGE('',*,*,#2497,.F.);
#2497 = EDGE_CURVE('',#2498,#2475,#2500,.T.);
#2498 = VERTEX_POINT('',#2499);
#2499 = CARTESIAN_POINT('',(76.645808232895,-57.5,14.));
#2500 = LINE('',#2501,#2502);
#2501 = CARTESIAN_POINT('',(-88.,-57.5,14.));
#2502 = VECTOR('',#2503,1.);
#2503 = DIRECTION('',(1.,0.,0.));
#2504 = ORIENTED_EDGE('',*,*,#2505,.F.);
#2505 = EDGE_CURVE('',#332,#2498,#2506,.T.);
#2506 = LINE('',#2507,#2508);
#2507 = CARTESIAN_POINT('',(76.645808232895,-57.5,14.));
#2508 = VECTOR('',#2509,1.);
#2509 = DIRECTION('',(-0.,-0.,-1.));
#2510 = ORIENTED_EDGE('',*,*,#340,.T.);
#2511 = ORIENTED_EDGE('',*,*,#2482,.T.);
#2512 = PLANE('',#2513);
#2513 = AXIS2_PLACEMENT_3D('',#2514,#2515,#2516);
#2514 = CARTESIAN_POINT('',(-88.,-57.5,14.));
#2515 = DIRECTION('',(0.,1.,0.));
#2516 = DIRECTION('',(0.,0.,1.));
#2517 = ADVANCED_FACE('',(#2518),#2537,.T.);
#2518 = FACE_BOUND('',#2519,.F.);
#2519 = EDGE_LOOP('',(#2520,#2521,#2530,#2536));
#2520 = ORIENTED_EDGE('',*,*,#2505,.T.);
#2521 = ORIENTED_EDGE('',*,*,#2522,.F.);
#2522 = EDGE_CURVE('',#2523,#2498,#2525,.T.);
#2523 = VERTEX_POINT('',#2524);
#2524 = CARTESIAN_POINT('',(59.354191767105,-57.5,14.));
#2525 = CIRCLE('',#2526,9.);
#2526 = AXIS2_PLACEMENT_3D('',#2527,#2528,#2529);
#2527 = CARTESIAN_POINT('',(68.,-55.,14.));
#2528 = DIRECTION('',(0.,0.,1.));
#2529 = DIRECTION('',(1.,0.,0.));
#2530 = ORIENTED_EDGE('',*,*,#2531,.F.);
#2531 = EDGE_CURVE('',#324,#2523,#2532,.T.);
#2532 = LINE('',#2533,#2534);
#2533 = CARTESIAN_POINT('',(59.354191767105,-57.5,14.));
#2534 = VECTOR('',#2535,1.);
#2535 = DIRECTION('',(-0.,-0.,-1.));
#2536 = ORIENTED_EDGE('',*,*,#331,.T.);
#2537 = CYLINDRICAL_SURFACE('',#2538,9.);
#2538 = AXIS2_PLACEMENT_3D('',#2539,#2540,#2541);
#2539 = CARTESIAN_POINT('',(68.,-55.,14.));
#2540 = DIRECTION('',(-0.,-0.,-1.));
#2541 = DIRECTION('',(1.,0.,0.));
#2542 = ADVANCED_FACE('',(#2543),#2561,.F.);
#2543 = FACE_BOUND('',#2544,.F.);
#2544 = EDGE_LOOP('',(#2545,#2553,#2559,#2560));
#2545 = ORIENTED_EDGE('',*,*,#2546,.F.);
#2546 = EDGE_CURVE('',#2547,#2523,#2549,.T.);
#2547 = VERTEX_POINT('',#2548);
#2548 = CARTESIAN_POINT('',(32.5,-57.5,14.));
#2549 = LINE('',#2550,#2551);
#2550 = CARTESIAN_POINT('',(-88.,-57.5,14.));
#2551 = VECTOR('',#2552,1.);
#2552 = DIRECTION('',(1.,0.,0.));
#2553 = ORIENTED_EDGE('',*,*,#2554,.F.);
#2554 = EDGE_CURVE('',#316,#2547,#2555,.T.);
#2555 = LINE('',#2556,#2557);
#2556 = CARTESIAN_POINT('',(32.5,-57.5,6.5));
#2557 = VECTOR('',#2558,1.);
#2558 = DIRECTION('',(0.,0.,-1.));
#2559 = ORIENTED_EDGE('',*,*,#323,.T.);
#2560 = ORIENTED_EDGE('',*,*,#2531,.T.);
#2561 = PLANE('',#2562);
#2562 = AXIS2_PLACEMENT_3D('',#2563,#2564,#2565);
#2563 = CARTESIAN_POINT('',(-88.,-57.5,14.));
#2564 = DIRECTION('',(0.,1.,0.));
#2565 = DIRECTION('',(0.,0.,1.));
#2566 = ADVANCED_FACE('',(#2567),#2601,.F.);
#2567 = FACE_BOUND('',#2568,.F.);
#2568 = EDGE_LOOP('',(#2569,#2577,#2578,#2579,#2587,#2595));
#2569 = ORIENTED_EDGE('',*,*,#2570,.F.);
#2570 = EDGE_CURVE('',#307,#2571,#2573,.T.);
#2571 = VERTEX_POINT('',#2572);
#2572 = CARTESIAN_POINT('',(32.5,-74.5,24.));
#2573 = LINE('',#2574,#2575);
#2574 = CARTESIAN_POINT('',(32.5,-74.5,-1.));
#2575 = VECTOR('',#2576,1.);
#2576 = DIRECTION('',(0.,0.,1.));
#2577 = ORIENTED_EDGE('',*,*,#315,.F.);
#2578 = ORIENTED_EDGE('',*,*,#2554,.T.);
#2579 = ORIENTED_EDGE('',*,*,#2580,.F.);
#2580 = EDGE_CURVE('',#2581,#2547,#2583,.T.);
#2581 = VERTEX_POINT('',#2582);
#2582 = CARTESIAN_POINT('',(32.5,-55.5,14.));
#2583 = LINE('',#2584,#2585);
#2584 = CARTESIAN_POINT('',(32.5,-37.25,14.));
#2585 = VECTOR('',#2586,1.);
#2586 = DIRECTION('',(0.,-1.,0.));
#2587 = ORIENTED_EDGE('',*,*,#2588,.T.);
#2588 = EDGE_CURVE('',#2581,#2589,#2591,.T.);
#2589 = VERTEX_POINT('',#2590);
#2590 = CARTESIAN_POINT('',(32.5,-55.5,24.));
#2591 = LINE('',#2592,#2593);
#2592 = CARTESIAN_POINT('',(32.5,-55.5,-1.));
#2593 = VECTOR('',#2594,1.);
#2594 = DIRECTION('',(0.,0.,1.));
#2595 = ORIENTED_EDGE('',*,*,#2596,.F.);
#2596 = EDGE_CURVE('',#2571,#2589,#2597,.T.);
#2597 = LINE('',#2598,#2599);
#2598 = CARTESIAN_POINT('',(32.5,-37.25,24.));
#2599 = VECTOR('',#2600,1.);
#2600 = DIRECTION('',(0.,1.,0.));
#2601 = PLANE('',#2602);
#2602 = AXIS2_PLACEMENT_3D('',#2603,#2604,#2605);
#2603 = CARTESIAN_POINT('',(32.5,-74.5,-1.));
#2604 = DIRECTION('',(1.,0.,0.));
#2605 = DIRECTION('',(0.,0.,1.));
#2606 = ADVANCED_FACE('',(#2607),#2626,.F.);
#2607 = FACE_BOUND('',#2608,.T.);
#2608 = EDGE_LOOP('',(#2609,#2610,#2611,#2619));
#2609 = ORIENTED_EDGE('',*,*,#2570,.F.);
#2610 = ORIENTED_EDGE('',*,*,#306,.T.);
#2611 = ORIENTED_EDGE('',*,*,#2612,.T.);
#2612 = EDGE_CURVE('',#299,#2613,#2615,.T.);
#2613 = VERTEX_POINT('',#2614);
#2614 = CARTESIAN_POINT('',(27.5,-74.5,24.));
#2615 = LINE('',#2616,#2617);
#2616 = CARTESIAN_POINT('',(27.5,-74.5,-1.));
#2617 = VECTOR('',#2618,1.);
#2618 = DIRECTION('',(0.,0.,1.));
#2619 = ORIENTED_EDGE('',*,*,#2620,.F.);
#2620 = EDGE_CURVE('',#2571,#2613,#2621,.T.);
#2621 = CIRCLE('',#2622,2.5);
#2622 = AXIS2_PLACEMENT_3D('',#2623,#2624,#2625);
#2623 = CARTESIAN_POINT('',(30.,-74.5,24.));
#2624 = DIRECTION('',(0.,0.,-1.));
#2625 = DIRECTION('',(1.,0.,0.));
#2626 = CYLINDRICAL_SURFACE('',#2627,2.5);
#2627 = AXIS2_PLACEMENT_3D('',#2628,#2629,#2630);
#2628 = CARTESIAN_POINT('',(30.,-74.5,-1.));
#2629 = DIRECTION('',(-0.,-0.,-1.));
#2630 = DIRECTION('',(1.,0.,0.));
#2631 = ADVANCED_FACE('',(#2632),#2666,.T.);
#2632 = FACE_BOUND('',#2633,.T.);
#2633 = EDGE_LOOP('',(#2634,#2635,#2636,#2644,#2652,#2660));
#2634 = ORIENTED_EDGE('',*,*,#2612,.F.);
#2635 = ORIENTED_EDGE('',*,*,#298,.F.);
#2636 = ORIENTED_EDGE('',*,*,#2637,.T.);
#2637 = EDGE_CURVE('',#291,#2638,#2640,.T.);
#2638 = VERTEX_POINT('',#2639);
#2639 = CARTESIAN_POINT('',(27.5,-57.5,14.));
#2640 = LINE('',#2641,#2642);
#2641 = CARTESIAN_POINT('',(27.5,-57.5,6.5));
#2642 = VECTOR('',#2643,1.);
#2643 = DIRECTION('',(0.,0.,-1.));
#2644 = ORIENTED_EDGE('',*,*,#2645,.F.);
#2645 = EDGE_CURVE('',#2646,#2638,#2648,.T.);
#2646 = VERTEX_POINT('',#2647);
#2647 = CARTESIAN_POINT('',(27.5,-55.5,14.));
#2648 = LINE('',#2649,#2650);
#2649 = CARTESIAN_POINT('',(27.5,-37.25,14.));
#2650 = VECTOR('',#2651,1.);
#2651 = DIRECTION('',(0.,-1.,0.));
#2652 = ORIENTED_EDGE('',*,*,#2653,.T.);
#2653 = EDGE_CURVE('',#2646,#2654,#2656,.T.);
#2654 = VERTEX_POINT('',#2655);
#2655 = CARTESIAN_POINT('',(27.5,-55.5,24.));
#2656 = LINE('',#2657,#2658);
#2657 = CARTESIAN_POINT('',(27.5,-55.5,-1.));
#2658 = VECTOR('',#2659,1.);
#2659 = DIRECTION('',(0.,0.,1.));
#2660 = ORIENTED_EDGE('',*,*,#2661,.F.);
#2661 = EDGE_CURVE('',#2613,#2654,#2662,.T.);
#2662 = LINE('',#2663,#2664);
#2663 = CARTESIAN_POINT('',(27.5,-37.25,24.));
#2664 = VECTOR('',#2665,1.);
#2665 = DIRECTION('',(0.,1.,0.));
#2666 = PLANE('',#2667);
#2667 = AXIS2_PLACEMENT_3D('',#2668,#2669,#2670);
#2668 = CARTESIAN_POINT('',(27.5,-74.5,-1.));
#2669 = DIRECTION('',(1.,0.,0.));
#2670 = DIRECTION('',(0.,0.,1.));
#2671 = ADVANCED_FACE('',(#2672),#2690,.F.);
#2672 = FACE_BOUND('',#2673,.F.);
#2673 = EDGE_LOOP('',(#2674,#2682,#2688,#2689));
#2674 = ORIENTED_EDGE('',*,*,#2675,.F.);
#2675 = EDGE_CURVE('',#2676,#2638,#2678,.T.);
#2676 = VERTEX_POINT('',#2677);
#2677 = CARTESIAN_POINT('',(20.5,-57.5,14.));
#2678 = LINE('',#2679,#2680);
#2679 = CARTESIAN_POINT('',(-88.,-57.5,14.));
#2680 = VECTOR('',#2681,1.);
#2681 = DIRECTION('',(1.,0.,0.));
#2682 = ORIENTED_EDGE('',*,*,#2683,.F.);
#2683 = EDGE_CURVE('',#283,#2676,#2684,.T.);
#2684 = LINE('',#2685,#2686);
#2685 = CARTESIAN_POINT('',(20.5,-57.5,6.5));
#2686 = VECTOR('',#2687,1.);
#2687 = DIRECTION('',(0.,0.,-1.));
#2688 = ORIENTED_EDGE('',*,*,#290,.T.);
#2689 = ORIENTED_EDGE('',*,*,#2637,.T.);
#2690 = PLANE('',#2691);
#2691 = AXIS2_PLACEMENT_3D('',#2692,#2693,#2694);
#2692 = CARTESIAN_POINT('',(-88.,-57.5,14.));
#2693 = DIRECTION('',(0.,1.,0.));
#2694 = DIRECTION('',(0.,0.,1.));
#2695 = ADVANCED_FACE('',(#2696),#2730,.F.);
#2696 = FACE_BOUND('',#2697,.F.);
#2697 = EDGE_LOOP('',(#2698,#2706,#2707,#2708,#2716,#2724));
#2698 = ORIENTED_EDGE('',*,*,#2699,.F.);
#2699 = EDGE_CURVE('',#274,#2700,#2702,.T.);
#2700 = VERTEX_POINT('',#2701);
#2701 = CARTESIAN_POINT('',(20.5,-74.5,24.));
#2702 = LINE('',#2703,#2704);
#2703 = CARTESIAN_POINT('',(20.5,-74.5,-1.));
#2704 = VECTOR('',#2705,1.);
#2705 = DIRECTION('',(0.,0.,1.));
#2706 = ORIENTED_EDGE('',*,*,#282,.F.);
#2707 = ORIENTED_EDGE('',*,*,#2683,.T.);
#2708 = ORIENTED_EDGE('',*,*,#2709,.F.);
#2709 = EDGE_CURVE('',#2710,#2676,#2712,.T.);
#2710 = VERTEX_POINT('',#2711);
#2711 = CARTESIAN_POINT('',(20.5,-55.5,14.));
#2712 = LINE('',#2713,#2714);
#2713 = CARTESIAN_POINT('',(20.5,-37.25,14.));
#2714 = VECTOR('',#2715,1.);
#2715 = DIRECTION('',(0.,-1.,0.));
#2716 = ORIENTED_EDGE('',*,*,#2717,.T.);
#2717 = EDGE_CURVE('',#2710,#2718,#2720,.T.);
#2718 = VERTEX_POINT('',#2719);
#2719 = CARTESIAN_POINT('',(20.5,-55.5,24.));
#2720 = LINE('',#2721,#2722);
#2721 = CARTESIAN_POINT('',(20.5,-55.5,-1.));
#2722 = VECTOR('',#2723,1.);
#2723 = DIRECTION('',(0.,0.,1.));
#2724 = ORIENTED_EDGE('',*,*,#2725,.F.);
#2725 = EDGE_CURVE('',#2700,#2718,#2726,.T.);
#2726 = LINE('',#2727,#2728);
#2727 = CARTESIAN_POINT('',(20.5,-37.25,24.));
#2728 = VECTOR('',#2729,1.);
#2729 = DIRECTION('',(0.,1.,0.));
#2730 = PLANE('',#2731);
#2731 = AXIS2_PLACEMENT_3D('',#2732,#2733,#2734);
#2732 = CARTESIAN_POINT('',(20.5,-74.5,-1.));
#2733 = DIRECTION('',(1.,0.,0.));
#2734 = DIRECTION('',(0.,0.,1.));
#2735 = ADVANCED_FACE('',(#2736),#2755,.F.);
#2736 = FACE_BOUND('',#2737,.T.);
#2737 = EDGE_LOOP('',(#2738,#2739,#2740,#2748));
#2738 = ORIENTED_EDGE('',*,*,#2699,.F.);
#2739 = ORIENTED_EDGE('',*,*,#273,.T.);
#2740 = ORIENTED_EDGE('',*,*,#2741,.T.);
#2741 = EDGE_CURVE('',#266,#2742,#2744,.T.);
#2742 = VERTEX_POINT('',#2743);
#2743 = CARTESIAN_POINT('',(15.5,-74.5,24.));
#2744 = LINE('',#2745,#2746);
#2745 = CARTESIAN_POINT('',(15.5,-74.5,-1.));
#2746 = VECTOR('',#2747,1.);
#2747 = DIRECTION('',(0.,0.,1.));
#2748 = ORIENTED_EDGE('',*,*,#2749,.F.);
#2749 = EDGE_CURVE('',#2700,#2742,#2750,.T.);
#2750 = CIRCLE('',#2751,2.5);
#2751 = AXIS2_PLACEMENT_3D('',#2752,#2753,#2754);
#2752 = CARTESIAN_POINT('',(18.,-74.5,24.));
#2753 = DIRECTION('',(0.,0.,-1.));
#2754 = DIRECTION('',(1.,0.,0.));
#2755 = CYLINDRICAL_SURFACE('',#2756,2.5);
#2756 = AXIS2_PLACEMENT_3D('',#2757,#2758,#2759);
#2757 = CARTESIAN_POINT('',(18.,-74.5,-1.));
#2758 = DIRECTION('',(-0.,-0.,-1.));
#2759 = DIRECTION('',(1.,0.,0.));
#2760 = ADVANCED_FACE('',(#2761),#2795,.T.);
#2761 = FACE_BOUND('',#2762,.T.);
#2762 = EDGE_LOOP('',(#2763,#2764,#2765,#2773,#2781,#2789));
#2763 = ORIENTED_EDGE('',*,*,#2741,.F.);
#2764 = ORIENTED_EDGE('',*,*,#265,.F.);
#2765 = ORIENTED_EDGE('',*,*,#2766,.T.);
#2766 = EDGE_CURVE('',#258,#2767,#2769,.T.);
#2767 = VERTEX_POINT('',#2768);
#2768 = CARTESIAN_POINT('',(15.5,-57.5,14.));
#2769 = LINE('',#2770,#2771);
#2770 = CARTESIAN_POINT('',(15.5,-57.5,6.5));
#2771 = VECTOR('',#2772,1.);
#2772 = DIRECTION('',(0.,0.,-1.));
#2773 = ORIENTED_EDGE('',*,*,#2774,.F.);
#2774 = EDGE_CURVE('',#2775,#2767,#2777,.T.);
#2775 = VERTEX_POINT('',#2776);
#2776 = CARTESIAN_POINT('',(15.5,-55.5,14.));
#2777 = LINE('',#2778,#2779);
#2778 = CARTESIAN_POINT('',(15.5,-37.25,14.));
#2779 = VECTOR('',#2780,1.);
#2780 = DIRECTION('',(0.,-1.,0.));
#2781 = ORIENTED_EDGE('',*,*,#2782,.T.);
#2782 = EDGE_CURVE('',#2775,#2783,#2785,.T.);
#2783 = VERTEX_POINT('',#2784);
#2784 = CARTESIAN_POINT('',(15.5,-55.5,24.));
#2785 = LINE('',#2786,#2787);
#2786 = CARTESIAN_POINT('',(15.5,-55.5,-1.));
#2787 = VECTOR('',#2788,1.);
#2788 = DIRECTION('',(0.,0.,1.));
#2789 = ORIENTED_EDGE('',*,*,#2790,.F.);
#2790 = EDGE_CURVE('',#2742,#2783,#2791,.T.);
#2791 = LINE('',#2792,#2793);
#2792 = CARTESIAN_POINT('',(15.5,-37.25,24.));
#2793 = VECTOR('',#2794,1.);
#2794 = DIRECTION('',(0.,1.,0.));
#2795 = PLANE('',#2796);
#2796 = AXIS2_PLACEMENT_3D('',#2797,#2798,#2799);
#2797 = CARTESIAN_POINT('',(15.5,-74.5,-1.));
#2798 = DIRECTION('',(1.,0.,0.));
#2799 = DIRECTION('',(0.,0.,1.));
#2800 = ADVANCED_FACE('',(#2801),#2819,.F.);
#2801 = FACE_BOUND('',#2802,.F.);
#2802 = EDGE_LOOP('',(#2803,#2811,#2817,#2818));
#2803 = ORIENTED_EDGE('',*,*,#2804,.F.);
#2804 = EDGE_CURVE('',#2805,#2767,#2807,.T.);
#2805 = VERTEX_POINT('',#2806);
#2806 = CARTESIAN_POINT('',(2.5,-57.5,14.));
#2807 = LINE('',#2808,#2809);
#2808 = CARTESIAN_POINT('',(-88.,-57.5,14.));
#2809 = VECTOR('',#2810,1.);
#2810 = DIRECTION('',(1.,0.,0.));
#2811 = ORIENTED_EDGE('',*,*,#2812,.F.);
#2812 = EDGE_CURVE('',#250,#2805,#2813,.T.);
#2813 = LINE('',#2814,#2815);
#2814 = CARTESIAN_POINT('',(2.5,-57.5,14.));
#2815 = VECTOR('',#2816,1.);
#2816 = DIRECTION('',(0.,0.,-1.));
#2817 = ORIENTED_EDGE('',*,*,#257,.T.);
#2818 = ORIENTED_EDGE('',*,*,#2766,.T.);
#2819 = PLANE('',#2820);
#2820 = AXIS2_PLACEMENT_3D('',#2821,#2822,#2823);
#2821 = CARTESIAN_POINT('',(-88.,-57.5,14.));
#2822 = DIRECTION('',(0.,1.,0.));
#2823 = DIRECTION('',(0.,0.,1.));
#2824 = ADVANCED_FACE('',(#2825),#2843,.T.);
#2825 = FACE_BOUND('',#2826,.T.);
#2826 = EDGE_LOOP('',(#2827,#2835,#2841,#2842));
#2827 = ORIENTED_EDGE('',*,*,#2828,.F.);
#2828 = EDGE_CURVE('',#2829,#242,#2831,.T.);
#2829 = VERTEX_POINT('',#2830);
#2830 = CARTESIAN_POINT('',(2.5,-98.,14.));
#2831 = LINE('',#2832,#2833);
#2832 = CARTESIAN_POINT('',(2.5,-98.,14.));
#2833 = VECTOR('',#2834,1.);
#2834 = DIRECTION('',(0.,0.,1.));
#2835 = ORIENTED_EDGE('',*,*,#2836,.T.);
#2836 = EDGE_CURVE('',#2829,#2805,#2837,.T.);
#2837 = LINE('',#2838,#2839);
#2838 = CARTESIAN_POINT('',(2.5,-98.,14.));
#2839 = VECTOR('',#2840,1.);
#2840 = DIRECTION('',(0.,1.,0.));
#2841 = ORIENTED_EDGE('',*,*,#2812,.F.);
#2842 = ORIENTED_EDGE('',*,*,#249,.F.);
#2843 = PLANE('',#2844);
#2844 = AXIS2_PLACEMENT_3D('',#2845,#2846,#2847);
#2845 = CARTESIAN_POINT('',(2.5,-98.,14.));
#2846 = DIRECTION('',(1.,0.,0.));
#2847 = DIRECTION('',(0.,0.,1.));
#2848 = ADVANCED_FACE('',(#2849),#2867,.F.);
#2849 = FACE_BOUND('',#2850,.F.);
#2850 = EDGE_LOOP('',(#2851,#2859,#2865,#2866));
#2851 = ORIENTED_EDGE('',*,*,#2852,.F.);
#2852 = EDGE_CURVE('',#2853,#2829,#2855,.T.);
#2853 = VERTEX_POINT('',#2854);
#2854 = CARTESIAN_POINT('',(-2.5,-98.,14.));
#2855 = LINE('',#2856,#2857);
#2856 = CARTESIAN_POINT('',(-2.5,-98.,14.));
#2857 = VECTOR('',#2858,1.);
#2858 = DIRECTION('',(1.,0.,0.));
#2859 = ORIENTED_EDGE('',*,*,#2860,.T.);
#2860 = EDGE_CURVE('',#2853,#234,#2861,.T.);
#2861 = LINE('',#2862,#2863);
#2862 = CARTESIAN_POINT('',(-2.5,-98.,14.));
#2863 = VECTOR('',#2864,1.);
#2864 = DIRECTION('',(0.,0.,1.));
#2865 = ORIENTED_EDGE('',*,*,#241,.T.);
#2866 = ORIENTED_EDGE('',*,*,#2828,.F.);
#2867 = PLANE('',#2868);
#2868 = AXIS2_PLACEMENT_3D('',#2869,#2870,#2871);
#2869 = CARTESIAN_POINT('',(-2.5,-98.,14.));
#2870 = DIRECTION('',(0.,1.,0.));
#2871 = DIRECTION('',(0.,0.,1.));
#2872 = ADVANCED_FACE('',(#2873),#2891,.F.);
#2873 = FACE_BOUND('',#2874,.F.);
#2874 = EDGE_LOOP('',(#2875,#2876,#2884,#2890));
#2875 = ORIENTED_EDGE('',*,*,#2860,.F.);
#2876 = ORIENTED_EDGE('',*,*,#2877,.T.);
#2877 = EDGE_CURVE('',#2853,#2878,#2880,.T.);
#2878 = VERTEX_POINT('',#2879);
#2879 = CARTESIAN_POINT('',(-2.5,-57.5,14.));
#2880 = LINE('',#2881,#2882);
#2881 = CARTESIAN_POINT('',(-2.5,-98.,14.));
#2882 = VECTOR('',#2883,1.);
#2883 = DIRECTION('',(0.,1.,0.));
#2884 = ORIENTED_EDGE('',*,*,#2885,.F.);
#2885 = EDGE_CURVE('',#226,#2878,#2886,.T.);
#2886 = LINE('',#2887,#2888);
#2887 = CARTESIAN_POINT('',(-2.5,-57.5,14.));
#2888 = VECTOR('',#2889,1.);
#2889 = DIRECTION('',(0.,0.,-1.));
#2890 = ORIENTED_EDGE('',*,*,#233,.F.);
#2891 = PLANE('',#2892);
#2892 = AXIS2_PLACEMENT_3D('',#2893,#2894,#2895);
#2893 = CARTESIAN_POINT('',(-2.5,-98.,14.));
#2894 = DIRECTION('',(1.,0.,0.));
#2895 = DIRECTION('',(0.,0.,1.));
#2896 = ADVANCED_FACE('',(#2897),#2915,.F.);
#2897 = FACE_BOUND('',#2898,.F.);
#2898 = EDGE_LOOP('',(#2899,#2907,#2913,#2914));
#2899 = ORIENTED_EDGE('',*,*,#2900,.F.);
#2900 = EDGE_CURVE('',#2901,#2878,#2903,.T.);
#2901 = VERTEX_POINT('',#2902);
#2902 = CARTESIAN_POINT('',(-19.,-57.5,14.));
#2903 = LINE('',#2904,#2905);
#2904 = CARTESIAN_POINT('',(-88.,-57.5,14.));
#2905 = VECTOR('',#2906,1.);
#2906 = DIRECTION('',(1.,0.,0.));
#2907 = ORIENTED_EDGE('',*,*,#2908,.F.);
#2908 = EDGE_CURVE('',#218,#2901,#2909,.T.);
#2909 = LINE('',#2910,#2911);
#2910 = CARTESIAN_POINT('',(-19.,-57.5,6.5));
#2911 = VECTOR('',#2912,1.);
#2912 = DIRECTION('',(0.,0.,-1.));
#2913 = ORIENTED_EDGE('',*,*,#225,.T.);
#2914 = ORIENTED_EDGE('',*,*,#2885,.T.);
#2915 = PLANE('',#2916);
#2916 = AXIS2_PLACEMENT_3D('',#2917,#2918,#2919);
#2917 = CARTESIAN_POINT('',(-88.,-57.5,14.));
#2918 = DIRECTION('',(0.,1.,0.));
#2919 = DIRECTION('',(0.,0.,1.));
#2920 = ADVANCED_FACE('',(#2921),#2955,.F.);
#2921 = FACE_BOUND('',#2922,.F.);
#2922 = EDGE_LOOP('',(#2923,#2931,#2932,#2933,#2941,#2949));
#2923 = ORIENTED_EDGE('',*,*,#2924,.F.);
#2924 = EDGE_CURVE('',#209,#2925,#2927,.T.);
#2925 = VERTEX_POINT('',#2926);
#2926 = CARTESIAN_POINT('',(-19.,-76.,24.));
#2927 = LINE('',#2928,#2929);
#2928 = CARTESIAN_POINT('',(-19.,-76.,-1.));
#2929 = VECTOR('',#2930,1.);
#2930 = DIRECTION('',(0.,0.,1.));
#2931 = ORIENTED_EDGE('',*,*,#217,.F.);
#2932 = ORIENTED_EDGE('',*,*,#2908,.T.);
#2933 = ORIENTED_EDGE('',*,*,#2934,.F.);
#2934 = EDGE_CURVE('',#2935,#2901,#2937,.T.);
#2935 = VERTEX_POINT('',#2936);
#2936 = CARTESIAN_POINT('',(-19.,-54.,14.));
#2937 = LINE('',#2938,#2939);
#2938 = CARTESIAN_POINT('',(-19.,-38.,14.));
#2939 = VECTOR('',#2940,1.);
#2940 = DIRECTION('',(0.,-1.,0.));
#2941 = ORIENTED_EDGE('',*,*,#2942,.T.);
#2942 = EDGE_CURVE('',#2935,#2943,#2945,.T.);
#2943 = VERTEX_POINT('',#2944);
#2944 = CARTESIAN_POINT('',(-19.,-54.,24.));
#2945 = LINE('',#2946,#2947);
#2946 = CARTESIAN_POINT('',(-19.,-54.,-1.));
#2947 = VECTOR('',#2948,1.);
#2948 = DIRECTION('',(0.,0.,1.));
#2949 = ORIENTED_EDGE('',*,*,#2950,.F.);
#2950 = EDGE_CURVE('',#2925,#2943,#2951,.T.);
#2951 = LINE('',#2952,#2953);
#2952 = CARTESIAN_POINT('',(-19.,-38.,24.));
#2953 = VECTOR('',#2954,1.);
#2954 = DIRECTION('',(0.,1.,0.));
#2955 = PLANE('',#2956);
#2956 = AXIS2_PLACEMENT_3D('',#2957,#2958,#2959);
#2957 = CARTESIAN_POINT('',(-19.,-76.,-1.));
#2958 = DIRECTION('',(1.,0.,0.));
#2959 = DIRECTION('',(0.,0.,1.));
#2960 = ADVANCED_FACE('',(#2961),#2980,.F.);
#2961 = FACE_BOUND('',#2962,.T.);
#2962 = EDGE_LOOP('',(#2963,#2964,#2965,#2973));
#2963 = ORIENTED_EDGE('',*,*,#2924,.F.);
#2964 = ORIENTED_EDGE('',*,*,#208,.T.);
#2965 = ORIENTED_EDGE('',*,*,#2966,.T.);
#2966 = EDGE_CURVE('',#201,#2967,#2969,.T.);
#2967 = VERTEX_POINT('',#2968);
#2968 = CARTESIAN_POINT('',(-25.,-76.,24.));
#2969 = LINE('',#2970,#2971);
#2970 = CARTESIAN_POINT('',(-25.,-76.,-1.));
#2971 = VECTOR('',#2972,1.);
#2972 = DIRECTION('',(0.,0.,1.));
#2973 = ORIENTED_EDGE('',*,*,#2974,.F.);
#2974 = EDGE_CURVE('',#2925,#2967,#2975,.T.);
#2975 = CIRCLE('',#2976,3.);
#2976 = AXIS2_PLACEMENT_3D('',#2977,#2978,#2979);
#2977 = CARTESIAN_POINT('',(-22.,-76.,24.));
#2978 = DIRECTION('',(0.,0.,-1.));
#2979 = DIRECTION('',(1.,0.,0.));
#2980 = CYLINDRICAL_SURFACE('',#2981,3.);
#2981 = AXIS2_PLACEMENT_3D('',#2982,#2983,#2984);
#2982 = CARTESIAN_POINT('',(-22.,-76.,-1.));
#2983 = DIRECTION('',(-0.,-0.,-1.));
#2984 = DIRECTION('',(1.,0.,0.));
#2985 = ADVANCED_FACE('',(#2986),#3020,.T.);
#2986 = FACE_BOUND('',#2987,.T.);
#2987 = EDGE_LOOP('',(#2988,#2989,#2990,#2998,#3006,#3014));
#2988 = ORIENTED_EDGE('',*,*,#2966,.F.);
#2989 = ORIENTED_EDGE('',*,*,#200,.F.);
#2990 = ORIENTED_EDGE('',*,*,#2991,.T.);
#2991 = EDGE_CURVE('',#193,#2992,#2994,.T.);
#2992 = VERTEX_POINT('',#2993);
#2993 = CARTESIAN_POINT('',(-25.,-57.5,14.));
#2994 = LINE('',#2995,#2996);
#2995 = CARTESIAN_POINT('',(-25.,-57.5,6.5));
#2996 = VECTOR('',#2997,1.);
#2997 = DIRECTION('',(0.,0.,-1.));
#2998 = ORIENTED_EDGE('',*,*,#2999,.F.);
#2999 = EDGE_CURVE('',#3000,#2992,#3002,.T.);
#3000 = VERTEX_POINT('',#3001);
#3001 = CARTESIAN_POINT('',(-25.,-54.,14.));
#3002 = LINE('',#3003,#3004);
#3003 = CARTESIAN_POINT('',(-25.,-38.,14.));
#3004 = VECTOR('',#3005,1.);
#3005 = DIRECTION('',(0.,-1.,0.));
#3006 = ORIENTED_EDGE('',*,*,#3007,.T.);
#3007 = EDGE_CURVE('',#3000,#3008,#3010,.T.);
#3008 = VERTEX_POINT('',#3009);
#3009 = CARTESIAN_POINT('',(-25.,-54.,24.));
#3010 = LINE('',#3011,#3012);
#3011 = CARTESIAN_POINT('',(-25.,-54.,-1.));
#3012 = VECTOR('',#3013,1.);
#3013 = DIRECTION('',(0.,0.,1.));
#3014 = ORIENTED_EDGE('',*,*,#3015,.F.);
#3015 = EDGE_CURVE('',#2967,#3008,#3016,.T.);
#3016 = LINE('',#3017,#3018);
#3017 = CARTESIAN_POINT('',(-25.,-38.,24.));
#3018 = VECTOR('',#3019,1.);
#3019 = DIRECTION('',(0.,1.,0.));
#3020 = PLANE('',#3021);
#3021 = AXIS2_PLACEMENT_3D('',#3022,#3023,#3024);
#3022 = CARTESIAN_POINT('',(-25.,-76.,-1.));
#3023 = DIRECTION('',(1.,0.,0.));
#3024 = DIRECTION('',(0.,0.,1.));
#3025 = ADVANCED_FACE('',(#3026),#3044,.F.);
#3026 = FACE_BOUND('',#3027,.F.);
#3027 = EDGE_LOOP('',(#3028,#3036,#3042,#3043));
#3028 = ORIENTED_EDGE('',*,*,#3029,.F.);
#3029 = EDGE_CURVE('',#3030,#2992,#3032,.T.);
#3030 = VERTEX_POINT('',#3031);
#3031 = CARTESIAN_POINT('',(-37.,-57.5,14.));
#3032 = LINE('',#3033,#3034);
#3033 = CARTESIAN_POINT('',(-88.,-57.5,14.));
#3034 = VECTOR('',#3035,1.);
#3035 = DIRECTION('',(1.,0.,0.));
#3036 = ORIENTED_EDGE('',*,*,#3037,.F.);
#3037 = EDGE_CURVE('',#185,#3030,#3038,.T.);
#3038 = LINE('',#3039,#3040);
#3039 = CARTESIAN_POINT('',(-37.,-57.5,6.5));
#3040 = VECTOR('',#3041,1.);
#3041 = DIRECTION('',(0.,0.,-1.));
#3042 = ORIENTED_EDGE('',*,*,#192,.T.);
#3043 = ORIENTED_EDGE('',*,*,#2991,.T.);
#3044 = PLANE('',#3045);
#3045 = AXIS2_PLACEMENT_3D('',#3046,#3047,#3048);
#3046 = CARTESIAN_POINT('',(-88.,-57.5,14.));
#3047 = DIRECTION('',(0.,1.,0.));
#3048 = DIRECTION('',(0.,0.,1.));
#3049 = ADVANCED_FACE('',(#3050),#3084,.F.);
#3050 = FACE_BOUND('',#3051,.F.);
#3051 = EDGE_LOOP('',(#3052,#3060,#3061,#3062,#3070,#3078));
#3052 = ORIENTED_EDGE('',*,*,#3053,.F.);
#3053 = EDGE_CURVE('',#176,#3054,#3056,.T.);
#3054 = VERTEX_POINT('',#3055);
#3055 = CARTESIAN_POINT('',(-37.,-76.,24.));
#3056 = LINE('',#3057,#3058);
#3057 = CARTESIAN_POINT('',(-37.,-76.,-1.));
#3058 = VECTOR('',#3059,1.);
#3059 = DIRECTION('',(0.,0.,1.));
#3060 = ORIENTED_EDGE('',*,*,#184,.F.);
#3061 = ORIENTED_EDGE('',*,*,#3037,.T.);
#3062 = ORIENTED_EDGE('',*,*,#3063,.F.);
#3063 = EDGE_CURVE('',#3064,#3030,#3066,.T.);
#3064 = VERTEX_POINT('',#3065);
#3065 = CARTESIAN_POINT('',(-37.,-54.,14.));
#3066 = LINE('',#3067,#3068);
#3067 = CARTESIAN_POINT('',(-37.,-38.,14.));
#3068 = VECTOR('',#3069,1.);
#3069 = DIRECTION('',(0.,-1.,0.));
#3070 = ORIENTED_EDGE('',*,*,#3071,.T.);
#3071 = EDGE_CURVE('',#3064,#3072,#3074,.T.);
#3072 = VERTEX_POINT('',#3073);
#3073 = CARTESIAN_POINT('',(-37.,-54.,24.));
#3074 = LINE('',#3075,#3076);
#3075 = CARTESIAN_POINT('',(-37.,-54.,-1.));
#3076 = VECTOR('',#3077,1.);
#3077 = DIRECTION('',(0.,0.,1.));
#3078 = ORIENTED_EDGE('',*,*,#3079,.F.);
#3079 = EDGE_CURVE('',#3054,#3072,#3080,.T.);
#3080 = LINE('',#3081,#3082);
#3081 = CARTESIAN_POINT('',(-37.,-38.,24.));
#3082 = VECTOR('',#3083,1.);
#3083 = DIRECTION('',(0.,1.,0.));
#3084 = PLANE('',#3085);
#3085 = AXIS2_PLACEMENT_3D('',#3086,#3087,#3088);
#3086 = CARTESIAN_POINT('',(-37.,-76.,-1.));
#3087 = DIRECTION('',(1.,0.,0.));
#3088 = DIRECTION('',(0.,0.,1.));
#3089 = ADVANCED_FACE('',(#3090),#3109,.F.);
#3090 = FACE_BOUND('',#3091,.T.);
#3091 = EDGE_LOOP('',(#3092,#3093,#3094,#3102));
#3092 = ORIENTED_EDGE('',*,*,#3053,.F.);
#3093 = ORIENTED_EDGE('',*,*,#175,.T.);
#3094 = ORIENTED_EDGE('',*,*,#3095,.T.);
#3095 = EDGE_CURVE('',#168,#3096,#3098,.T.);
#3096 = VERTEX_POINT('',#3097);
#3097 = CARTESIAN_POINT('',(-43.,-76.,24.));
#3098 = LINE('',#3099,#3100);
#3099 = CARTESIAN_POINT('',(-43.,-76.,-1.));
#3100 = VECTOR('',#3101,1.);
#3101 = DIRECTION('',(0.,0.,1.));
#3102 = ORIENTED_EDGE('',*,*,#3103,.F.);
#3103 = EDGE_CURVE('',#3054,#3096,#3104,.T.);
#3104 = CIRCLE('',#3105,3.);
#3105 = AXIS2_PLACEMENT_3D('',#3106,#3107,#3108);
#3106 = CARTESIAN_POINT('',(-40.,-76.,24.));
#3107 = DIRECTION('',(0.,0.,-1.));
#3108 = DIRECTION('',(1.,0.,0.));
#3109 = CYLINDRICAL_SURFACE('',#3110,3.);
#3110 = AXIS2_PLACEMENT_3D('',#3111,#3112,#3113);
#3111 = CARTESIAN_POINT('',(-40.,-76.,-1.));
#3112 = DIRECTION('',(-0.,-0.,-1.));
#3113 = DIRECTION('',(1.,0.,0.));
#3114 = ADVANCED_FACE('',(#3115),#3149,.T.);
#3115 = FACE_BOUND('',#3116,.T.);
#3116 = EDGE_LOOP('',(#3117,#3118,#3119,#3127,#3135,#3143));
#3117 = ORIENTED_EDGE('',*,*,#3095,.F.);
#3118 = ORIENTED_EDGE('',*,*,#167,.F.);
#3119 = ORIENTED_EDGE('',*,*,#3120,.T.);
#3120 = EDGE_CURVE('',#160,#3121,#3123,.T.);
#3121 = VERTEX_POINT('',#3122);
#3122 = CARTESIAN_POINT('',(-43.,-57.5,14.));
#3123 = LINE('',#3124,#3125);
#3124 = CARTESIAN_POINT('',(-43.,-57.5,6.5));
#3125 = VECTOR('',#3126,1.);
#3126 = DIRECTION('',(0.,0.,-1.));
#3127 = ORIENTED_EDGE('',*,*,#3128,.F.);
#3128 = EDGE_CURVE('',#3129,#3121,#3131,.T.);
#3129 = VERTEX_POINT('',#3130);
#3130 = CARTESIAN_POINT('',(-43.,-54.,14.));
#3131 = LINE('',#3132,#3133);
#3132 = CARTESIAN_POINT('',(-43.,-38.,14.));
#3133 = VECTOR('',#3134,1.);
#3134 = DIRECTION('',(0.,-1.,0.));
#3135 = ORIENTED_EDGE('',*,*,#3136,.T.);
#3136 = EDGE_CURVE('',#3129,#3137,#3139,.T.);
#3137 = VERTEX_POINT('',#3138);
#3138 = CARTESIAN_POINT('',(-43.,-54.,24.));
#3139 = LINE('',#3140,#3141);
#3140 = CARTESIAN_POINT('',(-43.,-54.,-1.));
#3141 = VECTOR('',#3142,1.);
#3142 = DIRECTION('',(0.,0.,1.));
#3143 = ORIENTED_EDGE('',*,*,#3144,.F.);
#3144 = EDGE_CURVE('',#3096,#3137,#3145,.T.);
#3145 = LINE('',#3146,#3147);
#3146 = CARTESIAN_POINT('',(-43.,-38.,24.));
#3147 = VECTOR('',#3148,1.);
#3148 = DIRECTION('',(0.,1.,0.));
#3149 = PLANE('',#3150);
#3150 = AXIS2_PLACEMENT_3D('',#3151,#3152,#3153);
#3151 = CARTESIAN_POINT('',(-43.,-76.,-1.));
#3152 = DIRECTION('',(1.,0.,0.));
#3153 = DIRECTION('',(0.,0.,1.));
#3154 = ADVANCED_FACE('',(#3155),#3173,.F.);
#3155 = FACE_BOUND('',#3156,.F.);
#3156 = EDGE_LOOP('',(#3157,#3165,#3171,#3172));
#3157 = ORIENTED_EDGE('',*,*,#3158,.F.);
#3158 = EDGE_CURVE('',#3159,#3121,#3161,.T.);
#3159 = VERTEX_POINT('',#3160);
#3160 = CARTESIAN_POINT('',(-55.,-57.5,14.));
#3161 = LINE('',#3162,#3163);
#3162 = CARTESIAN_POINT('',(-88.,-57.5,14.));
#3163 = VECTOR('',#3164,1.);
#3164 = DIRECTION('',(1.,0.,0.));
#3165 = ORIENTED_EDGE('',*,*,#3166,.F.);
#3166 = EDGE_CURVE('',#152,#3159,#3167,.T.);
#3167 = LINE('',#3168,#3169);
#3168 = CARTESIAN_POINT('',(-55.,-57.5,6.5));
#3169 = VECTOR('',#3170,1.);
#3170 = DIRECTION('',(0.,0.,-1.));
#3171 = ORIENTED_EDGE('',*,*,#159,.T.);
#3172 = ORIENTED_EDGE('',*,*,#3120,.T.);
#3173 = PLANE('',#3174);
#3174 = AXIS2_PLACEMENT_3D('',#3175,#3176,#3177);
#3175 = CARTESIAN_POINT('',(-88.,-57.5,14.));
#3176 = DIRECTION('',(0.,1.,0.));
#3177 = DIRECTION('',(0.,0.,1.));
#3178 = ADVANCED_FACE('',(#3179),#3213,.F.);
#3179 = FACE_BOUND('',#3180,.F.);
#3180 = EDGE_LOOP('',(#3181,#3189,#3190,#3191,#3199,#3207));
#3181 = ORIENTED_EDGE('',*,*,#3182,.F.);
#3182 = EDGE_CURVE('',#143,#3183,#3185,.T.);
#3183 = VERTEX_POINT('',#3184);
#3184 = CARTESIAN_POINT('',(-55.,-76.,24.));
#3185 = LINE('',#3186,#3187);
#3186 = CARTESIAN_POINT('',(-55.,-76.,-1.));
#3187 = VECTOR('',#3188,1.);
#3188 = DIRECTION('',(0.,0.,1.));
#3189 = ORIENTED_EDGE('',*,*,#151,.F.);
#3190 = ORIENTED_EDGE('',*,*,#3166,.T.);
#3191 = ORIENTED_EDGE('',*,*,#3192,.F.);
#3192 = EDGE_CURVE('',#3193,#3159,#3195,.T.);
#3193 = VERTEX_POINT('',#3194);
#3194 = CARTESIAN_POINT('',(-55.,-54.,14.));
#3195 = LINE('',#3196,#3197);
#3196 = CARTESIAN_POINT('',(-55.,-38.,14.));
#3197 = VECTOR('',#3198,1.);
#3198 = DIRECTION('',(0.,-1.,0.));
#3199 = ORIENTED_EDGE('',*,*,#3200,.T.);
#3200 = EDGE_CURVE('',#3193,#3201,#3203,.T.);
#3201 = VERTEX_POINT('',#3202);
#3202 = CARTESIAN_POINT('',(-55.,-54.,24.));
#3203 = LINE('',#3204,#3205);
#3204 = CARTESIAN_POINT('',(-55.,-54.,-1.));
#3205 = VECTOR('',#3206,1.);
#3206 = DIRECTION('',(0.,0.,1.));
#3207 = ORIENTED_EDGE('',*,*,#3208,.F.);
#3208 = EDGE_CURVE('',#3183,#3201,#3209,.T.);
#3209 = LINE('',#3210,#3211);
#3210 = CARTESIAN_POINT('',(-55.,-38.,24.));
#3211 = VECTOR('',#3212,1.);
#3212 = DIRECTION('',(0.,1.,0.));
#3213 = PLANE('',#3214);
#3214 = AXIS2_PLACEMENT_3D('',#3215,#3216,#3217);
#3215 = CARTESIAN_POINT('',(-55.,-76.,-1.));
#3216 = DIRECTION('',(1.,0.,0.));
#3217 = DIRECTION('',(0.,0.,1.));
#3218 = ADVANCED_FACE('',(#3219),#3238,.F.);
#3219 = FACE_BOUND('',#3220,.T.);
#3220 = EDGE_LOOP('',(#3221,#3222,#3223,#3231));
#3221 = ORIENTED_EDGE('',*,*,#3182,.F.);
#3222 = ORIENTED_EDGE('',*,*,#142,.T.);
#3223 = ORIENTED_EDGE('',*,*,#3224,.T.);
#3224 = EDGE_CURVE('',#135,#3225,#3227,.T.);
#3225 = VERTEX_POINT('',#3226);
#3226 = CARTESIAN_POINT('',(-61.,-76.,24.));
#3227 = LINE('',#3228,#3229);
#3228 = CARTESIAN_POINT('',(-61.,-76.,-1.));
#3229 = VECTOR('',#3230,1.);
#3230 = DIRECTION('',(0.,0.,1.));
#3231 = ORIENTED_EDGE('',*,*,#3232,.F.);
#3232 = EDGE_CURVE('',#3183,#3225,#3233,.T.);
#3233 = CIRCLE('',#3234,3.);
#3234 = AXIS2_PLACEMENT_3D('',#3235,#3236,#3237);
#3235 = CARTESIAN_POINT('',(-58.,-76.,24.));
#3236 = DIRECTION('',(0.,0.,-1.));
#3237 = DIRECTION('',(1.,0.,0.));
#3238 = CYLINDRICAL_SURFACE('',#3239,3.);
#3239 = AXIS2_PLACEMENT_3D('',#3240,#3241,#3242);
#3240 = CARTESIAN_POINT('',(-58.,-76.,-1.));
#3241 = DIRECTION('',(-0.,-0.,-1.));
#3242 = DIRECTION('',(1.,0.,0.));
#3243 = ADVANCED_FACE('',(#3244),#3278,.T.);
#3244 = FACE_BOUND('',#3245,.T.);
#3245 = EDGE_LOOP('',(#3246,#3247,#3248,#3256,#3264,#3272));
#3246 = ORIENTED_EDGE('',*,*,#3224,.F.);
#3247 = ORIENTED_EDGE('',*,*,#134,.F.);
#3248 = ORIENTED_EDGE('',*,*,#3249,.T.);
#3249 = EDGE_CURVE('',#126,#3250,#3252,.T.);
#3250 = VERTEX_POINT('',#3251);
#3251 = CARTESIAN_POINT('',(-61.,-60.65685424949,14.));
#3252 = LINE('',#3253,#3254);
#3253 = CARTESIAN_POINT('',(-61.,-60.65685424949,14.));
#3254 = VECTOR('',#3255,1.);
#3255 = DIRECTION('',(-0.,-0.,-1.));
#3256 = ORIENTED_EDGE('',*,*,#3257,.F.);
#3257 = EDGE_CURVE('',#3258,#3250,#3260,.T.);
#3258 = VERTEX_POINT('',#3259);
#3259 = CARTESIAN_POINT('',(-61.,-54.,14.));
#3260 = LINE('',#3261,#3262);
#3261 = CARTESIAN_POINT('',(-61.,-38.,14.));
#3262 = VECTOR('',#3263,1.);
#3263 = DIRECTION('',(0.,-1.,0.));
#3264 = ORIENTED_EDGE('',*,*,#3265,.T.);
#3265 = EDGE_CURVE('',#3258,#3266,#3268,.T.);
#3266 = VERTEX_POINT('',#3267);
#3267 = CARTESIAN_POINT('',(-61.,-54.,24.));
#3268 = LINE('',#3269,#3270);
#3269 = CARTESIAN_POINT('',(-61.,-54.,-1.));
#3270 = VECTOR('',#3271,1.);
#3271 = DIRECTION('',(0.,0.,1.));
#3272 = ORIENTED_EDGE('',*,*,#3273,.F.);
#3273 = EDGE_CURVE('',#3225,#3266,#3274,.T.);
#3274 = LINE('',#3275,#3276);
#3275 = CARTESIAN_POINT('',(-61.,-38.,24.));
#3276 = VECTOR('',#3277,1.);
#3277 = DIRECTION('',(0.,1.,0.));
#3278 = PLANE('',#3279);
#3279 = AXIS2_PLACEMENT_3D('',#3280,#3281,#3282);
#3280 = CARTESIAN_POINT('',(-61.,-76.,-1.));
#3281 = DIRECTION('',(1.,0.,0.));
#3282 = DIRECTION('',(0.,0.,1.));
#3283 = ADVANCED_FACE('',(#3284),#3303,.T.);
#3284 = FACE_BOUND('',#3285,.F.);
#3285 = EDGE_LOOP('',(#3286,#3287,#3288,#3297));
#3286 = ORIENTED_EDGE('',*,*,#125,.T.);
#3287 = ORIENTED_EDGE('',*,*,#3249,.T.);
#3288 = ORIENTED_EDGE('',*,*,#3289,.F.);
#3289 = EDGE_CURVE('',#3290,#3250,#3292,.T.);
#3290 = VERTEX_POINT('',#3291);
#3291 = CARTESIAN_POINT('',(-76.64580823289,-57.5,14.));
#3292 = CIRCLE('',#3293,9.);
#3293 = AXIS2_PLACEMENT_3D('',#3294,#3295,#3296);
#3294 = CARTESIAN_POINT('',(-68.,-55.,14.));
#3295 = DIRECTION('',(0.,0.,1.));
#3296 = DIRECTION('',(1.,0.,0.));
#3297 = ORIENTED_EDGE('',*,*,#3298,.F.);
#3298 = EDGE_CURVE('',#118,#3290,#3299,.T.);
#3299 = LINE('',#3300,#3301);
#3300 = CARTESIAN_POINT('',(-76.64580823289,-57.5,14.));
#3301 = VECTOR('',#3302,1.);
#3302 = DIRECTION('',(-0.,-0.,-1.));
#3303 = CYLINDRICAL_SURFACE('',#3304,9.);
#3304 = AXIS2_PLACEMENT_3D('',#3305,#3306,#3307);
#3305 = CARTESIAN_POINT('',(-68.,-55.,14.));
#3306 = DIRECTION('',(-0.,-0.,-1.));
#3307 = DIRECTION('',(1.,0.,0.));
#3308 = ADVANCED_FACE('',(#3309),#3327,.F.);
#3309 = FACE_BOUND('',#3310,.F.);
#3310 = EDGE_LOOP('',(#3311,#3319,#3325,#3326));
#3311 = ORIENTED_EDGE('',*,*,#3312,.F.);
#3312 = EDGE_CURVE('',#3313,#3290,#3315,.T.);
#3313 = VERTEX_POINT('',#3314);
#3314 = CARTESIAN_POINT('',(-83.,-57.5,14.));
#3315 = LINE('',#3316,#3317);
#3316 = CARTESIAN_POINT('',(-88.,-57.5,14.));
#3317 = VECTOR('',#3318,1.);
#3318 = DIRECTION('',(1.,0.,0.));
#3319 = ORIENTED_EDGE('',*,*,#3320,.F.);
#3320 = EDGE_CURVE('',#110,#3313,#3321,.T.);
#3321 = LINE('',#3322,#3323);
#3322 = CARTESIAN_POINT('',(-83.,-57.5,14.));
#3323 = VECTOR('',#3324,1.);
#3324 = DIRECTION('',(0.,0.,-1.));
#3325 = ORIENTED_EDGE('',*,*,#117,.T.);
#3326 = ORIENTED_EDGE('',*,*,#3298,.T.);
#3327 = PLANE('',#3328);
#3328 = AXIS2_PLACEMENT_3D('',#3329,#3330,#3331);
#3329 = CARTESIAN_POINT('',(-88.,-57.5,14.));
#3330 = DIRECTION('',(0.,1.,0.));
#3331 = DIRECTION('',(0.,0.,1.));
#3332 = ADVANCED_FACE('',(#3333),#3351,.T.);
#3333 = FACE_BOUND('',#3334,.T.);
#3334 = EDGE_LOOP('',(#3335,#3343,#3349,#3350));
#3335 = ORIENTED_EDGE('',*,*,#3336,.F.);
#3336 = EDGE_CURVE('',#3337,#102,#3339,.T.);
#3337 = VERTEX_POINT('',#3338);
#3338 = CARTESIAN_POINT('',(-83.,-98.,14.));
#3339 = LINE('',#3340,#3341);
#3340 = CARTESIAN_POINT('',(-83.,-98.,14.));
#3341 = VECTOR('',#3342,1.);
#3342 = DIRECTION('',(0.,0.,1.));
#3343 = ORIENTED_EDGE('',*,*,#3344,.T.);
#3344 = EDGE_CURVE('',#3337,#3313,#3345,.T.);
#3345 = LINE('',#3346,#3347);
#3346 = CARTESIAN_POINT('',(-83.,-98.,14.));
#3347 = VECTOR('',#3348,1.);
#3348 = DIRECTION('',(0.,1.,0.));
#3349 = ORIENTED_EDGE('',*,*,#3320,.F.);
#3350 = ORIENTED_EDGE('',*,*,#109,.F.);
#3351 = PLANE('',#3352);
#3352 = AXIS2_PLACEMENT_3D('',#3353,#3354,#3355);
#3353 = CARTESIAN_POINT('',(-83.,-98.,14.));
#3354 = DIRECTION('',(1.,0.,0.));
#3355 = DIRECTION('',(0.,0.,1.));
#3356 = ADVANCED_FACE('',(#3357),#3368,.F.);
#3357 = FACE_BOUND('',#3358,.F.);
#3358 = EDGE_LOOP('',(#3359,#3365,#3366,#3367));
#3359 = ORIENTED_EDGE('',*,*,#3360,.F.);
#3360 = EDGE_CURVE('',#1025,#3337,#3361,.T.);
#3361 = LINE('',#3362,#3363);
#3362 = CARTESIAN_POINT('',(-88.,-98.,14.));
#3363 = VECTOR('',#3364,1.);
#3364 = DIRECTION('',(1.,0.,0.));
#3365 = ORIENTED_EDGE('',*,*,#1024,.T.);
#3366 = ORIENTED_EDGE('',*,*,#101,.T.);
#3367 = ORIENTED_EDGE('',*,*,#3336,.F.);
#3368 = PLANE('',#3369);
#3369 = AXIS2_PLACEMENT_3D('',#3370,#3371,#3372);
#3370 = CARTESIAN_POINT('',(-88.,-98.,14.));
#3371 = DIRECTION('',(0.,1.,0.));
#3372 = DIRECTION('',(0.,0.,1.));
#3373 = ADVANCED_FACE('',(#3374),#3400,.F.);
#3374 = FACE_BOUND('',#3375,.T.);
#3375 = EDGE_LOOP('',(#3376,#3377,#3385,#3394));
#3376 = ORIENTED_EDGE('',*,*,#750,.T.);
#3377 = ORIENTED_EDGE('',*,*,#3378,.T.);
#3378 = EDGE_CURVE('',#753,#3379,#3381,.T.);
#3379 = VERTEX_POINT('',#3380);
#3380 = CARTESIAN_POINT('',(32.5,94.5,24.));
#3381 = LINE('',#3382,#3383);
#3382 = CARTESIAN_POINT('',(32.5,94.5,-1.));
#3383 = VECTOR('',#3384,1.);
#3384 = DIRECTION('',(0.,0.,1.));
#3385 = ORIENTED_EDGE('',*,*,#3386,.F.);
#3386 = EDGE_CURVE('',#3387,#3379,#3389,.T.);
#3387 = VERTEX_POINT('',#3388);
#3388 = CARTESIAN_POINT('',(27.5,94.5,24.));
#3389 = CIRCLE('',#3390,2.5);
#3390 = AXIS2_PLACEMENT_3D('',#3391,#3392,#3393);
#3391 = CARTESIAN_POINT('',(30.,94.5,24.));
#3392 = DIRECTION('',(0.,0.,-1.));
#3393 = DIRECTION('',(1.,0.,0.));
#3394 = ORIENTED_EDGE('',*,*,#3395,.F.);
#3395 = EDGE_CURVE('',#751,#3387,#3396,.T.);
#3396 = LINE('',#3397,#3398);
#3397 = CARTESIAN_POINT('',(27.5,94.5,-1.));
#3398 = VECTOR('',#3399,1.);
#3399 = DIRECTION('',(0.,0.,1.));
#3400 = CYLINDRICAL_SURFACE('',#3401,2.5);
#3401 = AXIS2_PLACEMENT_3D('',#3402,#3403,#3404);
#3402 = CARTESIAN_POINT('',(30.,94.5,-1.));
#3403 = DIRECTION('',(-0.,-0.,-1.));
#3404 = DIRECTION('',(1.,0.,0.));
#3405 = ADVANCED_FACE('',(#3406),#3424,.F.);
#3406 = FACE_BOUND('',#3407,.F.);
#3407 = EDGE_LOOP('',(#3408,#3416,#3417,#3418));
#3408 = ORIENTED_EDGE('',*,*,#3409,.F.);
#3409 = EDGE_CURVE('',#770,#3410,#3412,.T.);
#3410 = VERTEX_POINT('',#3411);
#3411 = CARTESIAN_POINT('',(32.5,75.5,24.));
#3412 = LINE('',#3413,#3414);
#3413 = CARTESIAN_POINT('',(32.5,75.5,-1.));
#3414 = VECTOR('',#3415,1.);
#3415 = DIRECTION('',(0.,0.,1.));
#3416 = ORIENTED_EDGE('',*,*,#778,.F.);
#3417 = ORIENTED_EDGE('',*,*,#3378,.T.);
#3418 = ORIENTED_EDGE('',*,*,#3419,.F.);
#3419 = EDGE_CURVE('',#3410,#3379,#3420,.T.);
#3420 = LINE('',#3421,#3422);
#3421 = CARTESIAN_POINT('',(32.5,37.75,24.));
#3422 = VECTOR('',#3423,1.);
#3423 = DIRECTION('',(0.,1.,0.));
#3424 = PLANE('',#3425);
#3425 = AXIS2_PLACEMENT_3D('',#3426,#3427,#3428);
#3426 = CARTESIAN_POINT('',(32.5,75.5,-1.));
#3427 = DIRECTION('',(1.,0.,0.));
#3428 = DIRECTION('',(0.,0.,1.));
#3429 = ADVANCED_FACE('',(#3430),#3449,.F.);
#3430 = FACE_BOUND('',#3431,.T.);
#3431 = EDGE_LOOP('',(#3432,#3433,#3434,#3442));
#3432 = ORIENTED_EDGE('',*,*,#3409,.F.);
#3433 = ORIENTED_EDGE('',*,*,#769,.T.);
#3434 = ORIENTED_EDGE('',*,*,#3435,.T.);
#3435 = EDGE_CURVE('',#762,#3436,#3438,.T.);
#3436 = VERTEX_POINT('',#3437);
#3437 = CARTESIAN_POINT('',(27.5,75.5,24.));
#3438 = LINE('',#3439,#3440);
#3439 = CARTESIAN_POINT('',(27.5,75.5,-1.));
#3440 = VECTOR('',#3441,1.);
#3441 = DIRECTION('',(0.,0.,1.));
#3442 = ORIENTED_EDGE('',*,*,#3443,.F.);
#3443 = EDGE_CURVE('',#3410,#3436,#3444,.T.);
#3444 = CIRCLE('',#3445,2.5);
#3445 = AXIS2_PLACEMENT_3D('',#3446,#3447,#3448);
#3446 = CARTESIAN_POINT('',(30.,75.5,24.));
#3447 = DIRECTION('',(0.,0.,-1.));
#3448 = DIRECTION('',(1.,0.,0.));
#3449 = CYLINDRICAL_SURFACE('',#3450,2.5);
#3450 = AXIS2_PLACEMENT_3D('',#3451,#3452,#3453);
#3451 = CARTESIAN_POINT('',(30.,75.5,-1.));
#3452 = DIRECTION('',(-0.,-0.,-1.));
#3453 = DIRECTION('',(1.,0.,0.));
#3454 = ADVANCED_FACE('',(#3455),#3466,.T.);
#3455 = FACE_BOUND('',#3456,.T.);
#3456 = EDGE_LOOP('',(#3457,#3458,#3459,#3460));
#3457 = ORIENTED_EDGE('',*,*,#3435,.F.);
#3458 = ORIENTED_EDGE('',*,*,#761,.F.);
#3459 = ORIENTED_EDGE('',*,*,#3395,.T.);
#3460 = ORIENTED_EDGE('',*,*,#3461,.F.);
#3461 = EDGE_CURVE('',#3436,#3387,#3462,.T.);
#3462 = LINE('',#3463,#3464);
#3463 = CARTESIAN_POINT('',(27.5,37.75,24.));
#3464 = VECTOR('',#3465,1.);
#3465 = DIRECTION('',(0.,1.,0.));
#3466 = PLANE('',#3467);
#3467 = AXIS2_PLACEMENT_3D('',#3468,#3469,#3470);
#3468 = CARTESIAN_POINT('',(27.5,75.5,-1.));
#3469 = DIRECTION('',(1.,0.,0.));
#3470 = DIRECTION('',(0.,0.,1.));
#3471 = ADVANCED_FACE('',(#3472),#3498,.F.);
#3472 = FACE_BOUND('',#3473,.T.);
#3473 = EDGE_LOOP('',(#3474,#3475,#3483,#3492));
#3474 = ORIENTED_EDGE('',*,*,#786,.T.);
#3475 = ORIENTED_EDGE('',*,*,#3476,.T.);
#3476 = EDGE_CURVE('',#789,#3477,#3479,.T.);
#3477 = VERTEX_POINT('',#3478);
#3478 = CARTESIAN_POINT('',(20.5,94.5,24.));
#3479 = LINE('',#3480,#3481);
#3480 = CARTESIAN_POINT('',(20.5,94.5,-1.));
#3481 = VECTOR('',#3482,1.);
#3482 = DIRECTION('',(0.,0.,1.));
#3483 = ORIENTED_EDGE('',*,*,#3484,.F.);
#3484 = EDGE_CURVE('',#3485,#3477,#3487,.T.);
#3485 = VERTEX_POINT('',#3486);
#3486 = CARTESIAN_POINT('',(15.5,94.5,24.));
#3487 = CIRCLE('',#3488,2.5);
#3488 = AXIS2_PLACEMENT_3D('',#3489,#3490,#3491);
#3489 = CARTESIAN_POINT('',(18.,94.5,24.));
#3490 = DIRECTION('',(0.,0.,-1.));
#3491 = DIRECTION('',(1.,0.,0.));
#3492 = ORIENTED_EDGE('',*,*,#3493,.F.);
#3493 = EDGE_CURVE('',#787,#3485,#3494,.T.);
#3494 = LINE('',#3495,#3496);
#3495 = CARTESIAN_POINT('',(15.5,94.5,-1.));
#3496 = VECTOR('',#3497,1.);
#3497 = DIRECTION('',(0.,0.,1.));
#3498 = CYLINDRICAL_SURFACE('',#3499,2.5);
#3499 = AXIS2_PLACEMENT_3D('',#3500,#3501,#3502);
#3500 = CARTESIAN_POINT('',(18.,94.5,-1.));
#3501 = DIRECTION('',(-0.,-0.,-1.));
#3502 = DIRECTION('',(1.,0.,0.));
#3503 = ADVANCED_FACE('',(#3504),#3522,.F.);
#3504 = FACE_BOUND('',#3505,.F.);
#3505 = EDGE_LOOP('',(#3506,#3514,#3515,#3516));
#3506 = ORIENTED_EDGE('',*,*,#3507,.F.);
#3507 = EDGE_CURVE('',#806,#3508,#3510,.T.);
#3508 = VERTEX_POINT('',#3509);
#3509 = CARTESIAN_POINT('',(20.5,75.5,24.));
#3510 = LINE('',#3511,#3512);
#3511 = CARTESIAN_POINT('',(20.5,75.5,-1.));
#3512 = VECTOR('',#3513,1.);
#3513 = DIRECTION('',(0.,0.,1.));
#3514 = ORIENTED_EDGE('',*,*,#814,.F.);
#3515 = ORIENTED_EDGE('',*,*,#3476,.T.);
#3516 = ORIENTED_EDGE('',*,*,#3517,.F.);
#3517 = EDGE_CURVE('',#3508,#3477,#3518,.T.);
#3518 = LINE('',#3519,#3520);
#3519 = CARTESIAN_POINT('',(20.5,37.75,24.));
#3520 = VECTOR('',#3521,1.);
#3521 = DIRECTION('',(0.,1.,0.));
#3522 = PLANE('',#3523);
#3523 = AXIS2_PLACEMENT_3D('',#3524,#3525,#3526);
#3524 = CARTESIAN_POINT('',(20.5,75.5,-1.));
#3525 = DIRECTION('',(1.,0.,0.));
#3526 = DIRECTION('',(0.,0.,1.));
#3527 = ADVANCED_FACE('',(#3528),#3547,.F.);
#3528 = FACE_BOUND('',#3529,.T.);
#3529 = EDGE_LOOP('',(#3530,#3531,#3532,#3540));
#3530 = ORIENTED_EDGE('',*,*,#3507,.F.);
#3531 = ORIENTED_EDGE('',*,*,#805,.T.);
#3532 = ORIENTED_EDGE('',*,*,#3533,.T.);
#3533 = EDGE_CURVE('',#798,#3534,#3536,.T.);
#3534 = VERTEX_POINT('',#3535);
#3535 = CARTESIAN_POINT('',(15.5,75.5,24.));
#3536 = LINE('',#3537,#3538);
#3537 = CARTESIAN_POINT('',(15.5,75.5,-1.));
#3538 = VECTOR('',#3539,1.);
#3539 = DIRECTION('',(0.,0.,1.));
#3540 = ORIENTED_EDGE('',*,*,#3541,.F.);
#3541 = EDGE_CURVE('',#3508,#3534,#3542,.T.);
#3542 = CIRCLE('',#3543,2.5);
#3543 = AXIS2_PLACEMENT_3D('',#3544,#3545,#3546);
#3544 = CARTESIAN_POINT('',(18.,75.5,24.));
#3545 = DIRECTION('',(0.,0.,-1.));
#3546 = DIRECTION('',(1.,0.,0.));
#3547 = CYLINDRICAL_SURFACE('',#3548,2.5);
#3548 = AXIS2_PLACEMENT_3D('',#3549,#3550,#3551);
#3549 = CARTESIAN_POINT('',(18.,75.5,-1.));
#3550 = DIRECTION('',(-0.,-0.,-1.));
#3551 = DIRECTION('',(1.,0.,0.));
#3552 = ADVANCED_FACE('',(#3553),#3564,.T.);
#3553 = FACE_BOUND('',#3554,.T.);
#3554 = EDGE_LOOP('',(#3555,#3556,#3557,#3558));
#3555 = ORIENTED_EDGE('',*,*,#3533,.F.);
#3556 = ORIENTED_EDGE('',*,*,#797,.F.);
#3557 = ORIENTED_EDGE('',*,*,#3493,.T.);
#3558 = ORIENTED_EDGE('',*,*,#3559,.F.);
#3559 = EDGE_CURVE('',#3534,#3485,#3560,.T.);
#3560 = LINE('',#3561,#3562);
#3561 = CARTESIAN_POINT('',(15.5,37.75,24.));
#3562 = VECTOR('',#3563,1.);
#3563 = DIRECTION('',(0.,1.,0.));
#3564 = PLANE('',#3565);
#3565 = AXIS2_PLACEMENT_3D('',#3566,#3567,#3568);
#3566 = CARTESIAN_POINT('',(15.5,75.5,-1.));
#3567 = DIRECTION('',(1.,0.,0.));
#3568 = DIRECTION('',(0.,0.,1.));
#3569 = ADVANCED_FACE('',(#3570,#3580,#3591,#3603,#3614,#3626,#3638,
    #3649,#3685,#3721,#3757,#3769,#3781,#3792,#3803,#3839,#3875,#3886,
    #3897,#3908,#3919,#3955,#3991,#4002,#4008,#4014,#4025),#4036,.T.);
#3570 = FACE_BOUND('',#3571,.T.);
#3571 = EDGE_LOOP('',(#3572,#3573,#3574,#3575,#3576,#3577,#3578,#3579));
#3572 = ORIENTED_EDGE('',*,*,#845,.T.);
#3573 = ORIENTED_EDGE('',*,*,#886,.T.);
#3574 = ORIENTED_EDGE('',*,*,#943,.T.);
#3575 = ORIENTED_EDGE('',*,*,#992,.T.);
#3576 = ORIENTED_EDGE('',*,*,#1008,.T.);
#3577 = ORIENTED_EDGE('',*,*,#960,.F.);
#3578 = ORIENTED_EDGE('',*,*,#917,.T.);
#3579 = ORIENTED_EDGE('',*,*,#870,.F.);
#3580 = FACE_BOUND('',#3581,.T.);
#3581 = EDGE_LOOP('',(#3582,#3583,#3584,#3585));
#3582 = ORIENTED_EDGE('',*,*,#1082,.T.);
#3583 = ORIENTED_EDGE('',*,*,#1107,.T.);
#3584 = ORIENTED_EDGE('',*,*,#1140,.T.);
#3585 = ORIENTED_EDGE('',*,*,#3586,.F.);
#3586 = EDGE_CURVE('',#1058,#1133,#3587,.T.);
#3587 = LINE('',#3588,#3589);
#3588 = CARTESIAN_POINT('',(-85.5,-37.25,24.));
#3589 = VECTOR('',#3590,1.);
#3590 = DIRECTION('',(0.,1.,0.));
#3591 = FACE_BOUND('',#3592,.T.);
#3592 = EDGE_LOOP('',(#3593,#3594,#3595,#3602));
#3593 = ORIENTED_EDGE('',*,*,#3232,.T.);
#3594 = ORIENTED_EDGE('',*,*,#3273,.T.);
#3595 = ORIENTED_EDGE('',*,*,#3596,.T.);
#3596 = EDGE_CURVE('',#3266,#3201,#3597,.T.);
#3597 = CIRCLE('',#3598,3.);
#3598 = AXIS2_PLACEMENT_3D('',#3599,#3600,#3601);
#3599 = CARTESIAN_POINT('',(-58.,-54.,24.));
#3600 = DIRECTION('',(0.,0.,-1.));
#3601 = DIRECTION('',(1.,0.,0.));
#3602 = ORIENTED_EDGE('',*,*,#3208,.F.);
#3603 = FACE_BOUND('',#3604,.T.);
#3604 = EDGE_LOOP('',(#3605));
#3605 = ORIENTED_EDGE('',*,*,#3606,.T.);
#3606 = EDGE_CURVE('',#3607,#3607,#3609,.T.);
#3607 = VERTEX_POINT('',#3608);
#3608 = CARTESIAN_POINT('',(-65.7,-55.,24.));
#3609 = CIRCLE('',#3610,2.3);
#3610 = AXIS2_PLACEMENT_3D('',#3611,#3612,#3613);
#3611 = CARTESIAN_POINT('',(-68.,-55.,24.));
#3612 = DIRECTION('',(0.,0.,-1.));
#3613 = DIRECTION('',(1.,0.,0.));
#3614 = FACE_BOUND('',#3615,.T.);
#3615 = EDGE_LOOP('',(#3616,#3617,#3618,#3625));
#3616 = ORIENTED_EDGE('',*,*,#3103,.T.);
#3617 = ORIENTED_EDGE('',*,*,#3144,.T.);
#3618 = ORIENTED_EDGE('',*,*,#3619,.T.);
#3619 = EDGE_CURVE('',#3137,#3072,#3620,.T.);
#3620 = CIRCLE('',#3621,3.);
#3621 = AXIS2_PLACEMENT_3D('',#3622,#3623,#3624);
#3622 = CARTESIAN_POINT('',(-40.,-54.,24.));
#3623 = DIRECTION('',(0.,0.,-1.));
#3624 = DIRECTION('',(1.,0.,0.));
#3625 = ORIENTED_EDGE('',*,*,#3079,.F.);
#3626 = FACE_BOUND('',#3627,.T.);
#3627 = EDGE_LOOP('',(#3628,#3629,#3630,#3637));
#3628 = ORIENTED_EDGE('',*,*,#2974,.T.);
#3629 = ORIENTED_EDGE('',*,*,#3015,.T.);
#3630 = ORIENTED_EDGE('',*,*,#3631,.T.);
#3631 = EDGE_CURVE('',#3008,#2943,#3632,.T.);
#3632 = CIRCLE('',#3633,3.);
#3633 = AXIS2_PLACEMENT_3D('',#3634,#3635,#3636);
#3634 = CARTESIAN_POINT('',(-22.,-54.,24.));
#3635 = DIRECTION('',(0.,0.,-1.));
#3636 = DIRECTION('',(1.,0.,0.));
#3637 = ORIENTED_EDGE('',*,*,#2950,.F.);
#3638 = FACE_BOUND('',#3639,.T.);
#3639 = EDGE_LOOP('',(#3640,#3641,#3642,#3643));
#3640 = ORIENTED_EDGE('',*,*,#1214,.T.);
#3641 = ORIENTED_EDGE('',*,*,#1239,.T.);
#3642 = ORIENTED_EDGE('',*,*,#1272,.T.);
#3643 = ORIENTED_EDGE('',*,*,#3644,.F.);
#3644 = EDGE_CURVE('',#1190,#1265,#3645,.T.);
#3645 = LINE('',#3646,#3647);
#3646 = CARTESIAN_POINT('',(-85.5,-17.25,24.));
#3647 = VECTOR('',#3648,1.);
#3648 = DIRECTION('',(0.,1.,0.));
#3649 = FACE_BOUND('',#3650,.T.);
#3650 = EDGE_LOOP('',(#3651,#3662,#3670,#3679));
#3651 = ORIENTED_EDGE('',*,*,#3652,.T.);
#3652 = EDGE_CURVE('',#3653,#3655,#3657,.T.);
#3653 = VERTEX_POINT('',#3654);
#3654 = CARTESIAN_POINT('',(-55.,-36.,24.));
#3655 = VERTEX_POINT('',#3656);
#3656 = CARTESIAN_POINT('',(-61.,-36.,24.));
#3657 = CIRCLE('',#3658,3.);
#3658 = AXIS2_PLACEMENT_3D('',#3659,#3660,#3661);
#3659 = CARTESIAN_POINT('',(-58.,-36.,24.));
#3660 = DIRECTION('',(0.,0.,-1.));
#3661 = DIRECTION('',(1.,0.,0.));
#3662 = ORIENTED_EDGE('',*,*,#3663,.T.);
#3663 = EDGE_CURVE('',#3655,#3664,#3666,.T.);
#3664 = VERTEX_POINT('',#3665);
#3665 = CARTESIAN_POINT('',(-61.,-14.,24.));
#3666 = LINE('',#3667,#3668);
#3667 = CARTESIAN_POINT('',(-61.,-18.,24.));
#3668 = VECTOR('',#3669,1.);
#3669 = DIRECTION('',(0.,1.,0.));
#3670 = ORIENTED_EDGE('',*,*,#3671,.T.);
#3671 = EDGE_CURVE('',#3664,#3672,#3674,.T.);
#3672 = VERTEX_POINT('',#3673);
#3673 = CARTESIAN_POINT('',(-55.,-14.,24.));
#3674 = CIRCLE('',#3675,3.);
#3675 = AXIS2_PLACEMENT_3D('',#3676,#3677,#3678);
#3676 = CARTESIAN_POINT('',(-58.,-14.,24.));
#3677 = DIRECTION('',(0.,0.,-1.));
#3678 = DIRECTION('',(1.,0.,0.));
#3679 = ORIENTED_EDGE('',*,*,#3680,.F.);
#3680 = EDGE_CURVE('',#3653,#3672,#3681,.T.);
#3681 = LINE('',#3682,#3683);
#3682 = CARTESIAN_POINT('',(-55.,-18.,24.));
#3683 = VECTOR('',#3684,1.);
#3684 = DIRECTION('',(0.,1.,0.));
#3685 = FACE_BOUND('',#3686,.T.);
#3686 = EDGE_LOOP('',(#3687,#3698,#3706,#3715));
#3687 = ORIENTED_EDGE('',*,*,#3688,.T.);
#3688 = EDGE_CURVE('',#3689,#3691,#3693,.T.);
#3689 = VERTEX_POINT('',#3690);
#3690 = CARTESIAN_POINT('',(-37.,-36.,24.));
#3691 = VERTEX_POINT('',#3692);
#3692 = CARTESIAN_POINT('',(-43.,-36.,24.));
#3693 = CIRCLE('',#3694,3.);
#3694 = AXIS2_PLACEMENT_3D('',#3695,#3696,#3697);
#3695 = CARTESIAN_POINT('',(-40.,-36.,24.));
#3696 = DIRECTION('',(0.,0.,-1.));
#3697 = DIRECTION('',(1.,0.,0.));
#3698 = ORIENTED_EDGE('',*,*,#3699,.T.);
#3699 = EDGE_CURVE('',#3691,#3700,#3702,.T.);
#3700 = VERTEX_POINT('',#3701);
#3701 = CARTESIAN_POINT('',(-43.,-14.,24.));
#3702 = LINE('',#3703,#3704);
#3703 = CARTESIAN_POINT('',(-43.,-18.,24.));
#3704 = VECTOR('',#3705,1.);
#3705 = DIRECTION('',(0.,1.,0.));
#3706 = ORIENTED_EDGE('',*,*,#3707,.T.);
#3707 = EDGE_CURVE('',#3700,#3708,#3710,.T.);
#3708 = VERTEX_POINT('',#3709);
#3709 = CARTESIAN_POINT('',(-37.,-14.,24.));
#3710 = CIRCLE('',#3711,3.);
#3711 = AXIS2_PLACEMENT_3D('',#3712,#3713,#3714);
#3712 = CARTESIAN_POINT('',(-40.,-14.,24.));
#3713 = DIRECTION('',(0.,0.,-1.));
#3714 = DIRECTION('',(1.,0.,0.));
#3715 = ORIENTED_EDGE('',*,*,#3716,.F.);
#3716 = EDGE_CURVE('',#3689,#3708,#3717,.T.);
#3717 = LINE('',#3718,#3719);
#3718 = CARTESIAN_POINT('',(-37.,-18.,24.));
#3719 = VECTOR('',#3720,1.);
#3720 = DIRECTION('',(0.,1.,0.));
#3721 = FACE_BOUND('',#3722,.T.);
#3722 = EDGE_LOOP('',(#3723,#3734,#3742,#3751));
#3723 = ORIENTED_EDGE('',*,*,#3724,.T.);
#3724 = EDGE_CURVE('',#3725,#3727,#3729,.T.);
#3725 = VERTEX_POINT('',#3726);
#3726 = CARTESIAN_POINT('',(-19.,-36.,24.));
#3727 = VERTEX_POINT('',#3728);
#3728 = CARTESIAN_POINT('',(-25.,-36.,24.));
#3729 = CIRCLE('',#3730,3.);
#3730 = AXIS2_PLACEMENT_3D('',#3731,#3732,#3733);
#3731 = CARTESIAN_POINT('',(-22.,-36.,24.));
#3732 = DIRECTION('',(0.,0.,-1.));
#3733 = DIRECTION('',(1.,0.,0.));
#3734 = ORIENTED_EDGE('',*,*,#3735,.T.);
#3735 = EDGE_CURVE('',#3727,#3736,#3738,.T.);
#3736 = VERTEX_POINT('',#3737);
#3737 = CARTESIAN_POINT('',(-25.,-14.,24.));
#3738 = LINE('',#3739,#3740);
#3739 = CARTESIAN_POINT('',(-25.,-18.,24.));
#3740 = VECTOR('',#3741,1.);
#3741 = DIRECTION('',(0.,1.,0.));
#3742 = ORIENTED_EDGE('',*,*,#3743,.T.);
#3743 = EDGE_CURVE('',#3736,#3744,#3746,.T.);
#3744 = VERTEX_POINT('',#3745);
#3745 = CARTESIAN_POINT('',(-19.,-14.,24.));
#3746 = CIRCLE('',#3747,3.);
#3747 = AXIS2_PLACEMENT_3D('',#3748,#3749,#3750);
#3748 = CARTESIAN_POINT('',(-22.,-14.,24.));
#3749 = DIRECTION('',(0.,0.,-1.));
#3750 = DIRECTION('',(1.,0.,0.));
#3751 = ORIENTED_EDGE('',*,*,#3752,.F.);
#3752 = EDGE_CURVE('',#3725,#3744,#3753,.T.);
#3753 = LINE('',#3754,#3755);
#3754 = CARTESIAN_POINT('',(-19.,-18.,24.));
#3755 = VECTOR('',#3756,1.);
#3756 = DIRECTION('',(0.,1.,0.));
#3757 = FACE_BOUND('',#3758,.T.);
#3758 = EDGE_LOOP('',(#3759,#3760,#3761,#3768));
#3759 = ORIENTED_EDGE('',*,*,#2749,.T.);
#3760 = ORIENTED_EDGE('',*,*,#2790,.T.);
#3761 = ORIENTED_EDGE('',*,*,#3762,.T.);
#3762 = EDGE_CURVE('',#2783,#2718,#3763,.T.);
#3763 = CIRCLE('',#3764,2.5);
#3764 = AXIS2_PLACEMENT_3D('',#3765,#3766,#3767);
#3765 = CARTESIAN_POINT('',(18.,-55.5,24.));
#3766 = DIRECTION('',(0.,0.,-1.));
#3767 = DIRECTION('',(1.,0.,0.));
#3768 = ORIENTED_EDGE('',*,*,#2725,.F.);
#3769 = FACE_BOUND('',#3770,.T.);
#3770 = EDGE_LOOP('',(#3771,#3772,#3773,#3780));
#3771 = ORIENTED_EDGE('',*,*,#2620,.T.);
#3772 = ORIENTED_EDGE('',*,*,#2661,.T.);
#3773 = ORIENTED_EDGE('',*,*,#3774,.T.);
#3774 = EDGE_CURVE('',#2654,#2589,#3775,.T.);
#3775 = CIRCLE('',#3776,2.5);
#3776 = AXIS2_PLACEMENT_3D('',#3777,#3778,#3779);
#3777 = CARTESIAN_POINT('',(30.,-55.5,24.));
#3778 = DIRECTION('',(0.,0.,-1.));
#3779 = DIRECTION('',(1.,0.,0.));
#3780 = ORIENTED_EDGE('',*,*,#2596,.F.);
#3781 = FACE_BOUND('',#3782,.T.);
#3782 = EDGE_LOOP('',(#3783,#3784,#3790,#3791));
#3783 = ORIENTED_EDGE('',*,*,#2410,.T.);
#3784 = ORIENTED_EDGE('',*,*,#3785,.T.);
#3785 = EDGE_CURVE('',#2403,#2327,#3786,.T.);
#3786 = LINE('',#3787,#3788);
#3787 = CARTESIAN_POINT('',(85.5,-37.25,24.));
#3788 = VECTOR('',#3789,1.);
#3789 = DIRECTION('',(0.,1.,0.));
#3790 = ORIENTED_EDGE('',*,*,#2326,.T.);
#3791 = ORIENTED_EDGE('',*,*,#2369,.F.);
#3792 = FACE_BOUND('',#3793,.T.);
#3793 = EDGE_LOOP('',(#3794));
#3794 = ORIENTED_EDGE('',*,*,#3795,.T.);
#3795 = EDGE_CURVE('',#3796,#3796,#3798,.T.);
#3796 = VERTEX_POINT('',#3797);
#3797 = CARTESIAN_POINT('',(70.3,-55.,24.));
#3798 = CIRCLE('',#3799,2.3);
#3799 = AXIS2_PLACEMENT_3D('',#3800,#3801,#3802);
#3800 = CARTESIAN_POINT('',(68.,-55.,24.));
#3801 = DIRECTION('',(0.,0.,-1.));
#3802 = DIRECTION('',(1.,0.,0.));
#3803 = FACE_BOUND('',#3804,.T.);
#3804 = EDGE_LOOP('',(#3805,#3816,#3824,#3833));
#3805 = ORIENTED_EDGE('',*,*,#3806,.T.);
#3806 = EDGE_CURVE('',#3807,#3809,#3811,.T.);
#3807 = VERTEX_POINT('',#3808);
#3808 = CARTESIAN_POINT('',(20.5,-34.5,24.));
#3809 = VERTEX_POINT('',#3810);
#3810 = CARTESIAN_POINT('',(15.5,-34.5,24.));
#3811 = CIRCLE('',#3812,2.5);
#3812 = AXIS2_PLACEMENT_3D('',#3813,#3814,#3815);
#3813 = CARTESIAN_POINT('',(18.,-34.5,24.));
#3814 = DIRECTION('',(0.,0.,-1.));
#3815 = DIRECTION('',(1.,0.,0.));
#3816 = ORIENTED_EDGE('',*,*,#3817,.T.);
#3817 = EDGE_CURVE('',#3809,#3818,#3820,.T.);
#3818 = VERTEX_POINT('',#3819);
#3819 = CARTESIAN_POINT('',(15.5,-15.5,24.));
#3820 = LINE('',#3821,#3822);
#3821 = CARTESIAN_POINT('',(15.5,-17.25,24.));
#3822 = VECTOR('',#3823,1.);
#3823 = DIRECTION('',(0.,1.,0.));
#3824 = ORIENTED_EDGE('',*,*,#3825,.T.);
#3825 = EDGE_CURVE('',#3818,#3826,#3828,.T.);
#3826 = VERTEX_POINT('',#3827);
#3827 = CARTESIAN_POINT('',(20.5,-15.5,24.));
#3828 = CIRCLE('',#3829,2.5);
#3829 = AXIS2_PLACEMENT_3D('',#3830,#3831,#3832);
#3830 = CARTESIAN_POINT('',(18.,-15.5,24.));
#3831 = DIRECTION('',(0.,0.,-1.));
#3832 = DIRECTION('',(1.,0.,0.));
#3833 = ORIENTED_EDGE('',*,*,#3834,.F.);
#3834 = EDGE_CURVE('',#3807,#3826,#3835,.T.);
#3835 = LINE('',#3836,#3837);
#3836 = CARTESIAN_POINT('',(20.5,-17.25,24.));
#3837 = VECTOR('',#3838,1.);
#3838 = DIRECTION('',(0.,1.,0.));
#3839 = FACE_BOUND('',#3840,.T.);
#3840 = EDGE_LOOP('',(#3841,#3852,#3860,#3869));
#3841 = ORIENTED_EDGE('',*,*,#3842,.T.);
#3842 = EDGE_CURVE('',#3843,#3845,#3847,.T.);
#3843 = VERTEX_POINT('',#3844);
#3844 = CARTESIAN_POINT('',(32.5,-34.5,24.));
#3845 = VERTEX_POINT('',#3846);
#3846 = CARTESIAN_POINT('',(27.5,-34.5,24.));
#3847 = CIRCLE('',#3848,2.5);
#3848 = AXIS2_PLACEMENT_3D('',#3849,#3850,#3851);
#3849 = CARTESIAN_POINT('',(30.,-34.5,24.));
#3850 = DIRECTION('',(0.,0.,-1.));
#3851 = DIRECTION('',(1.,0.,0.));
#3852 = ORIENTED_EDGE('',*,*,#3853,.T.);
#3853 = EDGE_CURVE('',#3845,#3854,#3856,.T.);
#3854 = VERTEX_POINT('',#3855);
#3855 = CARTESIAN_POINT('',(27.5,-15.5,24.));
#3856 = LINE('',#3857,#3858);
#3857 = CARTESIAN_POINT('',(27.5,-17.25,24.));
#3858 = VECTOR('',#3859,1.);
#3859 = DIRECTION('',(0.,1.,0.));
#3860 = ORIENTED_EDGE('',*,*,#3861,.T.);
#3861 = EDGE_CURVE('',#3854,#3862,#3864,.T.);
#3862 = VERTEX_POINT('',#3863);
#3863 = CARTESIAN_POINT('',(32.5,-15.5,24.));
#3864 = CIRCLE('',#3865,2.5);
#3865 = AXIS2_PLACEMENT_3D('',#3866,#3867,#3868);
#3866 = CARTESIAN_POINT('',(30.,-15.5,24.));
#3867 = DIRECTION('',(0.,0.,-1.));
#3868 = DIRECTION('',(1.,0.,0.));
#3869 = ORIENTED_EDGE('',*,*,#3870,.F.);
#3870 = EDGE_CURVE('',#3843,#3862,#3871,.T.);
#3871 = LINE('',#3872,#3873);
#3872 = CARTESIAN_POINT('',(32.5,-17.25,24.));
#3873 = VECTOR('',#3874,1.);
#3874 = DIRECTION('',(0.,1.,0.));
#3875 = FACE_BOUND('',#3876,.T.);
#3876 = EDGE_LOOP('',(#3877,#3878,#3884,#3885));
#3877 = ORIENTED_EDGE('',*,*,#2278,.T.);
#3878 = ORIENTED_EDGE('',*,*,#3879,.T.);
#3879 = EDGE_CURVE('',#2271,#2195,#3880,.T.);
#3880 = LINE('',#3881,#3882);
#3881 = CARTESIAN_POINT('',(85.5,-17.25,24.));
#3882 = VECTOR('',#3883,1.);
#3883 = DIRECTION('',(0.,1.,0.));
#3884 = ORIENTED_EDGE('',*,*,#2194,.T.);
#3885 = ORIENTED_EDGE('',*,*,#2237,.F.);
#3886 = FACE_BOUND('',#3887,.T.);
#3887 = EDGE_LOOP('',(#3888,#3889,#3890,#3891));
#3888 = ORIENTED_EDGE('',*,*,#1346,.T.);
#3889 = ORIENTED_EDGE('',*,*,#1371,.T.);
#3890 = ORIENTED_EDGE('',*,*,#1404,.T.);
#3891 = ORIENTED_EDGE('',*,*,#3892,.F.);
#3892 = EDGE_CURVE('',#1322,#1397,#3893,.T.);
#3893 = LINE('',#3894,#3895);
#3894 = CARTESIAN_POINT('',(-85.5,17.75,24.));
#3895 = VECTOR('',#3896,1.);
#3896 = DIRECTION('',(0.,1.,0.));
#3897 = FACE_BOUND('',#3898,.T.);
#3898 = EDGE_LOOP('',(#3899));
#3899 = ORIENTED_EDGE('',*,*,#3900,.T.);
#3900 = EDGE_CURVE('',#3901,#3901,#3903,.T.);
#3901 = VERTEX_POINT('',#3902);
#3902 = CARTESIAN_POINT('',(-65.7,55.,24.));
#3903 = CIRCLE('',#3904,2.3);
#3904 = AXIS2_PLACEMENT_3D('',#3905,#3906,#3907);
#3905 = CARTESIAN_POINT('',(-68.,55.,24.));
#3906 = DIRECTION('',(0.,0.,-1.));
#3907 = DIRECTION('',(1.,0.,0.));
#3908 = FACE_BOUND('',#3909,.T.);
#3909 = EDGE_LOOP('',(#3910,#3911,#3912,#3913));
#3910 = ORIENTED_EDGE('',*,*,#1478,.T.);
#3911 = ORIENTED_EDGE('',*,*,#1503,.T.);
#3912 = ORIENTED_EDGE('',*,*,#1536,.T.);
#3913 = ORIENTED_EDGE('',*,*,#3914,.F.);
#3914 = EDGE_CURVE('',#1454,#1529,#3915,.T.);
#3915 = LINE('',#3916,#3917);
#3916 = CARTESIAN_POINT('',(-85.5,37.75,24.));
#3917 = VECTOR('',#3918,1.);
#3918 = DIRECTION('',(0.,1.,0.));
#3919 = FACE_BOUND('',#3920,.T.);
#3920 = EDGE_LOOP('',(#3921,#3932,#3940,#3949));
#3921 = ORIENTED_EDGE('',*,*,#3922,.T.);
#3922 = EDGE_CURVE('',#3923,#3925,#3927,.T.);
#3923 = VERTEX_POINT('',#3924);
#3924 = CARTESIAN_POINT('',(20.5,35.5,24.));
#3925 = VERTEX_POINT('',#3926);
#3926 = CARTESIAN_POINT('',(15.5,35.5,24.));
#3927 = CIRCLE('',#3928,2.5);
#3928 = AXIS2_PLACEMENT_3D('',#3929,#3930,#3931);
#3929 = CARTESIAN_POINT('',(18.,35.5,24.));
#3930 = DIRECTION('',(0.,0.,-1.));
#3931 = DIRECTION('',(1.,0.,0.));
#3932 = ORIENTED_EDGE('',*,*,#3933,.T.);
#3933 = EDGE_CURVE('',#3925,#3934,#3936,.T.);
#3934 = VERTEX_POINT('',#3935);
#3935 = CARTESIAN_POINT('',(15.5,54.5,24.));
#3936 = LINE('',#3937,#3938);
#3937 = CARTESIAN_POINT('',(15.5,17.75,24.));
#3938 = VECTOR('',#3939,1.);
#3939 = DIRECTION('',(0.,1.,0.));
#3940 = ORIENTED_EDGE('',*,*,#3941,.T.);
#3941 = EDGE_CURVE('',#3934,#3942,#3944,.T.);
#3942 = VERTEX_POINT('',#3943);
#3943 = CARTESIAN_POINT('',(20.5,54.5,24.));
#3944 = CIRCLE('',#3945,2.5);
#3945 = AXIS2_PLACEMENT_3D('',#3946,#3947,#3948);
#3946 = CARTESIAN_POINT('',(18.,54.5,24.));
#3947 = DIRECTION('',(0.,0.,-1.));
#3948 = DIRECTION('',(1.,0.,0.));
#3949 = ORIENTED_EDGE('',*,*,#3950,.F.);
#3950 = EDGE_CURVE('',#3923,#3942,#3951,.T.);
#3951 = LINE('',#3952,#3953);
#3952 = CARTESIAN_POINT('',(20.5,17.75,24.));
#3953 = VECTOR('',#3954,1.);
#3954 = DIRECTION('',(0.,1.,0.));
#3955 = FACE_BOUND('',#3956,.T.);
#3956 = EDGE_LOOP('',(#3957,#3968,#3976,#3985));
#3957 = ORIENTED_EDGE('',*,*,#3958,.T.);
#3958 = EDGE_CURVE('',#3959,#3961,#3963,.T.);
#3959 = VERTEX_POINT('',#3960);
#3960 = CARTESIAN_POINT('',(32.5,35.5,24.));
#3961 = VERTEX_POINT('',#3962);
#3962 = CARTESIAN_POINT('',(27.5,35.5,24.));
#3963 = CIRCLE('',#3964,2.5);
#3964 = AXIS2_PLACEMENT_3D('',#3965,#3966,#3967);
#3965 = CARTESIAN_POINT('',(30.,35.5,24.));
#3966 = DIRECTION('',(0.,0.,-1.));
#3967 = DIRECTION('',(1.,0.,0.));
#3968 = ORIENTED_EDGE('',*,*,#3969,.T.);
#3969 = EDGE_CURVE('',#3961,#3970,#3972,.T.);
#3970 = VERTEX_POINT('',#3971);
#3971 = CARTESIAN_POINT('',(27.5,54.5,24.));
#3972 = LINE('',#3973,#3974);
#3973 = CARTESIAN_POINT('',(27.5,17.75,24.));
#3974 = VECTOR('',#3975,1.);
#3975 = DIRECTION('',(0.,1.,0.));
#3976 = ORIENTED_EDGE('',*,*,#3977,.T.);
#3977 = EDGE_CURVE('',#3970,#3978,#3980,.T.);
#3978 = VERTEX_POINT('',#3979);
#3979 = CARTESIAN_POINT('',(32.5,54.5,24.));
#3980 = CIRCLE('',#3981,2.5);
#3981 = AXIS2_PLACEMENT_3D('',#3982,#3983,#3984);
#3982 = CARTESIAN_POINT('',(30.,54.5,24.));
#3983 = DIRECTION('',(0.,0.,-1.));
#3984 = DIRECTION('',(1.,0.,0.));
#3985 = ORIENTED_EDGE('',*,*,#3986,.F.);
#3986 = EDGE_CURVE('',#3959,#3978,#3987,.T.);
#3987 = LINE('',#3988,#3989);
#3988 = CARTESIAN_POINT('',(32.5,17.75,24.));
#3989 = VECTOR('',#3990,1.);
#3990 = DIRECTION('',(0.,1.,0.));
#3991 = FACE_BOUND('',#3992,.T.);
#3992 = EDGE_LOOP('',(#3993,#3994,#4000,#4001));
#3993 = ORIENTED_EDGE('',*,*,#2146,.T.);
#3994 = ORIENTED_EDGE('',*,*,#3995,.T.);
#3995 = EDGE_CURVE('',#2139,#2063,#3996,.T.);
#3996 = LINE('',#3997,#3998);
#3997 = CARTESIAN_POINT('',(85.5,17.75,24.));
#3998 = VECTOR('',#3999,1.);
#3999 = DIRECTION('',(0.,1.,0.));
#4000 = ORIENTED_EDGE('',*,*,#2062,.T.);
#4001 = ORIENTED_EDGE('',*,*,#2105,.F.);
#4002 = FACE_BOUND('',#4003,.T.);
#4003 = EDGE_LOOP('',(#4004,#4005,#4006,#4007));
#4004 = ORIENTED_EDGE('',*,*,#3541,.T.);
#4005 = ORIENTED_EDGE('',*,*,#3559,.T.);
#4006 = ORIENTED_EDGE('',*,*,#3484,.T.);
#4007 = ORIENTED_EDGE('',*,*,#3517,.F.);
#4008 = FACE_BOUND('',#4009,.T.);
#4009 = EDGE_LOOP('',(#4010,#4011,#4012,#4013));
#4010 = ORIENTED_EDGE('',*,*,#3443,.T.);
#4011 = ORIENTED_EDGE('',*,*,#3461,.T.);
#4012 = ORIENTED_EDGE('',*,*,#3386,.T.);
#4013 = ORIENTED_EDGE('',*,*,#3419,.F.);
#4014 = FACE_BOUND('',#4015,.T.);
#4015 = EDGE_LOOP('',(#4016));
#4016 = ORIENTED_EDGE('',*,*,#4017,.T.);
#4017 = EDGE_CURVE('',#4018,#4018,#4020,.T.);
#4018 = VERTEX_POINT('',#4019);
#4019 = CARTESIAN_POINT('',(70.3,55.,24.));
#4020 = CIRCLE('',#4021,2.3);
#4021 = AXIS2_PLACEMENT_3D('',#4022,#4023,#4024);
#4022 = CARTESIAN_POINT('',(68.,55.,24.));
#4023 = DIRECTION('',(0.,0.,-1.));
#4024 = DIRECTION('',(1.,0.,0.));
#4025 = FACE_BOUND('',#4026,.T.);
#4026 = EDGE_LOOP('',(#4027,#4028,#4034,#4035));
#4027 = ORIENTED_EDGE('',*,*,#2014,.T.);
#4028 = ORIENTED_EDGE('',*,*,#4029,.T.);
#4029 = EDGE_CURVE('',#2007,#1931,#4030,.T.);
#4030 = LINE('',#4031,#4032);
#4031 = CARTESIAN_POINT('',(85.5,37.75,24.));
#4032 = VECTOR('',#4033,1.);
#4033 = DIRECTION('',(0.,1.,0.));
#4034 = ORIENTED_EDGE('',*,*,#1930,.T.);
#4035 = ORIENTED_EDGE('',*,*,#1973,.F.);
#4036 = PLANE('',#4037);
#4037 = AXIS2_PLACEMENT_3D('',#4038,#4039,#4040);
#4038 = CARTESIAN_POINT('',(0.,0.,24.));
#4039 = DIRECTION('',(0.,0.,1.));
#4040 = DIRECTION('',(1.,0.,0.));
#4041 = ADVANCED_FACE('',(#4042,#4248,#4259,#4270,#4404,#4415),#4426,.T.
  );
#4042 = FACE_BOUND('',#4043,.T.);
#4043 = EDGE_LOOP('',(#4044,#4045,#4046,#4047,#4053,#4054,#4055,#4056,
    #4062,#4063,#4064,#4065,#4071,#4072,#4073,#4074,#4080,#4081,#4082,
    #4083,#4084,#4085,#4086,#4087,#4088,#4089,#4090,#4091,#4092,#4093,
    #4094,#4095,#4096,#4097,#4103,#4104,#4105,#4106,#4112,#4113,#4114,
    #4115,#4121,#4122,#4123,#4124,#4130,#4131,#4132,#4133,#4134,#4135,
    #4136,#4137,#4138,#4145,#4146,#4147,#4148,#4155,#4156,#4157,#4158,
    #4159,#4160,#4161,#4162,#4171,#4179,#4187,#4195,#4204,#4212,#4220,
    #4228,#4237,#4244,#4245,#4246,#4247));
#4044 = ORIENTED_EDGE('',*,*,#3360,.F.);
#4045 = ORIENTED_EDGE('',*,*,#1041,.T.);
#4046 = ORIENTED_EDGE('',*,*,#1065,.F.);
#4047 = ORIENTED_EDGE('',*,*,#4048,.F.);
#4048 = EDGE_CURVE('',#1124,#1056,#4049,.T.);
#4049 = LINE('',#4050,#4051);
#4050 = CARTESIAN_POINT('',(-85.5,-37.25,14.));
#4051 = VECTOR('',#4052,1.);
#4052 = DIRECTION('',(0.,-1.,0.));
#4053 = ORIENTED_EDGE('',*,*,#1121,.F.);
#4054 = ORIENTED_EDGE('',*,*,#1173,.T.);
#4055 = ORIENTED_EDGE('',*,*,#1197,.F.);
#4056 = ORIENTED_EDGE('',*,*,#4057,.F.);
#4057 = EDGE_CURVE('',#1256,#1188,#4058,.T.);
#4058 = LINE('',#4059,#4060);
#4059 = CARTESIAN_POINT('',(-85.5,-17.25,14.));
#4060 = VECTOR('',#4061,1.);
#4061 = DIRECTION('',(0.,-1.,0.));
#4062 = ORIENTED_EDGE('',*,*,#1253,.F.);
#4063 = ORIENTED_EDGE('',*,*,#1305,.T.);
#4064 = ORIENTED_EDGE('',*,*,#1329,.F.);
#4065 = ORIENTED_EDGE('',*,*,#4066,.F.);
#4066 = EDGE_CURVE('',#1388,#1320,#4067,.T.);
#4067 = LINE('',#4068,#4069);
#4068 = CARTESIAN_POINT('',(-85.5,17.75,14.));
#4069 = VECTOR('',#4070,1.);
#4070 = DIRECTION('',(0.,-1.,0.));
#4071 = ORIENTED_EDGE('',*,*,#1385,.F.);
#4072 = ORIENTED_EDGE('',*,*,#1437,.T.);
#4073 = ORIENTED_EDGE('',*,*,#1461,.F.);
#4074 = ORIENTED_EDGE('',*,*,#4075,.F.);
#4075 = EDGE_CURVE('',#1520,#1452,#4076,.T.);
#4076 = LINE('',#4077,#4078);
#4077 = CARTESIAN_POINT('',(-85.5,37.75,14.));
#4078 = VECTOR('',#4079,1.);
#4079 = DIRECTION('',(0.,-1.,0.));
#4080 = ORIENTED_EDGE('',*,*,#1517,.F.);
#4081 = ORIENTED_EDGE('',*,*,#1569,.T.);
#4082 = ORIENTED_EDGE('',*,*,#1583,.T.);
#4083 = ORIENTED_EDGE('',*,*,#1615,.F.);
#4084 = ORIENTED_EDGE('',*,*,#1631,.T.);
#4085 = ORIENTED_EDGE('',*,*,#1655,.F.);
#4086 = ORIENTED_EDGE('',*,*,#1680,.T.);
#4087 = ORIENTED_EDGE('',*,*,#1705,.T.);
#4088 = ORIENTED_EDGE('',*,*,#1728,.T.);
#4089 = ORIENTED_EDGE('',*,*,#1760,.F.);
#4090 = ORIENTED_EDGE('',*,*,#1776,.T.);
#4091 = ORIENTED_EDGE('',*,*,#1800,.F.);
#4092 = ORIENTED_EDGE('',*,*,#1825,.T.);
#4093 = ORIENTED_EDGE('',*,*,#1850,.T.);
#4094 = ORIENTED_EDGE('',*,*,#1873,.T.);
#4095 = ORIENTED_EDGE('',*,*,#1906,.F.);
#4096 = ORIENTED_EDGE('',*,*,#1947,.F.);
#4097 = ORIENTED_EDGE('',*,*,#4098,.T.);
#4098 = EDGE_CURVE('',#1940,#1998,#4099,.T.);
#4099 = LINE('',#4100,#4101);
#4100 = CARTESIAN_POINT('',(85.5,37.75,14.));
#4101 = VECTOR('',#4102,1.);
#4102 = DIRECTION('',(0.,-1.,0.));
#4103 = ORIENTED_EDGE('',*,*,#1997,.F.);
#4104 = ORIENTED_EDGE('',*,*,#2038,.F.);
#4105 = ORIENTED_EDGE('',*,*,#2079,.F.);
#4106 = ORIENTED_EDGE('',*,*,#4107,.T.);
#4107 = EDGE_CURVE('',#2072,#2130,#4108,.T.);
#4108 = LINE('',#4109,#4110);
#4109 = CARTESIAN_POINT('',(85.5,17.75,14.));
#4110 = VECTOR('',#4111,1.);
#4111 = DIRECTION('',(0.,-1.,0.));
#4112 = ORIENTED_EDGE('',*,*,#2129,.F.);
#4113 = ORIENTED_EDGE('',*,*,#2170,.F.);
#4114 = ORIENTED_EDGE('',*,*,#2211,.F.);
#4115 = ORIENTED_EDGE('',*,*,#4116,.T.);
#4116 = EDGE_CURVE('',#2204,#2262,#4117,.T.);
#4117 = LINE('',#4118,#4119);
#4118 = CARTESIAN_POINT('',(85.5,-17.25,14.));
#4119 = VECTOR('',#4120,1.);
#4120 = DIRECTION('',(0.,-1.,0.));
#4121 = ORIENTED_EDGE('',*,*,#2261,.F.);
#4122 = ORIENTED_EDGE('',*,*,#2302,.F.);
#4123 = ORIENTED_EDGE('',*,*,#2343,.F.);
#4124 = ORIENTED_EDGE('',*,*,#4125,.T.);
#4125 = EDGE_CURVE('',#2336,#2394,#4126,.T.);
#4126 = LINE('',#4127,#4128);
#4127 = CARTESIAN_POINT('',(85.5,-37.25,14.));
#4128 = VECTOR('',#4129,1.);
#4129 = DIRECTION('',(0.,-1.,0.));
#4130 = ORIENTED_EDGE('',*,*,#2393,.F.);
#4131 = ORIENTED_EDGE('',*,*,#2434,.F.);
#4132 = ORIENTED_EDGE('',*,*,#2449,.F.);
#4133 = ORIENTED_EDGE('',*,*,#2474,.T.);
#4134 = ORIENTED_EDGE('',*,*,#2497,.F.);
#4135 = ORIENTED_EDGE('',*,*,#2522,.F.);
#4136 = ORIENTED_EDGE('',*,*,#2546,.F.);
#4137 = ORIENTED_EDGE('',*,*,#2580,.F.);
#4138 = ORIENTED_EDGE('',*,*,#4139,.F.);
#4139 = EDGE_CURVE('',#2646,#2581,#4140,.T.);
#4140 = CIRCLE('',#4141,2.5);
#4141 = AXIS2_PLACEMENT_3D('',#4142,#4143,#4144);
#4142 = CARTESIAN_POINT('',(30.,-55.5,14.));
#4143 = DIRECTION('',(0.,0.,-1.));
#4144 = DIRECTION('',(1.,0.,0.));
#4145 = ORIENTED_EDGE('',*,*,#2645,.T.);
#4146 = ORIENTED_EDGE('',*,*,#2675,.F.);
#4147 = ORIENTED_EDGE('',*,*,#2709,.F.);
#4148 = ORIENTED_EDGE('',*,*,#4149,.F.);
#4149 = EDGE_CURVE('',#2775,#2710,#4150,.T.);
#4150 = CIRCLE('',#4151,2.5);
#4151 = AXIS2_PLACEMENT_3D('',#4152,#4153,#4154);
#4152 = CARTESIAN_POINT('',(18.,-55.5,14.));
#4153 = DIRECTION('',(0.,0.,-1.));
#4154 = DIRECTION('',(1.,0.,0.));
#4155 = ORIENTED_EDGE('',*,*,#2774,.T.);
#4156 = ORIENTED_EDGE('',*,*,#2804,.F.);
#4157 = ORIENTED_EDGE('',*,*,#2836,.F.);
#4158 = ORIENTED_EDGE('',*,*,#2852,.F.);
#4159 = ORIENTED_EDGE('',*,*,#2877,.T.);
#4160 = ORIENTED_EDGE('',*,*,#2900,.F.);
#4161 = ORIENTED_EDGE('',*,*,#2934,.F.);
#4162 = ORIENTED_EDGE('',*,*,#4163,.F.);
#4163 = EDGE_CURVE('',#4164,#2935,#4166,.T.);
#4164 = VERTEX_POINT('',#4165);
#4165 = CARTESIAN_POINT('',(-19.40192378864,-52.5,14.));
#4166 = CIRCLE('',#4167,3.);
#4167 = AXIS2_PLACEMENT_3D('',#4168,#4169,#4170);
#4168 = CARTESIAN_POINT('',(-22.,-54.,14.));
#4169 = DIRECTION('',(0.,0.,-1.));
#4170 = DIRECTION('',(1.,0.,0.));
#4171 = ORIENTED_EDGE('',*,*,#4172,.T.);
#4172 = EDGE_CURVE('',#4164,#4173,#4175,.T.);
#4173 = VERTEX_POINT('',#4174);
#4174 = CARTESIAN_POINT('',(-2.5,-52.5,14.));
#4175 = LINE('',#4176,#4177);
#4176 = CARTESIAN_POINT('',(-88.,-52.5,14.));
#4177 = VECTOR('',#4178,1.);
#4178 = DIRECTION('',(1.,0.,0.));
#4179 = ORIENTED_EDGE('',*,*,#4180,.T.);
#4180 = EDGE_CURVE('',#4173,#4181,#4183,.T.);
#4181 = VERTEX_POINT('',#4182);
#4182 = CARTESIAN_POINT('',(-2.5,52.5,14.));
#4183 = LINE('',#4184,#4185);
#4184 = CARTESIAN_POINT('',(-2.5,-98.,14.));
#4185 = VECTOR('',#4186,1.);
#4186 = DIRECTION('',(0.,1.,0.));
#4187 = ORIENTED_EDGE('',*,*,#4188,.F.);
#4188 = EDGE_CURVE('',#4189,#4181,#4191,.T.);
#4189 = VERTEX_POINT('',#4190);
#4190 = CARTESIAN_POINT('',(-59.3541917671,52.5,14.));
#4191 = LINE('',#4192,#4193);
#4192 = CARTESIAN_POINT('',(-88.,52.5,14.));
#4193 = VECTOR('',#4194,1.);
#4194 = DIRECTION('',(1.,0.,0.));
#4195 = ORIENTED_EDGE('',*,*,#4196,.F.);
#4196 = EDGE_CURVE('',#4197,#4189,#4199,.T.);
#4197 = VERTEX_POINT('',#4198);
#4198 = CARTESIAN_POINT('',(-76.64580823289,52.5,14.));
#4199 = CIRCLE('',#4200,9.);
#4200 = AXIS2_PLACEMENT_3D('',#4201,#4202,#4203);
#4201 = CARTESIAN_POINT('',(-68.,55.,14.));
#4202 = DIRECTION('',(0.,0.,1.));
#4203 = DIRECTION('',(1.,0.,0.));
#4204 = ORIENTED_EDGE('',*,*,#4205,.F.);
#4205 = EDGE_CURVE('',#4206,#4197,#4208,.T.);
#4206 = VERTEX_POINT('',#4207);
#4207 = CARTESIAN_POINT('',(-83.,52.5,14.));
#4208 = LINE('',#4209,#4210);
#4209 = CARTESIAN_POINT('',(-88.,52.5,14.));
#4210 = VECTOR('',#4211,1.);
#4211 = DIRECTION('',(1.,0.,0.));
#4212 = ORIENTED_EDGE('',*,*,#4213,.F.);
#4213 = EDGE_CURVE('',#4214,#4206,#4216,.T.);
#4214 = VERTEX_POINT('',#4215);
#4215 = CARTESIAN_POINT('',(-83.,-52.5,14.));
#4216 = LINE('',#4217,#4218);
#4217 = CARTESIAN_POINT('',(-83.,-98.,14.));
#4218 = VECTOR('',#4219,1.);
#4219 = DIRECTION('',(0.,1.,0.));
#4220 = ORIENTED_EDGE('',*,*,#4221,.T.);
#4221 = EDGE_CURVE('',#4214,#4222,#4224,.T.);
#4222 = VERTEX_POINT('',#4223);
#4223 = CARTESIAN_POINT('',(-76.64580823289,-52.5,14.));
#4224 = LINE('',#4225,#4226);
#4225 = CARTESIAN_POINT('',(-88.,-52.5,14.));
#4226 = VECTOR('',#4227,1.);
#4227 = DIRECTION('',(1.,0.,0.));
#4228 = ORIENTED_EDGE('',*,*,#4229,.F.);
#4229 = EDGE_CURVE('',#4230,#4222,#4232,.T.);
#4230 = VERTEX_POINT('',#4231);
#4231 = CARTESIAN_POINT('',(-59.69736514629,-51.52634853705,14.));
#4232 = CIRCLE('',#4233,9.);
#4233 = AXIS2_PLACEMENT_3D('',#4234,#4235,#4236);
#4234 = CARTESIAN_POINT('',(-68.,-55.,14.));
#4235 = DIRECTION('',(0.,0.,1.));
#4236 = DIRECTION('',(1.,0.,0.));
#4237 = ORIENTED_EDGE('',*,*,#4238,.F.);
#4238 = EDGE_CURVE('',#3258,#4230,#4239,.T.);
#4239 = CIRCLE('',#4240,3.);
#4240 = AXIS2_PLACEMENT_3D('',#4241,#4242,#4243);
#4241 = CARTESIAN_POINT('',(-58.,-54.,14.));
#4242 = DIRECTION('',(0.,0.,-1.));
#4243 = DIRECTION('',(1.,0.,0.));
#4244 = ORIENTED_EDGE('',*,*,#3257,.T.);
#4245 = ORIENTED_EDGE('',*,*,#3289,.F.);
#4246 = ORIENTED_EDGE('',*,*,#3312,.F.);
#4247 = ORIENTED_EDGE('',*,*,#3344,.F.);
#4248 = FACE_BOUND('',#4249,.T.);
#4249 = EDGE_LOOP('',(#4250));
#4250 = ORIENTED_EDGE('',*,*,#4251,.F.);
#4251 = EDGE_CURVE('',#4252,#4252,#4254,.T.);
#4252 = VERTEX_POINT('',#4253);
#4253 = CARTESIAN_POINT('',(70.3,-55.,14.));
#4254 = CIRCLE('',#4255,2.3);
#4255 = AXIS2_PLACEMENT_3D('',#4256,#4257,#4258);
#4256 = CARTESIAN_POINT('',(68.,-55.,14.));
#4257 = DIRECTION('',(0.,0.,-1.));
#4258 = DIRECTION('',(1.,0.,0.));
#4259 = FACE_BOUND('',#4260,.T.);
#4260 = EDGE_LOOP('',(#4261));
#4261 = ORIENTED_EDGE('',*,*,#4262,.F.);
#4262 = EDGE_CURVE('',#4263,#4263,#4265,.T.);
#4263 = VERTEX_POINT('',#4264);
#4264 = CARTESIAN_POINT('',(-65.7,-55.,14.));
#4265 = CIRCLE('',#4266,2.3);
#4266 = AXIS2_PLACEMENT_3D('',#4267,#4268,#4269);
#4267 = CARTESIAN_POINT('',(-68.,-55.,14.));
#4268 = DIRECTION('',(0.,0.,-1.));
#4269 = DIRECTION('',(1.,0.,0.));
#4270 = FACE_BOUND('',#4271,.T.);
#4271 = EDGE_LOOP('',(#4272,#4282,#4290,#4298,#4307,#4315,#4323,#4331,
    #4340,#4348,#4356,#4365,#4373,#4381,#4389,#4398));
#4272 = ORIENTED_EDGE('',*,*,#4273,.F.);
#4273 = EDGE_CURVE('',#4274,#4276,#4278,.T.);
#4274 = VERTEX_POINT('',#4275);
#4275 = CARTESIAN_POINT('',(2.5,52.5,14.));
#4276 = VERTEX_POINT('',#4277);
#4277 = CARTESIAN_POINT('',(15.5,52.5,14.));
#4278 = LINE('',#4279,#4280);
#4279 = CARTESIAN_POINT('',(-88.,52.5,14.));
#4280 = VECTOR('',#4281,1.);
#4281 = DIRECTION('',(1.,0.,0.));
#4282 = ORIENTED_EDGE('',*,*,#4283,.F.);
#4283 = EDGE_CURVE('',#4284,#4274,#4286,.T.);
#4284 = VERTEX_POINT('',#4285);
#4285 = CARTESIAN_POINT('',(2.5,-52.5,14.));
#4286 = LINE('',#4287,#4288);
#4287 = CARTESIAN_POINT('',(2.5,-98.,14.));
#4288 = VECTOR('',#4289,1.);
#4289 = DIRECTION('',(0.,1.,0.));
#4290 = ORIENTED_EDGE('',*,*,#4291,.T.);
#4291 = EDGE_CURVE('',#4284,#4292,#4294,.T.);
#4292 = VERTEX_POINT('',#4293);
#4293 = CARTESIAN_POINT('',(59.354191767105,-52.5,14.));
#4294 = LINE('',#4295,#4296);
#4295 = CARTESIAN_POINT('',(-88.,-52.5,14.));
#4296 = VECTOR('',#4297,1.);
#4297 = DIRECTION('',(1.,0.,0.));
#4298 = ORIENTED_EDGE('',*,*,#4299,.F.);
#4299 = EDGE_CURVE('',#4300,#4292,#4302,.T.);
#4300 = VERTEX_POINT('',#4301);
#4301 = CARTESIAN_POINT('',(76.645808232895,-52.5,14.));
#4302 = CIRCLE('',#4303,9.);
#4303 = AXIS2_PLACEMENT_3D('',#4304,#4305,#4306);
#4304 = CARTESIAN_POINT('',(68.,-55.,14.));
#4305 = DIRECTION('',(0.,0.,1.));
#4306 = DIRECTION('',(1.,0.,0.));
#4307 = ORIENTED_EDGE('',*,*,#4308,.T.);
#4308 = EDGE_CURVE('',#4300,#4309,#4311,.T.);
#4309 = VERTEX_POINT('',#4310);
#4310 = CARTESIAN_POINT('',(83.,-52.5,14.));
#4311 = LINE('',#4312,#4313);
#4312 = CARTESIAN_POINT('',(-88.,-52.5,14.));
#4313 = VECTOR('',#4314,1.);
#4314 = DIRECTION('',(1.,0.,0.));
#4315 = ORIENTED_EDGE('',*,*,#4316,.T.);
#4316 = EDGE_CURVE('',#4309,#4317,#4319,.T.);
#4317 = VERTEX_POINT('',#4318);
#4318 = CARTESIAN_POINT('',(83.,52.5,14.));
#4319 = LINE('',#4320,#4321);
#4320 = CARTESIAN_POINT('',(83.,-98.,14.));
#4321 = VECTOR('',#4322,1.);
#4322 = DIRECTION('',(0.,1.,0.));
#4323 = ORIENTED_EDGE('',*,*,#4324,.F.);
#4324 = EDGE_CURVE('',#4325,#4317,#4327,.T.);
#4325 = VERTEX_POINT('',#4326);
#4326 = CARTESIAN_POINT('',(76.645808232895,52.5,14.));
#4327 = LINE('',#4328,#4329);
#4328 = CARTESIAN_POINT('',(-88.,52.5,14.));
#4329 = VECTOR('',#4330,1.);
#4330 = DIRECTION('',(1.,0.,0.));
#4331 = ORIENTED_EDGE('',*,*,#4332,.F.);
#4332 = EDGE_CURVE('',#4333,#4325,#4335,.T.);
#4333 = VERTEX_POINT('',#4334);
#4334 = CARTESIAN_POINT('',(59.354191767105,52.5,14.));
#4335 = CIRCLE('',#4336,9.);
#4336 = AXIS2_PLACEMENT_3D('',#4337,#4338,#4339);
#4337 = CARTESIAN_POINT('',(68.,55.,14.));
#4338 = DIRECTION('',(0.,0.,1.));
#4339 = DIRECTION('',(1.,0.,0.));
#4340 = ORIENTED_EDGE('',*,*,#4341,.F.);
#4341 = EDGE_CURVE('',#4342,#4333,#4344,.T.);
#4342 = VERTEX_POINT('',#4343);
#4343 = CARTESIAN_POINT('',(32.5,52.5,14.));
#4344 = LINE('',#4345,#4346);
#4345 = CARTESIAN_POINT('',(-88.,52.5,14.));
#4346 = VECTOR('',#4347,1.);
#4347 = DIRECTION('',(1.,0.,0.));
#4348 = ORIENTED_EDGE('',*,*,#4349,.F.);
#4349 = EDGE_CURVE('',#4350,#4342,#4352,.T.);
#4350 = VERTEX_POINT('',#4351);
#4351 = CARTESIAN_POINT('',(32.5,54.5,14.));
#4352 = LINE('',#4353,#4354);
#4353 = CARTESIAN_POINT('',(32.5,17.75,14.));
#4354 = VECTOR('',#4355,1.);
#4355 = DIRECTION('',(0.,-1.,0.));
#4356 = ORIENTED_EDGE('',*,*,#4357,.F.);
#4357 = EDGE_CURVE('',#4358,#4350,#4360,.T.);
#4358 = VERTEX_POINT('',#4359);
#4359 = CARTESIAN_POINT('',(27.5,54.5,14.));
#4360 = CIRCLE('',#4361,2.5);
#4361 = AXIS2_PLACEMENT_3D('',#4362,#4363,#4364);
#4362 = CARTESIAN_POINT('',(30.,54.5,14.));
#4363 = DIRECTION('',(0.,0.,-1.));
#4364 = DIRECTION('',(1.,0.,0.));
#4365 = ORIENTED_EDGE('',*,*,#4366,.T.);
#4366 = EDGE_CURVE('',#4358,#4367,#4369,.T.);
#4367 = VERTEX_POINT('',#4368);
#4368 = CARTESIAN_POINT('',(27.5,52.5,14.));
#4369 = LINE('',#4370,#4371);
#4370 = CARTESIAN_POINT('',(27.5,17.75,14.));
#4371 = VECTOR('',#4372,1.);
#4372 = DIRECTION('',(0.,-1.,0.));
#4373 = ORIENTED_EDGE('',*,*,#4374,.F.);
#4374 = EDGE_CURVE('',#4375,#4367,#4377,.T.);
#4375 = VERTEX_POINT('',#4376);
#4376 = CARTESIAN_POINT('',(20.5,52.5,14.));
#4377 = LINE('',#4378,#4379);
#4378 = CARTESIAN_POINT('',(-88.,52.5,14.));
#4379 = VECTOR('',#4380,1.);
#4380 = DIRECTION('',(1.,0.,0.));
#4381 = ORIENTED_EDGE('',*,*,#4382,.F.);
#4382 = EDGE_CURVE('',#4383,#4375,#4385,.T.);
#4383 = VERTEX_POINT('',#4384);
#4384 = CARTESIAN_POINT('',(20.5,54.5,14.));
#4385 = LINE('',#4386,#4387);
#4386 = CARTESIAN_POINT('',(20.5,17.75,14.));
#4387 = VECTOR('',#4388,1.);
#4388 = DIRECTION('',(0.,-1.,0.));
#4389 = ORIENTED_EDGE('',*,*,#4390,.F.);
#4390 = EDGE_CURVE('',#4391,#4383,#4393,.T.);
#4391 = VERTEX_POINT('',#4392);
#4392 = CARTESIAN_POINT('',(15.5,54.5,14.));
#4393 = CIRCLE('',#4394,2.5);
#4394 = AXIS2_PLACEMENT_3D('',#4395,#4396,#4397);
#4395 = CARTESIAN_POINT('',(18.,54.5,14.));
#4396 = DIRECTION('',(0.,0.,-1.));
#4397 = DIRECTION('',(1.,0.,0.));
#4398 = ORIENTED_EDGE('',*,*,#4399,.T.);
#4399 = EDGE_CURVE('',#4391,#4276,#4400,.T.);
#4400 = LINE('',#4401,#4402);
#4401 = CARTESIAN_POINT('',(15.5,17.75,14.));
#4402 = VECTOR('',#4403,1.);
#4403 = DIRECTION('',(0.,-1.,0.));
#4404 = FACE_BOUND('',#4405,.T.);
#4405 = EDGE_LOOP('',(#4406));
#4406 = ORIENTED_EDGE('',*,*,#4407,.F.);
#4407 = EDGE_CURVE('',#4408,#4408,#4410,.T.);
#4408 = VERTEX_POINT('',#4409);
#4409 = CARTESIAN_POINT('',(70.3,55.,14.));
#4410 = CIRCLE('',#4411,2.3);
#4411 = AXIS2_PLACEMENT_3D('',#4412,#4413,#4414);
#4412 = CARTESIAN_POINT('',(68.,55.,14.));
#4413 = DIRECTION('',(0.,0.,-1.));
#4414 = DIRECTION('',(1.,0.,0.));
#4415 = FACE_BOUND('',#4416,.T.);
#4416 = EDGE_LOOP('',(#4417));
#4417 = ORIENTED_EDGE('',*,*,#4418,.F.);
#4418 = EDGE_CURVE('',#4419,#4419,#4421,.T.);
#4419 = VERTEX_POINT('',#4420);
#4420 = CARTESIAN_POINT('',(-65.7,55.,14.));
#4421 = CIRCLE('',#4422,2.3);
#4422 = AXIS2_PLACEMENT_3D('',#4423,#4424,#4425);
#4423 = CARTESIAN_POINT('',(-68.,55.,14.));
#4424 = DIRECTION('',(0.,0.,-1.));
#4425 = DIRECTION('',(1.,0.,0.));
#4426 = PLANE('',#4427);
#4427 = AXIS2_PLACEMENT_3D('',#4428,#4429,#4430);
#4428 = CARTESIAN_POINT('',(-1.670586406799E-15,-3.341172813597E-15,14.)
  );
#4429 = DIRECTION('',(-0.,-0.,-1.));
#4430 = DIRECTION('',(-1.,0.,0.));
#4431 = ADVANCED_FACE('',(#4432),#4438,.F.);
#4432 = FACE_BOUND('',#4433,.F.);
#4433 = EDGE_LOOP('',(#4434,#4435,#4436,#4437));
#4434 = ORIENTED_EDGE('',*,*,#1055,.F.);
#4435 = ORIENTED_EDGE('',*,*,#4048,.F.);
#4436 = ORIENTED_EDGE('',*,*,#1132,.T.);
#4437 = ORIENTED_EDGE('',*,*,#3586,.F.);
#4438 = PLANE('',#4439);
#4439 = AXIS2_PLACEMENT_3D('',#4440,#4441,#4442);
#4440 = CARTESIAN_POINT('',(-85.5,-74.5,-1.));
#4441 = DIRECTION('',(1.,0.,0.));
#4442 = DIRECTION('',(0.,0.,1.));
#4443 = ADVANCED_FACE('',(#4444),#4450,.F.);
#4444 = FACE_BOUND('',#4445,.F.);
#4445 = EDGE_LOOP('',(#4446,#4447,#4448,#4449));
#4446 = ORIENTED_EDGE('',*,*,#1187,.F.);
#4447 = ORIENTED_EDGE('',*,*,#4057,.F.);
#4448 = ORIENTED_EDGE('',*,*,#1264,.T.);
#4449 = ORIENTED_EDGE('',*,*,#3644,.F.);
#4450 = PLANE('',#4451);
#4451 = AXIS2_PLACEMENT_3D('',#4452,#4453,#4454);
#4452 = CARTESIAN_POINT('',(-85.5,-34.5,-1.));
#4453 = DIRECTION('',(1.,0.,0.));
#4454 = DIRECTION('',(0.,0.,1.));
#4455 = ADVANCED_FACE('',(#4456),#4462,.F.);
#4456 = FACE_BOUND('',#4457,.F.);
#4457 = EDGE_LOOP('',(#4458,#4459,#4460,#4461));
#4458 = ORIENTED_EDGE('',*,*,#1319,.F.);
#4459 = ORIENTED_EDGE('',*,*,#4066,.F.);
#4460 = ORIENTED_EDGE('',*,*,#1396,.T.);
#4461 = ORIENTED_EDGE('',*,*,#3892,.F.);
#4462 = PLANE('',#4463);
#4463 = AXIS2_PLACEMENT_3D('',#4464,#4465,#4466);
#4464 = CARTESIAN_POINT('',(-85.5,35.5,-1.));
#4465 = DIRECTION('',(1.,0.,0.));
#4466 = DIRECTION('',(0.,0.,1.));
#4467 = ADVANCED_FACE('',(#4468),#4474,.F.);
#4468 = FACE_BOUND('',#4469,.F.);
#4469 = EDGE_LOOP('',(#4470,#4471,#4472,#4473));
#4470 = ORIENTED_EDGE('',*,*,#1451,.F.);
#4471 = ORIENTED_EDGE('',*,*,#4075,.F.);
#4472 = ORIENTED_EDGE('',*,*,#1528,.T.);
#4473 = ORIENTED_EDGE('',*,*,#3914,.F.);
#4474 = PLANE('',#4475);
#4475 = AXIS2_PLACEMENT_3D('',#4476,#4477,#4478);
#4476 = CARTESIAN_POINT('',(-85.5,75.5,-1.));
#4477 = DIRECTION('',(1.,0.,0.));
#4478 = DIRECTION('',(0.,0.,1.));
#4479 = ADVANCED_FACE('',(#4480),#4486,.T.);
#4480 = FACE_BOUND('',#4481,.T.);
#4481 = EDGE_LOOP('',(#4482,#4483,#4484,#4485));
#4482 = ORIENTED_EDGE('',*,*,#2006,.F.);
#4483 = ORIENTED_EDGE('',*,*,#4098,.F.);
#4484 = ORIENTED_EDGE('',*,*,#1939,.T.);
#4485 = ORIENTED_EDGE('',*,*,#4029,.F.);
#4486 = PLANE('',#4487);
#4487 = AXIS2_PLACEMENT_3D('',#4488,#4489,#4490);
#4488 = CARTESIAN_POINT('',(85.5,75.5,-1.));
#4489 = DIRECTION('',(1.,0.,0.));
#4490 = DIRECTION('',(0.,0.,1.));
#4491 = ADVANCED_FACE('',(#4492),#4498,.T.);
#4492 = FACE_BOUND('',#4493,.T.);
#4493 = EDGE_LOOP('',(#4494,#4495,#4496,#4497));
#4494 = ORIENTED_EDGE('',*,*,#2138,.F.);
#4495 = ORIENTED_EDGE('',*,*,#4107,.F.);
#4496 = ORIENTED_EDGE('',*,*,#2071,.T.);
#4497 = ORIENTED_EDGE('',*,*,#3995,.F.);
#4498 = PLANE('',#4499);
#4499 = AXIS2_PLACEMENT_3D('',#4500,#4501,#4502);
#4500 = CARTESIAN_POINT('',(85.5,35.5,-1.));
#4501 = DIRECTION('',(1.,0.,0.));
#4502 = DIRECTION('',(0.,0.,1.));
#4503 = ADVANCED_FACE('',(#4504),#4510,.T.);
#4504 = FACE_BOUND('',#4505,.T.);
#4505 = EDGE_LOOP('',(#4506,#4507,#4508,#4509));
#4506 = ORIENTED_EDGE('',*,*,#2270,.F.);
#4507 = ORIENTED_EDGE('',*,*,#4116,.F.);
#4508 = ORIENTED_EDGE('',*,*,#2203,.T.);
#4509 = ORIENTED_EDGE('',*,*,#3879,.F.);
#4510 = PLANE('',#4511);
#4511 = AXIS2_PLACEMENT_3D('',#4512,#4513,#4514);
#4512 = CARTESIAN_POINT('',(85.5,-34.5,-1.));
#4513 = DIRECTION('',(1.,0.,0.));
#4514 = DIRECTION('',(0.,0.,1.));
#4515 = ADVANCED_FACE('',(#4516),#4522,.T.);
#4516 = FACE_BOUND('',#4517,.T.);
#4517 = EDGE_LOOP('',(#4518,#4519,#4520,#4521));
#4518 = ORIENTED_EDGE('',*,*,#2402,.F.);
#4519 = ORIENTED_EDGE('',*,*,#4125,.F.);
#4520 = ORIENTED_EDGE('',*,*,#2335,.T.);
#4521 = ORIENTED_EDGE('',*,*,#3785,.F.);
#4522 = PLANE('',#4523);
#4523 = AXIS2_PLACEMENT_3D('',#4524,#4525,#4526);
#4524 = CARTESIAN_POINT('',(85.5,-74.5,-1.));
#4525 = DIRECTION('',(1.,0.,0.));
#4526 = DIRECTION('',(0.,0.,1.));
#4527 = ADVANCED_FACE('',(#4528),#4534,.F.);
#4528 = FACE_BOUND('',#4529,.T.);
#4529 = EDGE_LOOP('',(#4530,#4531,#4532,#4533));
#4530 = ORIENTED_EDGE('',*,*,#4139,.T.);
#4531 = ORIENTED_EDGE('',*,*,#2588,.T.);
#4532 = ORIENTED_EDGE('',*,*,#3774,.F.);
#4533 = ORIENTED_EDGE('',*,*,#2653,.F.);
#4534 = CYLINDRICAL_SURFACE('',#4535,2.5);
#4535 = AXIS2_PLACEMENT_3D('',#4536,#4537,#4538);
#4536 = CARTESIAN_POINT('',(30.,-55.5,-1.));
#4537 = DIRECTION('',(-0.,-0.,-1.));
#4538 = DIRECTION('',(1.,0.,0.));
#4539 = ADVANCED_FACE('',(#4540),#4546,.F.);
#4540 = FACE_BOUND('',#4541,.T.);
#4541 = EDGE_LOOP('',(#4542,#4543,#4544,#4545));
#4542 = ORIENTED_EDGE('',*,*,#4149,.T.);
#4543 = ORIENTED_EDGE('',*,*,#2717,.T.);
#4544 = ORIENTED_EDGE('',*,*,#3762,.F.);
#4545 = ORIENTED_EDGE('',*,*,#2782,.F.);
#4546 = CYLINDRICAL_SURFACE('',#4547,2.5);
#4547 = AXIS2_PLACEMENT_3D('',#4548,#4549,#4550);
#4548 = CARTESIAN_POINT('',(18.,-55.5,-1.));
#4549 = DIRECTION('',(-0.,-0.,-1.));
#4550 = DIRECTION('',(1.,0.,0.));
#4551 = ADVANCED_FACE('',(#4552),#4590,.F.);
#4552 = FACE_BOUND('',#4553,.T.);
#4553 = EDGE_LOOP('',(#4554,#4555,#4556,#4557,#4558,#4567,#4575,#4584));
#4554 = ORIENTED_EDGE('',*,*,#4163,.T.);
#4555 = ORIENTED_EDGE('',*,*,#2942,.T.);
#4556 = ORIENTED_EDGE('',*,*,#3631,.F.);
#4557 = ORIENTED_EDGE('',*,*,#3007,.F.);
#4558 = ORIENTED_EDGE('',*,*,#4559,.T.);
#4559 = EDGE_CURVE('',#3000,#4560,#4562,.T.);
#4560 = VERTEX_POINT('',#4561);
#4561 = CARTESIAN_POINT('',(-24.59807621135,-52.5,14.));
#4562 = CIRCLE('',#4563,3.);
#4563 = AXIS2_PLACEMENT_3D('',#4564,#4565,#4566);
#4564 = CARTESIAN_POINT('',(-22.,-54.,14.));
#4565 = DIRECTION('',(0.,0.,-1.));
#4566 = DIRECTION('',(1.,0.,0.));
#4567 = ORIENTED_EDGE('',*,*,#4568,.F.);
#4568 = EDGE_CURVE('',#4569,#4560,#4571,.T.);
#4569 = VERTEX_POINT('',#4570);
#4570 = CARTESIAN_POINT('',(-24.59807621135,-52.5,20.));
#4571 = LINE('',#4572,#4573);
#4572 = CARTESIAN_POINT('',(-24.59807621135,-52.5,-1.));
#4573 = VECTOR('',#4574,1.);
#4574 = DIRECTION('',(-0.,-0.,-1.));
#4575 = ORIENTED_EDGE('',*,*,#4576,.T.);
#4576 = EDGE_CURVE('',#4569,#4577,#4579,.T.);
#4577 = VERTEX_POINT('',#4578);
#4578 = CARTESIAN_POINT('',(-19.40192378864,-52.5,20.));
#4579 = CIRCLE('',#4580,3.);
#4580 = AXIS2_PLACEMENT_3D('',#4581,#4582,#4583);
#4581 = CARTESIAN_POINT('',(-22.,-54.,20.));
#4582 = DIRECTION('',(0.,0.,-1.));
#4583 = DIRECTION('',(1.,0.,0.));
#4584 = ORIENTED_EDGE('',*,*,#4585,.T.);
#4585 = EDGE_CURVE('',#4577,#4164,#4586,.T.);
#4586 = LINE('',#4587,#4588);
#4587 = CARTESIAN_POINT('',(-19.40192378864,-52.5,-1.));
#4588 = VECTOR('',#4589,1.);
#4589 = DIRECTION('',(-0.,-0.,-1.));
#4590 = CYLINDRICAL_SURFACE('',#4591,3.);
#4591 = AXIS2_PLACEMENT_3D('',#4592,#4593,#4594);
#4592 = CARTESIAN_POINT('',(-22.,-54.,-1.));
#4593 = DIRECTION('',(-0.,-0.,-1.));
#4594 = DIRECTION('',(1.,0.,0.));
#4595 = ADVANCED_FACE('',(#4596),#4617,.T.);
#4596 = FACE_BOUND('',#4597,.T.);
#4597 = EDGE_LOOP('',(#4598,#4599,#4600,#4609,#4615,#4616));
#4598 = ORIENTED_EDGE('',*,*,#3029,.F.);
#4599 = ORIENTED_EDGE('',*,*,#3063,.F.);
#4600 = ORIENTED_EDGE('',*,*,#4601,.F.);
#4601 = EDGE_CURVE('',#4602,#3064,#4604,.T.);
#4602 = VERTEX_POINT('',#4603);
#4603 = CARTESIAN_POINT('',(-37.40192378864,-52.5,14.));
#4604 = CIRCLE('',#4605,3.);
#4605 = AXIS2_PLACEMENT_3D('',#4606,#4607,#4608);
#4606 = CARTESIAN_POINT('',(-40.,-54.,14.));
#4607 = DIRECTION('',(0.,0.,-1.));
#4608 = DIRECTION('',(1.,0.,0.));
#4609 = ORIENTED_EDGE('',*,*,#4610,.T.);
#4610 = EDGE_CURVE('',#4602,#4560,#4611,.T.);
#4611 = LINE('',#4612,#4613);
#4612 = CARTESIAN_POINT('',(-88.,-52.5,14.));
#4613 = VECTOR('',#4614,1.);
#4614 = DIRECTION('',(1.,0.,0.));
#4615 = ORIENTED_EDGE('',*,*,#4559,.F.);
#4616 = ORIENTED_EDGE('',*,*,#2999,.T.);
#4617 = PLANE('',#4618);
#4618 = AXIS2_PLACEMENT_3D('',#4619,#4620,#4621);
#4619 = CARTESIAN_POINT('',(-1.670586406799E-15,-3.341172813597E-15,14.)
  );
#4620 = DIRECTION('',(-0.,-0.,-1.));
#4621 = DIRECTION('',(-1.,0.,0.));
#4622 = ADVANCED_FACE('',(#4623),#4661,.F.);
#4623 = FACE_BOUND('',#4624,.T.);
#4624 = EDGE_LOOP('',(#4625,#4626,#4627,#4628,#4629,#4638,#4646,#4655));
#4625 = ORIENTED_EDGE('',*,*,#4601,.T.);
#4626 = ORIENTED_EDGE('',*,*,#3071,.T.);
#4627 = ORIENTED_EDGE('',*,*,#3619,.F.);
#4628 = ORIENTED_EDGE('',*,*,#3136,.F.);
#4629 = ORIENTED_EDGE('',*,*,#4630,.T.);
#4630 = EDGE_CURVE('',#3129,#4631,#4633,.T.);
#4631 = VERTEX_POINT('',#4632);
#4632 = CARTESIAN_POINT('',(-42.59807621135,-52.5,14.));
#4633 = CIRCLE('',#4634,3.);
#4634 = AXIS2_PLACEMENT_3D('',#4635,#4636,#4637);
#4635 = CARTESIAN_POINT('',(-40.,-54.,14.));
#4636 = DIRECTION('',(0.,0.,-1.));
#4637 = DIRECTION('',(1.,0.,0.));
#4638 = ORIENTED_EDGE('',*,*,#4639,.F.);
#4639 = EDGE_CURVE('',#4640,#4631,#4642,.T.);
#4640 = VERTEX_POINT('',#4641);
#4641 = CARTESIAN_POINT('',(-42.59807621135,-52.5,20.));
#4642 = LINE('',#4643,#4644);
#4643 = CARTESIAN_POINT('',(-42.59807621135,-52.5,-1.));
#4644 = VECTOR('',#4645,1.);
#4645 = DIRECTION('',(-0.,-0.,-1.));
#4646 = ORIENTED_EDGE('',*,*,#4647,.T.);
#4647 = EDGE_CURVE('',#4640,#4648,#4650,.T.);
#4648 = VERTEX_POINT('',#4649);
#4649 = CARTESIAN_POINT('',(-37.40192378864,-52.5,20.));
#4650 = CIRCLE('',#4651,3.);
#4651 = AXIS2_PLACEMENT_3D('',#4652,#4653,#4654);
#4652 = CARTESIAN_POINT('',(-40.,-54.,20.));
#4653 = DIRECTION('',(0.,0.,-1.));
#4654 = DIRECTION('',(1.,0.,0.));
#4655 = ORIENTED_EDGE('',*,*,#4656,.T.);
#4656 = EDGE_CURVE('',#4648,#4602,#4657,.T.);
#4657 = LINE('',#4658,#4659);
#4658 = CARTESIAN_POINT('',(-37.40192378864,-52.5,-1.));
#4659 = VECTOR('',#4660,1.);
#4660 = DIRECTION('',(-0.,-0.,-1.));
#4661 = CYLINDRICAL_SURFACE('',#4662,3.);
#4662 = AXIS2_PLACEMENT_3D('',#4663,#4664,#4665);
#4663 = CARTESIAN_POINT('',(-40.,-54.,-1.));
#4664 = DIRECTION('',(-0.,-0.,-1.));
#4665 = DIRECTION('',(1.,0.,0.));
#4666 = ADVANCED_FACE('',(#4667),#4688,.T.);
#4667 = FACE_BOUND('',#4668,.T.);
#4668 = EDGE_LOOP('',(#4669,#4670,#4671,#4680,#4686,#4687));
#4669 = ORIENTED_EDGE('',*,*,#3158,.F.);
#4670 = ORIENTED_EDGE('',*,*,#3192,.F.);
#4671 = ORIENTED_EDGE('',*,*,#4672,.F.);
#4672 = EDGE_CURVE('',#4673,#3193,#4675,.T.);
#4673 = VERTEX_POINT('',#4674);
#4674 = CARTESIAN_POINT('',(-55.40192378864,-52.5,14.));
#4675 = CIRCLE('',#4676,3.);
#4676 = AXIS2_PLACEMENT_3D('',#4677,#4678,#4679);
#4677 = CARTESIAN_POINT('',(-58.,-54.,14.));
#4678 = DIRECTION('',(0.,0.,-1.));
#4679 = DIRECTION('',(1.,0.,0.));
#4680 = ORIENTED_EDGE('',*,*,#4681,.T.);
#4681 = EDGE_CURVE('',#4673,#4631,#4682,.T.);
#4682 = LINE('',#4683,#4684);
#4683 = CARTESIAN_POINT('',(-88.,-52.5,14.));
#4684 = VECTOR('',#4685,1.);
#4685 = DIRECTION('',(1.,0.,0.));
#4686 = ORIENTED_EDGE('',*,*,#4630,.F.);
#4687 = ORIENTED_EDGE('',*,*,#3128,.T.);
#4688 = PLANE('',#4689);
#4689 = AXIS2_PLACEMENT_3D('',#4690,#4691,#4692);
#4690 = CARTESIAN_POINT('',(-1.670586406799E-15,-3.341172813597E-15,14.)
  );
#4691 = DIRECTION('',(-0.,-0.,-1.));
#4692 = DIRECTION('',(-1.,0.,0.));
#4693 = ADVANCED_FACE('',(#4694),#4724,.F.);
#4694 = FACE_BOUND('',#4695,.T.);
#4695 = EDGE_LOOP('',(#4696,#4697,#4698,#4699,#4700,#4701,#4709,#4718));
#4696 = ORIENTED_EDGE('',*,*,#4672,.T.);
#4697 = ORIENTED_EDGE('',*,*,#3200,.T.);
#4698 = ORIENTED_EDGE('',*,*,#3596,.F.);
#4699 = ORIENTED_EDGE('',*,*,#3265,.F.);
#4700 = ORIENTED_EDGE('',*,*,#4238,.T.);
#4701 = ORIENTED_EDGE('',*,*,#4702,.F.);
#4702 = EDGE_CURVE('',#4703,#4230,#4705,.T.);
#4703 = VERTEX_POINT('',#4704);
#4704 = CARTESIAN_POINT('',(-59.69736514629,-51.52634853705,20.));
#4705 = LINE('',#4706,#4707);
#4706 = CARTESIAN_POINT('',(-59.69736514629,-51.52634853705,14.));
#4707 = VECTOR('',#4708,1.);
#4708 = DIRECTION('',(-0.,-0.,-1.));
#4709 = ORIENTED_EDGE('',*,*,#4710,.T.);
#4710 = EDGE_CURVE('',#4703,#4711,#4713,.T.);
#4711 = VERTEX_POINT('',#4712);
#4712 = CARTESIAN_POINT('',(-55.40192378864,-52.5,20.));
#4713 = CIRCLE('',#4714,3.);
#4714 = AXIS2_PLACEMENT_3D('',#4715,#4716,#4717);
#4715 = CARTESIAN_POINT('',(-58.,-54.,20.));
#4716 = DIRECTION('',(0.,0.,-1.));
#4717 = DIRECTION('',(1.,0.,0.));
#4718 = ORIENTED_EDGE('',*,*,#4719,.T.);
#4719 = EDGE_CURVE('',#4711,#4673,#4720,.T.);
#4720 = LINE('',#4721,#4722);
#4721 = CARTESIAN_POINT('',(-55.40192378864,-52.5,-1.));
#4722 = VECTOR('',#4723,1.);
#4723 = DIRECTION('',(-0.,-0.,-1.));
#4724 = CYLINDRICAL_SURFACE('',#4725,3.);
#4725 = AXIS2_PLACEMENT_3D('',#4726,#4727,#4728);
#4726 = CARTESIAN_POINT('',(-58.,-54.,-1.));
#4727 = DIRECTION('',(-0.,-0.,-1.));
#4728 = DIRECTION('',(1.,0.,0.));
#4729 = ADVANCED_FACE('',(#4730),#4741,.F.);
#4730 = FACE_BOUND('',#4731,.T.);
#4731 = EDGE_LOOP('',(#4732,#4733,#4739,#4740));
#4732 = ORIENTED_EDGE('',*,*,#4262,.T.);
#4733 = ORIENTED_EDGE('',*,*,#4734,.T.);
#4734 = EDGE_CURVE('',#4263,#3607,#4735,.T.);
#4735 = LINE('',#4736,#4737);
#4736 = CARTESIAN_POINT('',(-65.7,-55.,-1.));
#4737 = VECTOR('',#4738,1.);
#4738 = DIRECTION('',(0.,0.,1.));
#4739 = ORIENTED_EDGE('',*,*,#3606,.F.);
#4740 = ORIENTED_EDGE('',*,*,#4734,.F.);
#4741 = CYLINDRICAL_SURFACE('',#4742,2.3);
#4742 = AXIS2_PLACEMENT_3D('',#4743,#4744,#4745);
#4743 = CARTESIAN_POINT('',(-68.,-55.,-1.));
#4744 = DIRECTION('',(-0.,-0.,-1.));
#4745 = DIRECTION('',(1.,0.,0.));
#4746 = ADVANCED_FACE('',(#4747),#4773,.F.);
#4747 = FACE_BOUND('',#4748,.T.);
#4748 = EDGE_LOOP('',(#4749,#4757,#4766,#4772));
#4749 = ORIENTED_EDGE('',*,*,#4750,.F.);
#4750 = EDGE_CURVE('',#4751,#3653,#4753,.T.);
#4751 = VERTEX_POINT('',#4752);
#4752 = CARTESIAN_POINT('',(-55.,-36.,20.));
#4753 = LINE('',#4754,#4755);
#4754 = CARTESIAN_POINT('',(-55.,-36.,-1.));
#4755 = VECTOR('',#4756,1.);
#4756 = DIRECTION('',(0.,0.,1.));
#4757 = ORIENTED_EDGE('',*,*,#4758,.T.);
#4758 = EDGE_CURVE('',#4751,#4759,#4761,.T.);
#4759 = VERTEX_POINT('',#4760);
#4760 = CARTESIAN_POINT('',(-61.,-36.,20.));
#4761 = CIRCLE('',#4762,3.);
#4762 = AXIS2_PLACEMENT_3D('',#4763,#4764,#4765);
#4763 = CARTESIAN_POINT('',(-58.,-36.,20.));
#4764 = DIRECTION('',(0.,0.,-1.));
#4765 = DIRECTION('',(1.,0.,0.));
#4766 = ORIENTED_EDGE('',*,*,#4767,.T.);
#4767 = EDGE_CURVE('',#4759,#3655,#4768,.T.);
#4768 = LINE('',#4769,#4770);
#4769 = CARTESIAN_POINT('',(-61.,-36.,-1.));
#4770 = VECTOR('',#4771,1.);
#4771 = DIRECTION('',(0.,0.,1.));
#4772 = ORIENTED_EDGE('',*,*,#3652,.F.);
#4773 = CYLINDRICAL_SURFACE('',#4774,3.);
#4774 = AXIS2_PLACEMENT_3D('',#4775,#4776,#4777);
#4775 = CARTESIAN_POINT('',(-58.,-36.,-1.));
#4776 = DIRECTION('',(-0.,-0.,-1.));
#4777 = DIRECTION('',(1.,0.,0.));
#4778 = ADVANCED_FACE('',(#4779),#4797,.F.);
#4779 = FACE_BOUND('',#4780,.F.);
#4780 = EDGE_LOOP('',(#4781,#4782,#4790,#4796));
#4781 = ORIENTED_EDGE('',*,*,#4750,.F.);
#4782 = ORIENTED_EDGE('',*,*,#4783,.F.);
#4783 = EDGE_CURVE('',#4784,#4751,#4786,.T.);
#4784 = VERTEX_POINT('',#4785);
#4785 = CARTESIAN_POINT('',(-55.,-14.,20.));
#4786 = LINE('',#4787,#4788);
#4787 = CARTESIAN_POINT('',(-55.,-18.,20.));
#4788 = VECTOR('',#4789,1.);
#4789 = DIRECTION('',(0.,-1.,0.));
#4790 = ORIENTED_EDGE('',*,*,#4791,.T.);
#4791 = EDGE_CURVE('',#4784,#3672,#4792,.T.);
#4792 = LINE('',#4793,#4794);
#4793 = CARTESIAN_POINT('',(-55.,-14.,-1.));
#4794 = VECTOR('',#4795,1.);
#4795 = DIRECTION('',(0.,0.,1.));
#4796 = ORIENTED_EDGE('',*,*,#3680,.F.);
#4797 = PLANE('',#4798);
#4798 = AXIS2_PLACEMENT_3D('',#4799,#4800,#4801);
#4799 = CARTESIAN_POINT('',(-55.,-36.,-1.));
#4800 = DIRECTION('',(1.,0.,0.));
#4801 = DIRECTION('',(0.,0.,1.));
#4802 = ADVANCED_FACE('',(#4803),#4822,.F.);
#4803 = FACE_BOUND('',#4804,.T.);
#4804 = EDGE_LOOP('',(#4805,#4814,#4815,#4816));
#4805 = ORIENTED_EDGE('',*,*,#4806,.T.);
#4806 = EDGE_CURVE('',#4807,#4784,#4809,.T.);
#4807 = VERTEX_POINT('',#4808);
#4808 = CARTESIAN_POINT('',(-61.,-14.,20.));
#4809 = CIRCLE('',#4810,3.);
#4810 = AXIS2_PLACEMENT_3D('',#4811,#4812,#4813);
#4811 = CARTESIAN_POINT('',(-58.,-14.,20.));
#4812 = DIRECTION('',(0.,0.,-1.));
#4813 = DIRECTION('',(1.,0.,0.));
#4814 = ORIENTED_EDGE('',*,*,#4791,.T.);
#4815 = ORIENTED_EDGE('',*,*,#3671,.F.);
#4816 = ORIENTED_EDGE('',*,*,#4817,.F.);
#4817 = EDGE_CURVE('',#4807,#3664,#4818,.T.);
#4818 = LINE('',#4819,#4820);
#4819 = CARTESIAN_POINT('',(-61.,-14.,-1.));
#4820 = VECTOR('',#4821,1.);
#4821 = DIRECTION('',(0.,0.,1.));
#4822 = CYLINDRICAL_SURFACE('',#4823,3.);
#4823 = AXIS2_PLACEMENT_3D('',#4824,#4825,#4826);
#4824 = CARTESIAN_POINT('',(-58.,-14.,-1.));
#4825 = DIRECTION('',(-0.,-0.,-1.));
#4826 = DIRECTION('',(1.,0.,0.));
#4827 = ADVANCED_FACE('',(#4828),#4839,.T.);
#4828 = FACE_BOUND('',#4829,.T.);
#4829 = EDGE_LOOP('',(#4830,#4831,#4837,#4838));
#4830 = ORIENTED_EDGE('',*,*,#4767,.F.);
#4831 = ORIENTED_EDGE('',*,*,#4832,.F.);
#4832 = EDGE_CURVE('',#4807,#4759,#4833,.T.);
#4833 = LINE('',#4834,#4835);
#4834 = CARTESIAN_POINT('',(-61.,-18.,20.));
#4835 = VECTOR('',#4836,1.);
#4836 = DIRECTION('',(0.,-1.,0.));
#4837 = ORIENTED_EDGE('',*,*,#4817,.T.);
#4838 = ORIENTED_EDGE('',*,*,#3663,.F.);
#4839 = PLANE('',#4840);
#4840 = AXIS2_PLACEMENT_3D('',#4841,#4842,#4843);
#4841 = CARTESIAN_POINT('',(-61.,-36.,-1.));
#4842 = DIRECTION('',(1.,0.,0.));
#4843 = DIRECTION('',(0.,0.,1.));
#4844 = ADVANCED_FACE('',(#4845),#4871,.F.);
#4845 = FACE_BOUND('',#4846,.T.);
#4846 = EDGE_LOOP('',(#4847,#4855,#4864,#4870));
#4847 = ORIENTED_EDGE('',*,*,#4848,.F.);
#4848 = EDGE_CURVE('',#4849,#3689,#4851,.T.);
#4849 = VERTEX_POINT('',#4850);
#4850 = CARTESIAN_POINT('',(-37.,-36.,20.));
#4851 = LINE('',#4852,#4853);
#4852 = CARTESIAN_POINT('',(-37.,-36.,-1.));
#4853 = VECTOR('',#4854,1.);
#4854 = DIRECTION('',(0.,0.,1.));
#4855 = ORIENTED_EDGE('',*,*,#4856,.T.);
#4856 = EDGE_CURVE('',#4849,#4857,#4859,.T.);
#4857 = VERTEX_POINT('',#4858);
#4858 = CARTESIAN_POINT('',(-43.,-36.,20.));
#4859 = CIRCLE('',#4860,3.);
#4860 = AXIS2_PLACEMENT_3D('',#4861,#4862,#4863);
#4861 = CARTESIAN_POINT('',(-40.,-36.,20.));
#4862 = DIRECTION('',(0.,0.,-1.));
#4863 = DIRECTION('',(1.,0.,0.));
#4864 = ORIENTED_EDGE('',*,*,#4865,.T.);
#4865 = EDGE_CURVE('',#4857,#3691,#4866,.T.);
#4866 = LINE('',#4867,#4868);
#4867 = CARTESIAN_POINT('',(-43.,-36.,-1.));
#4868 = VECTOR('',#4869,1.);
#4869 = DIRECTION('',(0.,0.,1.));
#4870 = ORIENTED_EDGE('',*,*,#3688,.F.);
#4871 = CYLINDRICAL_SURFACE('',#4872,3.);
#4872 = AXIS2_PLACEMENT_3D('',#4873,#4874,#4875);
#4873 = CARTESIAN_POINT('',(-40.,-36.,-1.));
#4874 = DIRECTION('',(-0.,-0.,-1.));
#4875 = DIRECTION('',(1.,0.,0.));
#4876 = ADVANCED_FACE('',(#4877),#4895,.F.);
#4877 = FACE_BOUND('',#4878,.F.);
#4878 = EDGE_LOOP('',(#4879,#4880,#4888,#4894));
#4879 = ORIENTED_EDGE('',*,*,#4848,.F.);
#4880 = ORIENTED_EDGE('',*,*,#4881,.F.);
#4881 = EDGE_CURVE('',#4882,#4849,#4884,.T.);
#4882 = VERTEX_POINT('',#4883);
#4883 = CARTESIAN_POINT('',(-37.,-14.,20.));
#4884 = LINE('',#4885,#4886);
#4885 = CARTESIAN_POINT('',(-37.,-18.,20.));
#4886 = VECTOR('',#4887,1.);
#4887 = DIRECTION('',(0.,-1.,0.));
#4888 = ORIENTED_EDGE('',*,*,#4889,.T.);
#4889 = EDGE_CURVE('',#4882,#3708,#4890,.T.);
#4890 = LINE('',#4891,#4892);
#4891 = CARTESIAN_POINT('',(-37.,-14.,-1.));
#4892 = VECTOR('',#4893,1.);
#4893 = DIRECTION('',(0.,0.,1.));
#4894 = ORIENTED_EDGE('',*,*,#3716,.F.);
#4895 = PLANE('',#4896);
#4896 = AXIS2_PLACEMENT_3D('',#4897,#4898,#4899);
#4897 = CARTESIAN_POINT('',(-37.,-36.,-1.));
#4898 = DIRECTION('',(1.,0.,0.));
#4899 = DIRECTION('',(0.,0.,1.));
#4900 = ADVANCED_FACE('',(#4901),#4920,.F.);
#4901 = FACE_BOUND('',#4902,.T.);
#4902 = EDGE_LOOP('',(#4903,#4912,#4913,#4914));
#4903 = ORIENTED_EDGE('',*,*,#4904,.T.);
#4904 = EDGE_CURVE('',#4905,#4882,#4907,.T.);
#4905 = VERTEX_POINT('',#4906);
#4906 = CARTESIAN_POINT('',(-43.,-14.,20.));
#4907 = CIRCLE('',#4908,3.);
#4908 = AXIS2_PLACEMENT_3D('',#4909,#4910,#4911);
#4909 = CARTESIAN_POINT('',(-40.,-14.,20.));
#4910 = DIRECTION('',(0.,0.,-1.));
#4911 = DIRECTION('',(1.,0.,0.));
#4912 = ORIENTED_EDGE('',*,*,#4889,.T.);
#4913 = ORIENTED_EDGE('',*,*,#3707,.F.);
#4914 = ORIENTED_EDGE('',*,*,#4915,.F.);
#4915 = EDGE_CURVE('',#4905,#3700,#4916,.T.);
#4916 = LINE('',#4917,#4918);
#4917 = CARTESIAN_POINT('',(-43.,-14.,-1.));
#4918 = VECTOR('',#4919,1.);
#4919 = DIRECTION('',(0.,0.,1.));
#4920 = CYLINDRICAL_SURFACE('',#4921,3.);
#4921 = AXIS2_PLACEMENT_3D('',#4922,#4923,#4924);
#4922 = CARTESIAN_POINT('',(-40.,-14.,-1.));
#4923 = DIRECTION('',(-0.,-0.,-1.));
#4924 = DIRECTION('',(1.,0.,0.));
#4925 = ADVANCED_FACE('',(#4926),#4937,.T.);
#4926 = FACE_BOUND('',#4927,.T.);
#4927 = EDGE_LOOP('',(#4928,#4929,#4935,#4936));
#4928 = ORIENTED_EDGE('',*,*,#4865,.F.);
#4929 = ORIENTED_EDGE('',*,*,#4930,.F.);
#4930 = EDGE_CURVE('',#4905,#4857,#4931,.T.);
#4931 = LINE('',#4932,#4933);
#4932 = CARTESIAN_POINT('',(-43.,-18.,20.));
#4933 = VECTOR('',#4934,1.);
#4934 = DIRECTION('',(0.,-1.,0.));
#4935 = ORIENTED_EDGE('',*,*,#4915,.T.);
#4936 = ORIENTED_EDGE('',*,*,#3699,.F.);
#4937 = PLANE('',#4938);
#4938 = AXIS2_PLACEMENT_3D('',#4939,#4940,#4941);
#4939 = CARTESIAN_POINT('',(-43.,-36.,-1.));
#4940 = DIRECTION('',(1.,0.,0.));
#4941 = DIRECTION('',(0.,0.,1.));
#4942 = ADVANCED_FACE('',(#4943),#4969,.F.);
#4943 = FACE_BOUND('',#4944,.T.);
#4944 = EDGE_LOOP('',(#4945,#4953,#4962,#4968));
#4945 = ORIENTED_EDGE('',*,*,#4946,.F.);
#4946 = EDGE_CURVE('',#4947,#3725,#4949,.T.);
#4947 = VERTEX_POINT('',#4948);
#4948 = CARTESIAN_POINT('',(-19.,-36.,20.));
#4949 = LINE('',#4950,#4951);
#4950 = CARTESIAN_POINT('',(-19.,-36.,-1.));
#4951 = VECTOR('',#4952,1.);
#4952 = DIRECTION('',(0.,0.,1.));
#4953 = ORIENTED_EDGE('',*,*,#4954,.T.);
#4954 = EDGE_CURVE('',#4947,#4955,#4957,.T.);
#4955 = VERTEX_POINT('',#4956);
#4956 = CARTESIAN_POINT('',(-25.,-36.,20.));
#4957 = CIRCLE('',#4958,3.);
#4958 = AXIS2_PLACEMENT_3D('',#4959,#4960,#4961);
#4959 = CARTESIAN_POINT('',(-22.,-36.,20.));
#4960 = DIRECTION('',(0.,0.,-1.));
#4961 = DIRECTION('',(1.,0.,0.));
#4962 = ORIENTED_EDGE('',*,*,#4963,.T.);
#4963 = EDGE_CURVE('',#4955,#3727,#4964,.T.);
#4964 = LINE('',#4965,#4966);
#4965 = CARTESIAN_POINT('',(-25.,-36.,-1.));
#4966 = VECTOR('',#4967,1.);
#4967 = DIRECTION('',(0.,0.,1.));
#4968 = ORIENTED_EDGE('',*,*,#3724,.F.);
#4969 = CYLINDRICAL_SURFACE('',#4970,3.);
#4970 = AXIS2_PLACEMENT_3D('',#4971,#4972,#4973);
#4971 = CARTESIAN_POINT('',(-22.,-36.,-1.));
#4972 = DIRECTION('',(-0.,-0.,-1.));
#4973 = DIRECTION('',(1.,0.,0.));
#4974 = ADVANCED_FACE('',(#4975),#4993,.F.);
#4975 = FACE_BOUND('',#4976,.F.);
#4976 = EDGE_LOOP('',(#4977,#4978,#4986,#4992));
#4977 = ORIENTED_EDGE('',*,*,#4946,.F.);
#4978 = ORIENTED_EDGE('',*,*,#4979,.F.);
#4979 = EDGE_CURVE('',#4980,#4947,#4982,.T.);
#4980 = VERTEX_POINT('',#4981);
#4981 = CARTESIAN_POINT('',(-19.,-14.,20.));
#4982 = LINE('',#4983,#4984);
#4983 = CARTESIAN_POINT('',(-19.,-18.,20.));
#4984 = VECTOR('',#4985,1.);
#4985 = DIRECTION('',(0.,-1.,0.));
#4986 = ORIENTED_EDGE('',*,*,#4987,.T.);
#4987 = EDGE_CURVE('',#4980,#3744,#4988,.T.);
#4988 = LINE('',#4989,#4990);
#4989 = CARTESIAN_POINT('',(-19.,-14.,-1.));
#4990 = VECTOR('',#4991,1.);
#4991 = DIRECTION('',(0.,0.,1.));
#4992 = ORIENTED_EDGE('',*,*,#3752,.F.);
#4993 = PLANE('',#4994);
#4994 = AXIS2_PLACEMENT_3D('',#4995,#4996,#4997);
#4995 = CARTESIAN_POINT('',(-19.,-36.,-1.));
#4996 = DIRECTION('',(1.,0.,0.));
#4997 = DIRECTION('',(0.,0.,1.));
#4998 = ADVANCED_FACE('',(#4999),#5018,.F.);
#4999 = FACE_BOUND('',#5000,.T.);
#5000 = EDGE_LOOP('',(#5001,#5010,#5011,#5012));
#5001 = ORIENTED_EDGE('',*,*,#5002,.T.);
#5002 = EDGE_CURVE('',#5003,#4980,#5005,.T.);
#5003 = VERTEX_POINT('',#5004);
#5004 = CARTESIAN_POINT('',(-25.,-14.,20.));
#5005 = CIRCLE('',#5006,3.);
#5006 = AXIS2_PLACEMENT_3D('',#5007,#5008,#5009);
#5007 = CARTESIAN_POINT('',(-22.,-14.,20.));
#5008 = DIRECTION('',(0.,0.,-1.));
#5009 = DIRECTION('',(1.,0.,0.));
#5010 = ORIENTED_EDGE('',*,*,#4987,.T.);
#5011 = ORIENTED_EDGE('',*,*,#3743,.F.);
#5012 = ORIENTED_EDGE('',*,*,#5013,.F.);
#5013 = EDGE_CURVE('',#5003,#3736,#5014,.T.);
#5014 = LINE('',#5015,#5016);
#5015 = CARTESIAN_POINT('',(-25.,-14.,-1.));
#5016 = VECTOR('',#5017,1.);
#5017 = DIRECTION('',(0.,0.,1.));
#5018 = CYLINDRICAL_SURFACE('',#5019,3.);
#5019 = AXIS2_PLACEMENT_3D('',#5020,#5021,#5022);
#5020 = CARTESIAN_POINT('',(-22.,-14.,-1.));
#5021 = DIRECTION('',(-0.,-0.,-1.));
#5022 = DIRECTION('',(1.,0.,0.));
#5023 = ADVANCED_FACE('',(#5024),#5035,.T.);
#5024 = FACE_BOUND('',#5025,.T.);
#5025 = EDGE_LOOP('',(#5026,#5027,#5033,#5034));
#5026 = ORIENTED_EDGE('',*,*,#4963,.F.);
#5027 = ORIENTED_EDGE('',*,*,#5028,.F.);
#5028 = EDGE_CURVE('',#5003,#4955,#5029,.T.);
#5029 = LINE('',#5030,#5031);
#5030 = CARTESIAN_POINT('',(-25.,-18.,20.));
#5031 = VECTOR('',#5032,1.);
#5032 = DIRECTION('',(0.,-1.,0.));
#5033 = ORIENTED_EDGE('',*,*,#5013,.T.);
#5034 = ORIENTED_EDGE('',*,*,#3735,.F.);
#5035 = PLANE('',#5036);
#5036 = AXIS2_PLACEMENT_3D('',#5037,#5038,#5039);
#5037 = CARTESIAN_POINT('',(-25.,-36.,-1.));
#5038 = DIRECTION('',(1.,0.,0.));
#5039 = DIRECTION('',(0.,0.,1.));
#5040 = ADVANCED_FACE('',(#5041),#5052,.F.);
#5041 = FACE_BOUND('',#5042,.T.);
#5042 = EDGE_LOOP('',(#5043,#5044,#5050,#5051));
#5043 = ORIENTED_EDGE('',*,*,#4251,.T.);
#5044 = ORIENTED_EDGE('',*,*,#5045,.T.);
#5045 = EDGE_CURVE('',#4252,#3796,#5046,.T.);
#5046 = LINE('',#5047,#5048);
#5047 = CARTESIAN_POINT('',(70.3,-55.,-1.));
#5048 = VECTOR('',#5049,1.);
#5049 = DIRECTION('',(0.,0.,1.));
#5050 = ORIENTED_EDGE('',*,*,#3795,.F.);
#5051 = ORIENTED_EDGE('',*,*,#5045,.F.);
#5052 = CYLINDRICAL_SURFACE('',#5053,2.3);
#5053 = AXIS2_PLACEMENT_3D('',#5054,#5055,#5056);
#5054 = CARTESIAN_POINT('',(68.,-55.,-1.));
#5055 = DIRECTION('',(-0.,-0.,-1.));
#5056 = DIRECTION('',(1.,0.,0.));
#5057 = ADVANCED_FACE('',(#5058),#5084,.F.);
#5058 = FACE_BOUND('',#5059,.T.);
#5059 = EDGE_LOOP('',(#5060,#5068,#5077,#5083));
#5060 = ORIENTED_EDGE('',*,*,#5061,.F.);
#5061 = EDGE_CURVE('',#5062,#3807,#5064,.T.);
#5062 = VERTEX_POINT('',#5063);
#5063 = CARTESIAN_POINT('',(20.5,-34.5,20.));
#5064 = LINE('',#5065,#5066);
#5065 = CARTESIAN_POINT('',(20.5,-34.5,-1.));
#5066 = VECTOR('',#5067,1.);
#5067 = DIRECTION('',(0.,0.,1.));
#5068 = ORIENTED_EDGE('',*,*,#5069,.T.);
#5069 = EDGE_CURVE('',#5062,#5070,#5072,.T.);
#5070 = VERTEX_POINT('',#5071);
#5071 = CARTESIAN_POINT('',(15.5,-34.5,20.));
#5072 = CIRCLE('',#5073,2.5);
#5073 = AXIS2_PLACEMENT_3D('',#5074,#5075,#5076);
#5074 = CARTESIAN_POINT('',(18.,-34.5,20.));
#5075 = DIRECTION('',(0.,0.,-1.));
#5076 = DIRECTION('',(1.,0.,0.));
#5077 = ORIENTED_EDGE('',*,*,#5078,.T.);
#5078 = EDGE_CURVE('',#5070,#3809,#5079,.T.);
#5079 = LINE('',#5080,#5081);
#5080 = CARTESIAN_POINT('',(15.5,-34.5,-1.));
#5081 = VECTOR('',#5082,1.);
#5082 = DIRECTION('',(0.,0.,1.));
#5083 = ORIENTED_EDGE('',*,*,#3806,.F.);
#5084 = CYLINDRICAL_SURFACE('',#5085,2.5);
#5085 = AXIS2_PLACEMENT_3D('',#5086,#5087,#5088);
#5086 = CARTESIAN_POINT('',(18.,-34.5,-1.));
#5087 = DIRECTION('',(-0.,-0.,-1.));
#5088 = DIRECTION('',(1.,0.,0.));
#5089 = ADVANCED_FACE('',(#5090),#5108,.F.);
#5090 = FACE_BOUND('',#5091,.F.);
#5091 = EDGE_LOOP('',(#5092,#5093,#5101,#5107));
#5092 = ORIENTED_EDGE('',*,*,#5061,.F.);
#5093 = ORIENTED_EDGE('',*,*,#5094,.F.);
#5094 = EDGE_CURVE('',#5095,#5062,#5097,.T.);
#5095 = VERTEX_POINT('',#5096);
#5096 = CARTESIAN_POINT('',(20.5,-15.5,20.));
#5097 = LINE('',#5098,#5099);
#5098 = CARTESIAN_POINT('',(20.5,-17.25,20.));
#5099 = VECTOR('',#5100,1.);
#5100 = DIRECTION('',(0.,-1.,0.));
#5101 = ORIENTED_EDGE('',*,*,#5102,.T.);
#5102 = EDGE_CURVE('',#5095,#3826,#5103,.T.);
#5103 = LINE('',#5104,#5105);
#5104 = CARTESIAN_POINT('',(20.5,-15.5,-1.));
#5105 = VECTOR('',#5106,1.);
#5106 = DIRECTION('',(0.,0.,1.));
#5107 = ORIENTED_EDGE('',*,*,#3834,.F.);
#5108 = PLANE('',#5109);
#5109 = AXIS2_PLACEMENT_3D('',#5110,#5111,#5112);
#5110 = CARTESIAN_POINT('',(20.5,-34.5,-1.));
#5111 = DIRECTION('',(1.,0.,0.));
#5112 = DIRECTION('',(0.,0.,1.));
#5113 = ADVANCED_FACE('',(#5114),#5133,.F.);
#5114 = FACE_BOUND('',#5115,.T.);
#5115 = EDGE_LOOP('',(#5116,#5125,#5126,#5127));
#5116 = ORIENTED_EDGE('',*,*,#5117,.T.);
#5117 = EDGE_CURVE('',#5118,#5095,#5120,.T.);
#5118 = VERTEX_POINT('',#5119);
#5119 = CARTESIAN_POINT('',(15.5,-15.5,20.));
#5120 = CIRCLE('',#5121,2.5);
#5121 = AXIS2_PLACEMENT_3D('',#5122,#5123,#5124);
#5122 = CARTESIAN_POINT('',(18.,-15.5,20.));
#5123 = DIRECTION('',(0.,0.,-1.));
#5124 = DIRECTION('',(1.,0.,0.));
#5125 = ORIENTED_EDGE('',*,*,#5102,.T.);
#5126 = ORIENTED_EDGE('',*,*,#3825,.F.);
#5127 = ORIENTED_EDGE('',*,*,#5128,.F.);
#5128 = EDGE_CURVE('',#5118,#3818,#5129,.T.);
#5129 = LINE('',#5130,#5131);
#5130 = CARTESIAN_POINT('',(15.5,-15.5,-1.));
#5131 = VECTOR('',#5132,1.);
#5132 = DIRECTION('',(0.,0.,1.));
#5133 = CYLINDRICAL_SURFACE('',#5134,2.5);
#5134 = AXIS2_PLACEMENT_3D('',#5135,#5136,#5137);
#5135 = CARTESIAN_POINT('',(18.,-15.5,-1.));
#5136 = DIRECTION('',(-0.,-0.,-1.));
#5137 = DIRECTION('',(1.,0.,0.));
#5138 = ADVANCED_FACE('',(#5139),#5150,.T.);
#5139 = FACE_BOUND('',#5140,.T.);
#5140 = EDGE_LOOP('',(#5141,#5142,#5148,#5149));
#5141 = ORIENTED_EDGE('',*,*,#5078,.F.);
#5142 = ORIENTED_EDGE('',*,*,#5143,.F.);
#5143 = EDGE_CURVE('',#5118,#5070,#5144,.T.);
#5144 = LINE('',#5145,#5146);
#5145 = CARTESIAN_POINT('',(15.5,-17.25,20.));
#5146 = VECTOR('',#5147,1.);
#5147 = DIRECTION('',(0.,-1.,0.));
#5148 = ORIENTED_EDGE('',*,*,#5128,.T.);
#5149 = ORIENTED_EDGE('',*,*,#3817,.F.);
#5150 = PLANE('',#5151);
#5151 = AXIS2_PLACEMENT_3D('',#5152,#5153,#5154);
#5152 = CARTESIAN_POINT('',(15.5,-34.5,-1.));
#5153 = DIRECTION('',(1.,0.,0.));
#5154 = DIRECTION('',(0.,0.,1.));
#5155 = ADVANCED_FACE('',(#5156),#5182,.F.);
#5156 = FACE_BOUND('',#5157,.T.);
#5157 = EDGE_LOOP('',(#5158,#5166,#5175,#5181));
#5158 = ORIENTED_EDGE('',*,*,#5159,.F.);
#5159 = EDGE_CURVE('',#5160,#3843,#5162,.T.);
#5160 = VERTEX_POINT('',#5161);
#5161 = CARTESIAN_POINT('',(32.5,-34.5,20.));
#5162 = LINE('',#5163,#5164);
#5163 = CARTESIAN_POINT('',(32.5,-34.5,-1.));
#5164 = VECTOR('',#5165,1.);
#5165 = DIRECTION('',(0.,0.,1.));
#5166 = ORIENTED_EDGE('',*,*,#5167,.T.);
#5167 = EDGE_CURVE('',#5160,#5168,#5170,.T.);
#5168 = VERTEX_POINT('',#5169);
#5169 = CARTESIAN_POINT('',(27.5,-34.5,20.));
#5170 = CIRCLE('',#5171,2.5);
#5171 = AXIS2_PLACEMENT_3D('',#5172,#5173,#5174);
#5172 = CARTESIAN_POINT('',(30.,-34.5,20.));
#5173 = DIRECTION('',(0.,0.,-1.));
#5174 = DIRECTION('',(1.,0.,0.));
#5175 = ORIENTED_EDGE('',*,*,#5176,.T.);
#5176 = EDGE_CURVE('',#5168,#3845,#5177,.T.);
#5177 = LINE('',#5178,#5179);
#5178 = CARTESIAN_POINT('',(27.5,-34.5,-1.));
#5179 = VECTOR('',#5180,1.);
#5180 = DIRECTION('',(0.,0.,1.));
#5181 = ORIENTED_EDGE('',*,*,#3842,.F.);
#5182 = CYLINDRICAL_SURFACE('',#5183,2.5);
#5183 = AXIS2_PLACEMENT_3D('',#5184,#5185,#5186);
#5184 = CARTESIAN_POINT('',(30.,-34.5,-1.));
#5185 = DIRECTION('',(-0.,-0.,-1.));
#5186 = DIRECTION('',(1.,0.,0.));
#5187 = ADVANCED_FACE('',(#5188),#5206,.F.);
#5188 = FACE_BOUND('',#5189,.F.);
#5189 = EDGE_LOOP('',(#5190,#5191,#5199,#5205));
#5190 = ORIENTED_EDGE('',*,*,#5159,.F.);
#5191 = ORIENTED_EDGE('',*,*,#5192,.F.);
#5192 = EDGE_CURVE('',#5193,#5160,#5195,.T.);
#5193 = VERTEX_POINT('',#5194);
#5194 = CARTESIAN_POINT('',(32.5,-15.5,20.));
#5195 = LINE('',#5196,#5197);
#5196 = CARTESIAN_POINT('',(32.5,-17.25,20.));
#5197 = VECTOR('',#5198,1.);
#5198 = DIRECTION('',(0.,-1.,0.));
#5199 = ORIENTED_EDGE('',*,*,#5200,.T.);
#5200 = EDGE_CURVE('',#5193,#3862,#5201,.T.);
#5201 = LINE('',#5202,#5203);
#5202 = CARTESIAN_POINT('',(32.5,-15.5,-1.));
#5203 = VECTOR('',#5204,1.);
#5204 = DIRECTION('',(0.,0.,1.));
#5205 = ORIENTED_EDGE('',*,*,#3870,.F.);
#5206 = PLANE('',#5207);
#5207 = AXIS2_PLACEMENT_3D('',#5208,#5209,#5210);
#5208 = CARTESIAN_POINT('',(32.5,-34.5,-1.));
#5209 = DIRECTION('',(1.,0.,0.));
#5210 = DIRECTION('',(0.,0.,1.));
#5211 = ADVANCED_FACE('',(#5212),#5231,.F.);
#5212 = FACE_BOUND('',#5213,.T.);
#5213 = EDGE_LOOP('',(#5214,#5223,#5224,#5225));
#5214 = ORIENTED_EDGE('',*,*,#5215,.T.);
#5215 = EDGE_CURVE('',#5216,#5193,#5218,.T.);
#5216 = VERTEX_POINT('',#5217);
#5217 = CARTESIAN_POINT('',(27.5,-15.5,20.));
#5218 = CIRCLE('',#5219,2.5);
#5219 = AXIS2_PLACEMENT_3D('',#5220,#5221,#5222);
#5220 = CARTESIAN_POINT('',(30.,-15.5,20.));
#5221 = DIRECTION('',(0.,0.,-1.));
#5222 = DIRECTION('',(1.,0.,0.));
#5223 = ORIENTED_EDGE('',*,*,#5200,.T.);
#5224 = ORIENTED_EDGE('',*,*,#3861,.F.);
#5225 = ORIENTED_EDGE('',*,*,#5226,.F.);
#5226 = EDGE_CURVE('',#5216,#3854,#5227,.T.);
#5227 = LINE('',#5228,#5229);
#5228 = CARTESIAN_POINT('',(27.5,-15.5,-1.));
#5229 = VECTOR('',#5230,1.);
#5230 = DIRECTION('',(0.,0.,1.));
#5231 = CYLINDRICAL_SURFACE('',#5232,2.5);
#5232 = AXIS2_PLACEMENT_3D('',#5233,#5234,#5235);
#5233 = CARTESIAN_POINT('',(30.,-15.5,-1.));
#5234 = DIRECTION('',(-0.,-0.,-1.));
#5235 = DIRECTION('',(1.,0.,0.));
#5236 = ADVANCED_FACE('',(#5237),#5248,.T.);
#5237 = FACE_BOUND('',#5238,.T.);
#5238 = EDGE_LOOP('',(#5239,#5240,#5246,#5247));
#5239 = ORIENTED_EDGE('',*,*,#5176,.F.);
#5240 = ORIENTED_EDGE('',*,*,#5241,.F.);
#5241 = EDGE_CURVE('',#5216,#5168,#5242,.T.);
#5242 = LINE('',#5243,#5244);
#5243 = CARTESIAN_POINT('',(27.5,-17.25,20.));
#5244 = VECTOR('',#5245,1.);
#5245 = DIRECTION('',(0.,-1.,0.));
#5246 = ORIENTED_EDGE('',*,*,#5226,.T.);
#5247 = ORIENTED_EDGE('',*,*,#3853,.F.);
#5248 = PLANE('',#5249);
#5249 = AXIS2_PLACEMENT_3D('',#5250,#5251,#5252);
#5250 = CARTESIAN_POINT('',(27.5,-34.5,-1.));
#5251 = DIRECTION('',(1.,0.,0.));
#5252 = DIRECTION('',(0.,0.,1.));
#5253 = ADVANCED_FACE('',(#5254),#5265,.F.);
#5254 = FACE_BOUND('',#5255,.T.);
#5255 = EDGE_LOOP('',(#5256,#5257,#5263,#5264));
#5256 = ORIENTED_EDGE('',*,*,#4418,.T.);
#5257 = ORIENTED_EDGE('',*,*,#5258,.T.);
#5258 = EDGE_CURVE('',#4419,#3901,#5259,.T.);
#5259 = LINE('',#5260,#5261);
#5260 = CARTESIAN_POINT('',(-65.7,55.,-1.));
#5261 = VECTOR('',#5262,1.);
#5262 = DIRECTION('',(0.,0.,1.));
#5263 = ORIENTED_EDGE('',*,*,#3900,.F.);
#5264 = ORIENTED_EDGE('',*,*,#5258,.F.);
#5265 = CYLINDRICAL_SURFACE('',#5266,2.3);
#5266 = AXIS2_PLACEMENT_3D('',#5267,#5268,#5269);
#5267 = CARTESIAN_POINT('',(-68.,55.,-1.));
#5268 = DIRECTION('',(-0.,-0.,-1.));
#5269 = DIRECTION('',(1.,0.,0.));
#5270 = ADVANCED_FACE('',(#5271),#5297,.F.);
#5271 = FACE_BOUND('',#5272,.T.);
#5272 = EDGE_LOOP('',(#5273,#5281,#5290,#5296));
#5273 = ORIENTED_EDGE('',*,*,#5274,.F.);
#5274 = EDGE_CURVE('',#5275,#3923,#5277,.T.);
#5275 = VERTEX_POINT('',#5276);
#5276 = CARTESIAN_POINT('',(20.5,35.5,20.));
#5277 = LINE('',#5278,#5279);
#5278 = CARTESIAN_POINT('',(20.5,35.5,-1.));
#5279 = VECTOR('',#5280,1.);
#5280 = DIRECTION('',(0.,0.,1.));
#5281 = ORIENTED_EDGE('',*,*,#5282,.T.);
#5282 = EDGE_CURVE('',#5275,#5283,#5285,.T.);
#5283 = VERTEX_POINT('',#5284);
#5284 = CARTESIAN_POINT('',(15.5,35.5,20.));
#5285 = CIRCLE('',#5286,2.5);
#5286 = AXIS2_PLACEMENT_3D('',#5287,#5288,#5289);
#5287 = CARTESIAN_POINT('',(18.,35.5,20.));
#5288 = DIRECTION('',(0.,0.,-1.));
#5289 = DIRECTION('',(1.,0.,0.));
#5290 = ORIENTED_EDGE('',*,*,#5291,.T.);
#5291 = EDGE_CURVE('',#5283,#3925,#5292,.T.);
#5292 = LINE('',#5293,#5294);
#5293 = CARTESIAN_POINT('',(15.5,35.5,-1.));
#5294 = VECTOR('',#5295,1.);
#5295 = DIRECTION('',(0.,0.,1.));
#5296 = ORIENTED_EDGE('',*,*,#3922,.F.);
#5297 = CYLINDRICAL_SURFACE('',#5298,2.5);
#5298 = AXIS2_PLACEMENT_3D('',#5299,#5300,#5301);
#5299 = CARTESIAN_POINT('',(18.,35.5,-1.));
#5300 = DIRECTION('',(-0.,-0.,-1.));
#5301 = DIRECTION('',(1.,0.,0.));
#5302 = ADVANCED_FACE('',(#5303),#5328,.F.);
#5303 = FACE_BOUND('',#5304,.F.);
#5304 = EDGE_LOOP('',(#5305,#5306,#5314,#5320,#5321,#5327));
#5305 = ORIENTED_EDGE('',*,*,#5274,.F.);
#5306 = ORIENTED_EDGE('',*,*,#5307,.F.);
#5307 = EDGE_CURVE('',#5308,#5275,#5310,.T.);
#5308 = VERTEX_POINT('',#5309);
#5309 = CARTESIAN_POINT('',(20.5,52.5,20.));
#5310 = LINE('',#5311,#5312);
#5311 = CARTESIAN_POINT('',(20.5,17.75,20.));
#5312 = VECTOR('',#5313,1.);
#5313 = DIRECTION('',(0.,-1.,0.));
#5314 = ORIENTED_EDGE('',*,*,#5315,.T.);
#5315 = EDGE_CURVE('',#5308,#4375,#5316,.T.);
#5316 = LINE('',#5317,#5318);
#5317 = CARTESIAN_POINT('',(20.5,52.5,6.5));
#5318 = VECTOR('',#5319,1.);
#5319 = DIRECTION('',(0.,0.,-1.));
#5320 = ORIENTED_EDGE('',*,*,#4382,.F.);
#5321 = ORIENTED_EDGE('',*,*,#5322,.T.);
#5322 = EDGE_CURVE('',#4383,#3942,#5323,.T.);
#5323 = LINE('',#5324,#5325);
#5324 = CARTESIAN_POINT('',(20.5,54.5,-1.));
#5325 = VECTOR('',#5326,1.);
#5326 = DIRECTION('',(0.,0.,1.));
#5327 = ORIENTED_EDGE('',*,*,#3950,.F.);
#5328 = PLANE('',#5329);
#5329 = AXIS2_PLACEMENT_3D('',#5330,#5331,#5332);
#5330 = CARTESIAN_POINT('',(20.5,35.5,-1.));
#5331 = DIRECTION('',(1.,0.,0.));
#5332 = DIRECTION('',(0.,0.,1.));
#5333 = ADVANCED_FACE('',(#5334),#5345,.F.);
#5334 = FACE_BOUND('',#5335,.T.);
#5335 = EDGE_LOOP('',(#5336,#5337,#5338,#5339));
#5336 = ORIENTED_EDGE('',*,*,#4390,.T.);
#5337 = ORIENTED_EDGE('',*,*,#5322,.T.);
#5338 = ORIENTED_EDGE('',*,*,#3941,.F.);
#5339 = ORIENTED_EDGE('',*,*,#5340,.F.);
#5340 = EDGE_CURVE('',#4391,#3934,#5341,.T.);
#5341 = LINE('',#5342,#5343);
#5342 = CARTESIAN_POINT('',(15.5,54.5,-1.));
#5343 = VECTOR('',#5344,1.);
#5344 = DIRECTION('',(0.,0.,1.));
#5345 = CYLINDRICAL_SURFACE('',#5346,2.5);
#5346 = AXIS2_PLACEMENT_3D('',#5347,#5348,#5349);
#5347 = CARTESIAN_POINT('',(18.,54.5,-1.));
#5348 = DIRECTION('',(-0.,-0.,-1.));
#5349 = DIRECTION('',(1.,0.,0.));
#5350 = ADVANCED_FACE('',(#5351),#5371,.T.);
#5351 = FACE_BOUND('',#5352,.T.);
#5352 = EDGE_LOOP('',(#5353,#5354,#5362,#5368,#5369,#5370));
#5353 = ORIENTED_EDGE('',*,*,#5291,.F.);
#5354 = ORIENTED_EDGE('',*,*,#5355,.F.);
#5355 = EDGE_CURVE('',#5356,#5283,#5358,.T.);
#5356 = VERTEX_POINT('',#5357);
#5357 = CARTESIAN_POINT('',(15.5,52.5,20.));
#5358 = LINE('',#5359,#5360);
#5359 = CARTESIAN_POINT('',(15.5,17.75,20.));
#5360 = VECTOR('',#5361,1.);
#5361 = DIRECTION('',(0.,-1.,0.));
#5362 = ORIENTED_EDGE('',*,*,#5363,.T.);
#5363 = EDGE_CURVE('',#5356,#4276,#5364,.T.);
#5364 = LINE('',#5365,#5366);
#5365 = CARTESIAN_POINT('',(15.5,52.5,6.5));
#5366 = VECTOR('',#5367,1.);
#5367 = DIRECTION('',(0.,0.,-1.));
#5368 = ORIENTED_EDGE('',*,*,#4399,.F.);
#5369 = ORIENTED_EDGE('',*,*,#5340,.T.);
#5370 = ORIENTED_EDGE('',*,*,#3933,.F.);
#5371 = PLANE('',#5372);
#5372 = AXIS2_PLACEMENT_3D('',#5373,#5374,#5375);
#5373 = CARTESIAN_POINT('',(15.5,35.5,-1.));
#5374 = DIRECTION('',(1.,0.,0.));
#5375 = DIRECTION('',(0.,0.,1.));
#5376 = ADVANCED_FACE('',(#5377),#5403,.F.);
#5377 = FACE_BOUND('',#5378,.T.);
#5378 = EDGE_LOOP('',(#5379,#5387,#5396,#5402));
#5379 = ORIENTED_EDGE('',*,*,#5380,.F.);
#5380 = EDGE_CURVE('',#5381,#3959,#5383,.T.);
#5381 = VERTEX_POINT('',#5382);
#5382 = CARTESIAN_POINT('',(32.5,35.5,20.));
#5383 = LINE('',#5384,#5385);
#5384 = CARTESIAN_POINT('',(32.5,35.5,-1.));
#5385 = VECTOR('',#5386,1.);
#5386 = DIRECTION('',(0.,0.,1.));
#5387 = ORIENTED_EDGE('',*,*,#5388,.T.);
#5388 = EDGE_CURVE('',#5381,#5389,#5391,.T.);
#5389 = VERTEX_POINT('',#5390);
#5390 = CARTESIAN_POINT('',(27.5,35.5,20.));
#5391 = CIRCLE('',#5392,2.5);
#5392 = AXIS2_PLACEMENT_3D('',#5393,#5394,#5395);
#5393 = CARTESIAN_POINT('',(30.,35.5,20.));
#5394 = DIRECTION('',(0.,0.,-1.));
#5395 = DIRECTION('',(1.,0.,0.));
#5396 = ORIENTED_EDGE('',*,*,#5397,.T.);
#5397 = EDGE_CURVE('',#5389,#3961,#5398,.T.);
#5398 = LINE('',#5399,#5400);
#5399 = CARTESIAN_POINT('',(27.5,35.5,-1.));
#5400 = VECTOR('',#5401,1.);
#5401 = DIRECTION('',(0.,0.,1.));
#5402 = ORIENTED_EDGE('',*,*,#3958,.F.);
#5403 = CYLINDRICAL_SURFACE('',#5404,2.5);
#5404 = AXIS2_PLACEMENT_3D('',#5405,#5406,#5407);
#5405 = CARTESIAN_POINT('',(30.,35.5,-1.));
#5406 = DIRECTION('',(-0.,-0.,-1.));
#5407 = DIRECTION('',(1.,0.,0.));
#5408 = ADVANCED_FACE('',(#5409),#5434,.F.);
#5409 = FACE_BOUND('',#5410,.F.);
#5410 = EDGE_LOOP('',(#5411,#5412,#5420,#5426,#5427,#5433));
#5411 = ORIENTED_EDGE('',*,*,#5380,.F.);
#5412 = ORIENTED_EDGE('',*,*,#5413,.F.);
#5413 = EDGE_CURVE('',#5414,#5381,#5416,.T.);
#5414 = VERTEX_POINT('',#5415);
#5415 = CARTESIAN_POINT('',(32.5,52.5,20.));
#5416 = LINE('',#5417,#5418);
#5417 = CARTESIAN_POINT('',(32.5,17.75,20.));
#5418 = VECTOR('',#5419,1.);
#5419 = DIRECTION('',(0.,-1.,0.));
#5420 = ORIENTED_EDGE('',*,*,#5421,.T.);
#5421 = EDGE_CURVE('',#5414,#4342,#5422,.T.);
#5422 = LINE('',#5423,#5424);
#5423 = CARTESIAN_POINT('',(32.5,52.5,6.5));
#5424 = VECTOR('',#5425,1.);
#5425 = DIRECTION('',(0.,0.,-1.));
#5426 = ORIENTED_EDGE('',*,*,#4349,.F.);
#5427 = ORIENTED_EDGE('',*,*,#5428,.T.);
#5428 = EDGE_CURVE('',#4350,#3978,#5429,.T.);
#5429 = LINE('',#5430,#5431);
#5430 = CARTESIAN_POINT('',(32.5,54.5,-1.));
#5431 = VECTOR('',#5432,1.);
#5432 = DIRECTION('',(0.,0.,1.));
#5433 = ORIENTED_EDGE('',*,*,#3986,.F.);
#5434 = PLANE('',#5435);
#5435 = AXIS2_PLACEMENT_3D('',#5436,#5437,#5438);
#5436 = CARTESIAN_POINT('',(32.5,35.5,-1.));
#5437 = DIRECTION('',(1.,0.,0.));
#5438 = DIRECTION('',(0.,0.,1.));
#5439 = ADVANCED_FACE('',(#5440),#5451,.F.);
#5440 = FACE_BOUND('',#5441,.T.);
#5441 = EDGE_LOOP('',(#5442,#5443,#5444,#5445));
#5442 = ORIENTED_EDGE('',*,*,#4357,.T.);
#5443 = ORIENTED_EDGE('',*,*,#5428,.T.);
#5444 = ORIENTED_EDGE('',*,*,#3977,.F.);
#5445 = ORIENTED_EDGE('',*,*,#5446,.F.);
#5446 = EDGE_CURVE('',#4358,#3970,#5447,.T.);
#5447 = LINE('',#5448,#5449);
#5448 = CARTESIAN_POINT('',(27.5,54.5,-1.));
#5449 = VECTOR('',#5450,1.);
#5450 = DIRECTION('',(0.,0.,1.));
#5451 = CYLINDRICAL_SURFACE('',#5452,2.5);
#5452 = AXIS2_PLACEMENT_3D('',#5453,#5454,#5455);
#5453 = CARTESIAN_POINT('',(30.,54.5,-1.));
#5454 = DIRECTION('',(-0.,-0.,-1.));
#5455 = DIRECTION('',(1.,0.,0.));
#5456 = ADVANCED_FACE('',(#5457),#5477,.T.);
#5457 = FACE_BOUND('',#5458,.T.);
#5458 = EDGE_LOOP('',(#5459,#5460,#5468,#5474,#5475,#5476));
#5459 = ORIENTED_EDGE('',*,*,#5397,.F.);
#5460 = ORIENTED_EDGE('',*,*,#5461,.F.);
#5461 = EDGE_CURVE('',#5462,#5389,#5464,.T.);
#5462 = VERTEX_POINT('',#5463);
#5463 = CARTESIAN_POINT('',(27.5,52.5,20.));
#5464 = LINE('',#5465,#5466);
#5465 = CARTESIAN_POINT('',(27.5,17.75,20.));
#5466 = VECTOR('',#5467,1.);
#5467 = DIRECTION('',(0.,-1.,0.));
#5468 = ORIENTED_EDGE('',*,*,#5469,.T.);
#5469 = EDGE_CURVE('',#5462,#4367,#5470,.T.);
#5470 = LINE('',#5471,#5472);
#5471 = CARTESIAN_POINT('',(27.5,52.5,6.5));
#5472 = VECTOR('',#5473,1.);
#5473 = DIRECTION('',(0.,0.,-1.));
#5474 = ORIENTED_EDGE('',*,*,#4366,.F.);
#5475 = ORIENTED_EDGE('',*,*,#5446,.T.);
#5476 = ORIENTED_EDGE('',*,*,#3969,.F.);
#5477 = PLANE('',#5478);
#5478 = AXIS2_PLACEMENT_3D('',#5479,#5480,#5481);
#5479 = CARTESIAN_POINT('',(27.5,35.5,-1.));
#5480 = DIRECTION('',(1.,0.,0.));
#5481 = DIRECTION('',(0.,0.,1.));
#5482 = ADVANCED_FACE('',(#5483),#5494,.F.);
#5483 = FACE_BOUND('',#5484,.T.);
#5484 = EDGE_LOOP('',(#5485,#5486,#5492,#5493));
#5485 = ORIENTED_EDGE('',*,*,#4407,.T.);
#5486 = ORIENTED_EDGE('',*,*,#5487,.T.);
#5487 = EDGE_CURVE('',#4408,#4018,#5488,.T.);
#5488 = LINE('',#5489,#5490);
#5489 = CARTESIAN_POINT('',(70.3,55.,-1.));
#5490 = VECTOR('',#5491,1.);
#5491 = DIRECTION('',(0.,0.,1.));
#5492 = ORIENTED_EDGE('',*,*,#4017,.F.);
#5493 = ORIENTED_EDGE('',*,*,#5487,.F.);
#5494 = CYLINDRICAL_SURFACE('',#5495,2.3);
#5495 = AXIS2_PLACEMENT_3D('',#5496,#5497,#5498);
#5496 = CARTESIAN_POINT('',(68.,55.,-1.));
#5497 = DIRECTION('',(-0.,-0.,-1.));
#5498 = DIRECTION('',(1.,0.,0.));
#5499 = ADVANCED_FACE('',(#5500),#5519,.T.);
#5500 = FACE_BOUND('',#5501,.F.);
#5501 = EDGE_LOOP('',(#5502,#5503,#5504,#5513));
#5502 = ORIENTED_EDGE('',*,*,#4229,.F.);
#5503 = ORIENTED_EDGE('',*,*,#4702,.F.);
#5504 = ORIENTED_EDGE('',*,*,#5505,.T.);
#5505 = EDGE_CURVE('',#4703,#5506,#5508,.T.);
#5506 = VERTEX_POINT('',#5507);
#5507 = CARTESIAN_POINT('',(-76.64580823289,-52.5,20.));
#5508 = CIRCLE('',#5509,9.);
#5509 = AXIS2_PLACEMENT_3D('',#5510,#5511,#5512);
#5510 = CARTESIAN_POINT('',(-68.,-55.,20.));
#5511 = DIRECTION('',(0.,0.,1.));
#5512 = DIRECTION('',(1.,0.,0.));
#5513 = ORIENTED_EDGE('',*,*,#5514,.T.);
#5514 = EDGE_CURVE('',#5506,#4222,#5515,.T.);
#5515 = LINE('',#5516,#5517);
#5516 = CARTESIAN_POINT('',(-76.64580823289,-52.5,14.));
#5517 = VECTOR('',#5518,1.);
#5518 = DIRECTION('',(-0.,-0.,-1.));
#5519 = CYLINDRICAL_SURFACE('',#5520,9.);
#5520 = AXIS2_PLACEMENT_3D('',#5521,#5522,#5523);
#5521 = CARTESIAN_POINT('',(-68.,-55.,14.));
#5522 = DIRECTION('',(-0.,-0.,-1.));
#5523 = DIRECTION('',(1.,0.,0.));
#5524 = ADVANCED_FACE('',(#5525),#5543,.T.);
#5525 = FACE_BOUND('',#5526,.T.);
#5526 = EDGE_LOOP('',(#5527,#5528,#5536,#5542));
#5527 = ORIENTED_EDGE('',*,*,#4221,.F.);
#5528 = ORIENTED_EDGE('',*,*,#5529,.F.);
#5529 = EDGE_CURVE('',#5530,#4214,#5532,.T.);
#5530 = VERTEX_POINT('',#5531);
#5531 = CARTESIAN_POINT('',(-83.,-52.5,20.));
#5532 = LINE('',#5533,#5534);
#5533 = CARTESIAN_POINT('',(-83.,-52.5,14.));
#5534 = VECTOR('',#5535,1.);
#5535 = DIRECTION('',(0.,0.,-1.));
#5536 = ORIENTED_EDGE('',*,*,#5537,.T.);
#5537 = EDGE_CURVE('',#5530,#5506,#5538,.T.);
#5538 = LINE('',#5539,#5540);
#5539 = CARTESIAN_POINT('',(-88.,-52.5,20.));
#5540 = VECTOR('',#5541,1.);
#5541 = DIRECTION('',(1.,0.,0.));
#5542 = ORIENTED_EDGE('',*,*,#5514,.T.);
#5543 = PLANE('',#5544);
#5544 = AXIS2_PLACEMENT_3D('',#5545,#5546,#5547);
#5545 = CARTESIAN_POINT('',(-88.,-52.5,14.));
#5546 = DIRECTION('',(0.,1.,0.));
#5547 = DIRECTION('',(0.,0.,1.));
#5548 = ADVANCED_FACE('',(#5549),#5567,.T.);
#5549 = FACE_BOUND('',#5550,.T.);
#5550 = EDGE_LOOP('',(#5551,#5552,#5553,#5561));
#5551 = ORIENTED_EDGE('',*,*,#5529,.T.);
#5552 = ORIENTED_EDGE('',*,*,#4213,.T.);
#5553 = ORIENTED_EDGE('',*,*,#5554,.F.);
#5554 = EDGE_CURVE('',#5555,#4206,#5557,.T.);
#5555 = VERTEX_POINT('',#5556);
#5556 = CARTESIAN_POINT('',(-83.,52.5,20.));
#5557 = LINE('',#5558,#5559);
#5558 = CARTESIAN_POINT('',(-83.,52.5,14.));
#5559 = VECTOR('',#5560,1.);
#5560 = DIRECTION('',(0.,0.,-1.));
#5561 = ORIENTED_EDGE('',*,*,#5562,.F.);
#5562 = EDGE_CURVE('',#5530,#5555,#5563,.T.);
#5563 = LINE('',#5564,#5565);
#5564 = CARTESIAN_POINT('',(-83.,-98.,20.));
#5565 = VECTOR('',#5566,1.);
#5566 = DIRECTION('',(0.,1.,0.));
#5567 = PLANE('',#5568);
#5568 = AXIS2_PLACEMENT_3D('',#5569,#5570,#5571);
#5569 = CARTESIAN_POINT('',(-83.,-98.,14.));
#5570 = DIRECTION('',(1.,0.,0.));
#5571 = DIRECTION('',(0.,0.,1.));
#5572 = ADVANCED_FACE('',(#5573),#5591,.F.);
#5573 = FACE_BOUND('',#5574,.F.);
#5574 = EDGE_LOOP('',(#5575,#5576,#5577,#5585));
#5575 = ORIENTED_EDGE('',*,*,#4205,.F.);
#5576 = ORIENTED_EDGE('',*,*,#5554,.F.);
#5577 = ORIENTED_EDGE('',*,*,#5578,.T.);
#5578 = EDGE_CURVE('',#5555,#5579,#5581,.T.);
#5579 = VERTEX_POINT('',#5580);
#5580 = CARTESIAN_POINT('',(-76.64580823289,52.5,20.));
#5581 = LINE('',#5582,#5583);
#5582 = CARTESIAN_POINT('',(-88.,52.5,20.));
#5583 = VECTOR('',#5584,1.);
#5584 = DIRECTION('',(1.,0.,0.));
#5585 = ORIENTED_EDGE('',*,*,#5586,.T.);
#5586 = EDGE_CURVE('',#5579,#4197,#5587,.T.);
#5587 = LINE('',#5588,#5589);
#5588 = CARTESIAN_POINT('',(-76.64580823289,52.5,14.));
#5589 = VECTOR('',#5590,1.);
#5590 = DIRECTION('',(-0.,-0.,-1.));
#5591 = PLANE('',#5592);
#5592 = AXIS2_PLACEMENT_3D('',#5593,#5594,#5595);
#5593 = CARTESIAN_POINT('',(-88.,52.5,14.));
#5594 = DIRECTION('',(0.,1.,0.));
#5595 = DIRECTION('',(0.,0.,1.));
#5596 = ADVANCED_FACE('',(#5597),#5616,.T.);
#5597 = FACE_BOUND('',#5598,.F.);
#5598 = EDGE_LOOP('',(#5599,#5607,#5608,#5609));
#5599 = ORIENTED_EDGE('',*,*,#5600,.T.);
#5600 = EDGE_CURVE('',#5601,#4189,#5603,.T.);
#5601 = VERTEX_POINT('',#5602);
#5602 = CARTESIAN_POINT('',(-59.3541917671,52.5,20.));
#5603 = LINE('',#5604,#5605);
#5604 = CARTESIAN_POINT('',(-59.3541917671,52.5,14.));
#5605 = VECTOR('',#5606,1.);
#5606 = DIRECTION('',(-0.,-0.,-1.));
#5607 = ORIENTED_EDGE('',*,*,#4196,.F.);
#5608 = ORIENTED_EDGE('',*,*,#5586,.F.);
#5609 = ORIENTED_EDGE('',*,*,#5610,.T.);
#5610 = EDGE_CURVE('',#5579,#5601,#5611,.T.);
#5611 = CIRCLE('',#5612,9.);
#5612 = AXIS2_PLACEMENT_3D('',#5613,#5614,#5615);
#5613 = CARTESIAN_POINT('',(-68.,55.,20.));
#5614 = DIRECTION('',(0.,0.,1.));
#5615 = DIRECTION('',(1.,0.,0.));
#5616 = CYLINDRICAL_SURFACE('',#5617,9.);
#5617 = AXIS2_PLACEMENT_3D('',#5618,#5619,#5620);
#5618 = CARTESIAN_POINT('',(-68.,55.,14.));
#5619 = DIRECTION('',(-0.,-0.,-1.));
#5620 = DIRECTION('',(1.,0.,0.));
#5621 = ADVANCED_FACE('',(#5622),#5640,.F.);
#5622 = FACE_BOUND('',#5623,.F.);
#5623 = EDGE_LOOP('',(#5624,#5625,#5626,#5634));
#5624 = ORIENTED_EDGE('',*,*,#4188,.F.);
#5625 = ORIENTED_EDGE('',*,*,#5600,.F.);
#5626 = ORIENTED_EDGE('',*,*,#5627,.T.);
#5627 = EDGE_CURVE('',#5601,#5628,#5630,.T.);
#5628 = VERTEX_POINT('',#5629);
#5629 = CARTESIAN_POINT('',(-2.5,52.5,20.));
#5630 = LINE('',#5631,#5632);
#5631 = CARTESIAN_POINT('',(-88.,52.5,20.));
#5632 = VECTOR('',#5633,1.);
#5633 = DIRECTION('',(1.,0.,0.));
#5634 = ORIENTED_EDGE('',*,*,#5635,.T.);
#5635 = EDGE_CURVE('',#5628,#4181,#5636,.T.);
#5636 = LINE('',#5637,#5638);
#5637 = CARTESIAN_POINT('',(-2.5,52.5,14.));
#5638 = VECTOR('',#5639,1.);
#5639 = DIRECTION('',(0.,0.,-1.));
#5640 = PLANE('',#5641);
#5641 = AXIS2_PLACEMENT_3D('',#5642,#5643,#5644);
#5642 = CARTESIAN_POINT('',(-88.,52.5,14.));
#5643 = DIRECTION('',(0.,1.,0.));
#5644 = DIRECTION('',(0.,0.,1.));
#5645 = ADVANCED_FACE('',(#5646),#5664,.F.);
#5646 = FACE_BOUND('',#5647,.F.);
#5647 = EDGE_LOOP('',(#5648,#5656,#5657,#5658));
#5648 = ORIENTED_EDGE('',*,*,#5649,.T.);
#5649 = EDGE_CURVE('',#5650,#4173,#5652,.T.);
#5650 = VERTEX_POINT('',#5651);
#5651 = CARTESIAN_POINT('',(-2.5,-52.5,20.));
#5652 = LINE('',#5653,#5654);
#5653 = CARTESIAN_POINT('',(-2.5,-52.5,14.));
#5654 = VECTOR('',#5655,1.);
#5655 = DIRECTION('',(0.,0.,-1.));
#5656 = ORIENTED_EDGE('',*,*,#4180,.T.);
#5657 = ORIENTED_EDGE('',*,*,#5635,.F.);
#5658 = ORIENTED_EDGE('',*,*,#5659,.F.);
#5659 = EDGE_CURVE('',#5650,#5628,#5660,.T.);
#5660 = LINE('',#5661,#5662);
#5661 = CARTESIAN_POINT('',(-2.5,-98.,20.));
#5662 = VECTOR('',#5663,1.);
#5663 = DIRECTION('',(0.,1.,0.));
#5664 = PLANE('',#5665);
#5665 = AXIS2_PLACEMENT_3D('',#5666,#5667,#5668);
#5666 = CARTESIAN_POINT('',(-2.5,-98.,14.));
#5667 = DIRECTION('',(1.,0.,0.));
#5668 = DIRECTION('',(0.,0.,1.));
#5669 = ADVANCED_FACE('',(#5670),#5681,.T.);
#5670 = FACE_BOUND('',#5671,.T.);
#5671 = EDGE_LOOP('',(#5672,#5673,#5674,#5680));
#5672 = ORIENTED_EDGE('',*,*,#4172,.F.);
#5673 = ORIENTED_EDGE('',*,*,#4585,.F.);
#5674 = ORIENTED_EDGE('',*,*,#5675,.T.);
#5675 = EDGE_CURVE('',#4577,#5650,#5676,.T.);
#5676 = LINE('',#5677,#5678);
#5677 = CARTESIAN_POINT('',(-88.,-52.5,20.));
#5678 = VECTOR('',#5679,1.);
#5679 = DIRECTION('',(1.,0.,0.));
#5680 = ORIENTED_EDGE('',*,*,#5649,.T.);
#5681 = PLANE('',#5682);
#5682 = AXIS2_PLACEMENT_3D('',#5683,#5684,#5685);
#5683 = CARTESIAN_POINT('',(-88.,-52.5,14.));
#5684 = DIRECTION('',(0.,1.,0.));
#5685 = DIRECTION('',(0.,0.,1.));
#5686 = ADVANCED_FACE('',(#5687),#5705,.F.);
#5687 = FACE_BOUND('',#5688,.F.);
#5688 = EDGE_LOOP('',(#5689,#5690,#5698,#5704));
#5689 = ORIENTED_EDGE('',*,*,#4273,.F.);
#5690 = ORIENTED_EDGE('',*,*,#5691,.F.);
#5691 = EDGE_CURVE('',#5692,#4274,#5694,.T.);
#5692 = VERTEX_POINT('',#5693);
#5693 = CARTESIAN_POINT('',(2.5,52.5,20.));
#5694 = LINE('',#5695,#5696);
#5695 = CARTESIAN_POINT('',(2.5,52.5,14.));
#5696 = VECTOR('',#5697,1.);
#5697 = DIRECTION('',(0.,0.,-1.));
#5698 = ORIENTED_EDGE('',*,*,#5699,.T.);
#5699 = EDGE_CURVE('',#5692,#5356,#5700,.T.);
#5700 = LINE('',#5701,#5702);
#5701 = CARTESIAN_POINT('',(-88.,52.5,20.));
#5702 = VECTOR('',#5703,1.);
#5703 = DIRECTION('',(1.,0.,0.));
#5704 = ORIENTED_EDGE('',*,*,#5363,.T.);
#5705 = PLANE('',#5706);
#5706 = AXIS2_PLACEMENT_3D('',#5707,#5708,#5709);
#5707 = CARTESIAN_POINT('',(-88.,52.5,14.));
#5708 = DIRECTION('',(0.,1.,0.));
#5709 = DIRECTION('',(0.,0.,1.));
#5710 = ADVANCED_FACE('',(#5711),#5722,.F.);
#5711 = FACE_BOUND('',#5712,.F.);
#5712 = EDGE_LOOP('',(#5713,#5714,#5715,#5721));
#5713 = ORIENTED_EDGE('',*,*,#4374,.F.);
#5714 = ORIENTED_EDGE('',*,*,#5315,.F.);
#5715 = ORIENTED_EDGE('',*,*,#5716,.T.);
#5716 = EDGE_CURVE('',#5308,#5462,#5717,.T.);
#5717 = LINE('',#5718,#5719);
#5718 = CARTESIAN_POINT('',(-88.,52.5,20.));
#5719 = VECTOR('',#5720,1.);
#5720 = DIRECTION('',(1.,0.,0.));
#5721 = ORIENTED_EDGE('',*,*,#5469,.T.);
#5722 = PLANE('',#5723);
#5723 = AXIS2_PLACEMENT_3D('',#5724,#5725,#5726);
#5724 = CARTESIAN_POINT('',(-88.,52.5,14.));
#5725 = DIRECTION('',(0.,1.,0.));
#5726 = DIRECTION('',(0.,0.,1.));
#5727 = ADVANCED_FACE('',(#5728),#5746,.F.);
#5728 = FACE_BOUND('',#5729,.F.);
#5729 = EDGE_LOOP('',(#5730,#5731,#5732,#5740));
#5730 = ORIENTED_EDGE('',*,*,#4341,.F.);
#5731 = ORIENTED_EDGE('',*,*,#5421,.F.);
#5732 = ORIENTED_EDGE('',*,*,#5733,.T.);
#5733 = EDGE_CURVE('',#5414,#5734,#5736,.T.);
#5734 = VERTEX_POINT('',#5735);
#5735 = CARTESIAN_POINT('',(59.354191767105,52.5,20.));
#5736 = LINE('',#5737,#5738);
#5737 = CARTESIAN_POINT('',(-88.,52.5,20.));
#5738 = VECTOR('',#5739,1.);
#5739 = DIRECTION('',(1.,0.,0.));
#5740 = ORIENTED_EDGE('',*,*,#5741,.T.);
#5741 = EDGE_CURVE('',#5734,#4333,#5742,.T.);
#5742 = LINE('',#5743,#5744);
#5743 = CARTESIAN_POINT('',(59.354191767105,52.5,14.));
#5744 = VECTOR('',#5745,1.);
#5745 = DIRECTION('',(-0.,-0.,-1.));
#5746 = PLANE('',#5747);
#5747 = AXIS2_PLACEMENT_3D('',#5748,#5749,#5750);
#5748 = CARTESIAN_POINT('',(-88.,52.5,14.));
#5749 = DIRECTION('',(0.,1.,0.));
#5750 = DIRECTION('',(0.,0.,1.));
#5751 = ADVANCED_FACE('',(#5752),#5771,.T.);
#5752 = FACE_BOUND('',#5753,.F.);
#5753 = EDGE_LOOP('',(#5754,#5762,#5763,#5764));
#5754 = ORIENTED_EDGE('',*,*,#5755,.T.);
#5755 = EDGE_CURVE('',#5756,#4325,#5758,.T.);
#5756 = VERTEX_POINT('',#5757);
#5757 = CARTESIAN_POINT('',(76.645808232895,52.5,20.));
#5758 = LINE('',#5759,#5760);
#5759 = CARTESIAN_POINT('',(76.645808232895,52.5,14.));
#5760 = VECTOR('',#5761,1.);
#5761 = DIRECTION('',(-0.,-0.,-1.));
#5762 = ORIENTED_EDGE('',*,*,#4332,.F.);
#5763 = ORIENTED_EDGE('',*,*,#5741,.F.);
#5764 = ORIENTED_EDGE('',*,*,#5765,.T.);
#5765 = EDGE_CURVE('',#5734,#5756,#5766,.T.);
#5766 = CIRCLE('',#5767,9.);
#5767 = AXIS2_PLACEMENT_3D('',#5768,#5769,#5770);
#5768 = CARTESIAN_POINT('',(68.,55.,20.));
#5769 = DIRECTION('',(0.,0.,1.));
#5770 = DIRECTION('',(1.,0.,0.));
#5771 = CYLINDRICAL_SURFACE('',#5772,9.);
#5772 = AXIS2_PLACEMENT_3D('',#5773,#5774,#5775);
#5773 = CARTESIAN_POINT('',(68.,55.,14.));
#5774 = DIRECTION('',(-0.,-0.,-1.));
#5775 = DIRECTION('',(1.,0.,0.));
#5776 = ADVANCED_FACE('',(#5777),#5795,.F.);
#5777 = FACE_BOUND('',#5778,.F.);
#5778 = EDGE_LOOP('',(#5779,#5780,#5781,#5789));
#5779 = ORIENTED_EDGE('',*,*,#4324,.F.);
#5780 = ORIENTED_EDGE('',*,*,#5755,.F.);
#5781 = ORIENTED_EDGE('',*,*,#5782,.T.);
#5782 = EDGE_CURVE('',#5756,#5783,#5785,.T.);
#5783 = VERTEX_POINT('',#5784);
#5784 = CARTESIAN_POINT('',(83.,52.5,20.));
#5785 = LINE('',#5786,#5787);
#5786 = CARTESIAN_POINT('',(-88.,52.5,20.));
#5787 = VECTOR('',#5788,1.);
#5788 = DIRECTION('',(1.,0.,0.));
#5789 = ORIENTED_EDGE('',*,*,#5790,.T.);
#5790 = EDGE_CURVE('',#5783,#4317,#5791,.T.);
#5791 = LINE('',#5792,#5793);
#5792 = CARTESIAN_POINT('',(83.,52.5,14.));
#5793 = VECTOR('',#5794,1.);
#5794 = DIRECTION('',(0.,0.,-1.));
#5795 = PLANE('',#5796);
#5796 = AXIS2_PLACEMENT_3D('',#5797,#5798,#5799);
#5797 = CARTESIAN_POINT('',(-88.,52.5,14.));
#5798 = DIRECTION('',(0.,1.,0.));
#5799 = DIRECTION('',(0.,0.,1.));
#5800 = ADVANCED_FACE('',(#5801),#5819,.F.);
#5801 = FACE_BOUND('',#5802,.F.);
#5802 = EDGE_LOOP('',(#5803,#5811,#5812,#5813));
#5803 = ORIENTED_EDGE('',*,*,#5804,.T.);
#5804 = EDGE_CURVE('',#5805,#4309,#5807,.T.);
#5805 = VERTEX_POINT('',#5806);
#5806 = CARTESIAN_POINT('',(83.,-52.5,20.));
#5807 = LINE('',#5808,#5809);
#5808 = CARTESIAN_POINT('',(83.,-52.5,14.));
#5809 = VECTOR('',#5810,1.);
#5810 = DIRECTION('',(0.,0.,-1.));
#5811 = ORIENTED_EDGE('',*,*,#4316,.T.);
#5812 = ORIENTED_EDGE('',*,*,#5790,.F.);
#5813 = ORIENTED_EDGE('',*,*,#5814,.F.);
#5814 = EDGE_CURVE('',#5805,#5783,#5815,.T.);
#5815 = LINE('',#5816,#5817);
#5816 = CARTESIAN_POINT('',(83.,-98.,20.));
#5817 = VECTOR('',#5818,1.);
#5818 = DIRECTION('',(0.,1.,0.));
#5819 = PLANE('',#5820);
#5820 = AXIS2_PLACEMENT_3D('',#5821,#5822,#5823);
#5821 = CARTESIAN_POINT('',(83.,-98.,14.));
#5822 = DIRECTION('',(1.,0.,0.));
#5823 = DIRECTION('',(0.,0.,1.));
#5824 = ADVANCED_FACE('',(#5825),#5843,.T.);
#5825 = FACE_BOUND('',#5826,.T.);
#5826 = EDGE_LOOP('',(#5827,#5828,#5836,#5842));
#5827 = ORIENTED_EDGE('',*,*,#4308,.F.);
#5828 = ORIENTED_EDGE('',*,*,#5829,.F.);
#5829 = EDGE_CURVE('',#5830,#4300,#5832,.T.);
#5830 = VERTEX_POINT('',#5831);
#5831 = CARTESIAN_POINT('',(76.645808232895,-52.5,20.));
#5832 = LINE('',#5833,#5834);
#5833 = CARTESIAN_POINT('',(76.645808232895,-52.5,14.));
#5834 = VECTOR('',#5835,1.);
#5835 = DIRECTION('',(-0.,-0.,-1.));
#5836 = ORIENTED_EDGE('',*,*,#5837,.T.);
#5837 = EDGE_CURVE('',#5830,#5805,#5838,.T.);
#5838 = LINE('',#5839,#5840);
#5839 = CARTESIAN_POINT('',(-88.,-52.5,20.));
#5840 = VECTOR('',#5841,1.);
#5841 = DIRECTION('',(1.,0.,0.));
#5842 = ORIENTED_EDGE('',*,*,#5804,.T.);
#5843 = PLANE('',#5844);
#5844 = AXIS2_PLACEMENT_3D('',#5845,#5846,#5847);
#5845 = CARTESIAN_POINT('',(-88.,-52.5,14.));
#5846 = DIRECTION('',(0.,1.,0.));
#5847 = DIRECTION('',(0.,0.,1.));
#5848 = ADVANCED_FACE('',(#5849),#5868,.T.);
#5849 = FACE_BOUND('',#5850,.F.);
#5850 = EDGE_LOOP('',(#5851,#5852,#5853,#5862));
#5851 = ORIENTED_EDGE('',*,*,#4299,.F.);
#5852 = ORIENTED_EDGE('',*,*,#5829,.F.);
#5853 = ORIENTED_EDGE('',*,*,#5854,.T.);
#5854 = EDGE_CURVE('',#5830,#5855,#5857,.T.);
#5855 = VERTEX_POINT('',#5856);
#5856 = CARTESIAN_POINT('',(59.354191767105,-52.5,20.));
#5857 = CIRCLE('',#5858,9.);
#5858 = AXIS2_PLACEMENT_3D('',#5859,#5860,#5861);
#5859 = CARTESIAN_POINT('',(68.,-55.,20.));
#5860 = DIRECTION('',(0.,0.,1.));
#5861 = DIRECTION('',(1.,0.,0.));
#5862 = ORIENTED_EDGE('',*,*,#5863,.T.);
#5863 = EDGE_CURVE('',#5855,#4292,#5864,.T.);
#5864 = LINE('',#5865,#5866);
#5865 = CARTESIAN_POINT('',(59.354191767105,-52.5,14.));
#5866 = VECTOR('',#5867,1.);
#5867 = DIRECTION('',(-0.,-0.,-1.));
#5868 = CYLINDRICAL_SURFACE('',#5869,9.);
#5869 = AXIS2_PLACEMENT_3D('',#5870,#5871,#5872);
#5870 = CARTESIAN_POINT('',(68.,-55.,14.));
#5871 = DIRECTION('',(-0.,-0.,-1.));
#5872 = DIRECTION('',(1.,0.,0.));
#5873 = ADVANCED_FACE('',(#5874),#5892,.T.);
#5874 = FACE_BOUND('',#5875,.T.);
#5875 = EDGE_LOOP('',(#5876,#5877,#5885,#5891));
#5876 = ORIENTED_EDGE('',*,*,#4291,.F.);
#5877 = ORIENTED_EDGE('',*,*,#5878,.F.);
#5878 = EDGE_CURVE('',#5879,#4284,#5881,.T.);
#5879 = VERTEX_POINT('',#5880);
#5880 = CARTESIAN_POINT('',(2.5,-52.5,20.));
#5881 = LINE('',#5882,#5883);
#5882 = CARTESIAN_POINT('',(2.5,-52.5,14.));
#5883 = VECTOR('',#5884,1.);
#5884 = DIRECTION('',(0.,0.,-1.));
#5885 = ORIENTED_EDGE('',*,*,#5886,.T.);
#5886 = EDGE_CURVE('',#5879,#5855,#5887,.T.);
#5887 = LINE('',#5888,#5889);
#5888 = CARTESIAN_POINT('',(-88.,-52.5,20.));
#5889 = VECTOR('',#5890,1.);
#5890 = DIRECTION('',(1.,0.,0.));
#5891 = ORIENTED_EDGE('',*,*,#5863,.T.);
#5892 = PLANE('',#5893);
#5893 = AXIS2_PLACEMENT_3D('',#5894,#5895,#5896);
#5894 = CARTESIAN_POINT('',(-88.,-52.5,14.));
#5895 = DIRECTION('',(0.,1.,0.));
#5896 = DIRECTION('',(0.,0.,1.));
#5897 = ADVANCED_FACE('',(#5898),#5909,.T.);
#5898 = FACE_BOUND('',#5899,.T.);
#5899 = EDGE_LOOP('',(#5900,#5901,#5902,#5903));
#5900 = ORIENTED_EDGE('',*,*,#5878,.T.);
#5901 = ORIENTED_EDGE('',*,*,#4283,.T.);
#5902 = ORIENTED_EDGE('',*,*,#5691,.F.);
#5903 = ORIENTED_EDGE('',*,*,#5904,.F.);
#5904 = EDGE_CURVE('',#5879,#5692,#5905,.T.);
#5905 = LINE('',#5906,#5907);
#5906 = CARTESIAN_POINT('',(2.5,-98.,20.));
#5907 = VECTOR('',#5908,1.);
#5908 = DIRECTION('',(0.,1.,0.));
#5909 = PLANE('',#5910);
#5910 = AXIS2_PLACEMENT_3D('',#5911,#5912,#5913);
#5911 = CARTESIAN_POINT('',(2.5,-98.,14.));
#5912 = DIRECTION('',(1.,0.,0.));
#5913 = DIRECTION('',(0.,0.,1.));
#5914 = ADVANCED_FACE('',(#5915,#5940,#5946,#5952),#5958,.T.);
#5915 = FACE_BOUND('',#5916,.T.);
#5916 = EDGE_LOOP('',(#5917,#5918,#5919,#5920,#5921,#5922,#5923,#5924,
    #5925,#5931,#5932,#5938,#5939));
#5917 = ORIENTED_EDGE('',*,*,#5537,.F.);
#5918 = ORIENTED_EDGE('',*,*,#5562,.T.);
#5919 = ORIENTED_EDGE('',*,*,#5578,.T.);
#5920 = ORIENTED_EDGE('',*,*,#5610,.T.);
#5921 = ORIENTED_EDGE('',*,*,#5627,.T.);
#5922 = ORIENTED_EDGE('',*,*,#5659,.F.);
#5923 = ORIENTED_EDGE('',*,*,#5675,.F.);
#5924 = ORIENTED_EDGE('',*,*,#4576,.F.);
#5925 = ORIENTED_EDGE('',*,*,#5926,.F.);
#5926 = EDGE_CURVE('',#4648,#4569,#5927,.T.);
#5927 = LINE('',#5928,#5929);
#5928 = CARTESIAN_POINT('',(-88.,-52.5,20.));
#5929 = VECTOR('',#5930,1.);
#5930 = DIRECTION('',(1.,0.,0.));
#5931 = ORIENTED_EDGE('',*,*,#4647,.F.);
#5932 = ORIENTED_EDGE('',*,*,#5933,.F.);
#5933 = EDGE_CURVE('',#4711,#4640,#5934,.T.);
#5934 = LINE('',#5935,#5936);
#5935 = CARTESIAN_POINT('',(-88.,-52.5,20.));
#5936 = VECTOR('',#5937,1.);
#5937 = DIRECTION('',(1.,0.,0.));
#5938 = ORIENTED_EDGE('',*,*,#4710,.F.);
#5939 = ORIENTED_EDGE('',*,*,#5505,.T.);
#5940 = FACE_BOUND('',#5941,.T.);
#5941 = EDGE_LOOP('',(#5942,#5943,#5944,#5945));
#5942 = ORIENTED_EDGE('',*,*,#5002,.F.);
#5943 = ORIENTED_EDGE('',*,*,#5028,.T.);
#5944 = ORIENTED_EDGE('',*,*,#4954,.F.);
#5945 = ORIENTED_EDGE('',*,*,#4979,.F.);
#5946 = FACE_BOUND('',#5947,.T.);
#5947 = EDGE_LOOP('',(#5948,#5949,#5950,#5951));
#5948 = ORIENTED_EDGE('',*,*,#4904,.F.);
#5949 = ORIENTED_EDGE('',*,*,#4930,.T.);
#5950 = ORIENTED_EDGE('',*,*,#4856,.F.);
#5951 = ORIENTED_EDGE('',*,*,#4881,.F.);
#5952 = FACE_BOUND('',#5953,.T.);
#5953 = EDGE_LOOP('',(#5954,#5955,#5956,#5957));
#5954 = ORIENTED_EDGE('',*,*,#4806,.F.);
#5955 = ORIENTED_EDGE('',*,*,#4832,.T.);
#5956 = ORIENTED_EDGE('',*,*,#4758,.F.);
#5957 = ORIENTED_EDGE('',*,*,#4783,.F.);
#5958 = PLANE('',#5959);
#5959 = AXIS2_PLACEMENT_3D('',#5960,#5961,#5962);
#5960 = CARTESIAN_POINT('',(-2.222236737516E-15,0.,20.));
#5961 = DIRECTION('',(-0.,-0.,-1.));
#5962 = DIRECTION('',(-1.,0.,0.));
#5963 = ADVANCED_FACE('',(#5964),#5970,.T.);
#5964 = FACE_BOUND('',#5965,.T.);
#5965 = EDGE_LOOP('',(#5966,#5967,#5968,#5969));
#5966 = ORIENTED_EDGE('',*,*,#4610,.F.);
#5967 = ORIENTED_EDGE('',*,*,#4656,.F.);
#5968 = ORIENTED_EDGE('',*,*,#5926,.T.);
#5969 = ORIENTED_EDGE('',*,*,#4568,.T.);
#5970 = PLANE('',#5971);
#5971 = AXIS2_PLACEMENT_3D('',#5972,#5973,#5974);
#5972 = CARTESIAN_POINT('',(-88.,-52.5,14.));
#5973 = DIRECTION('',(0.,1.,0.));
#5974 = DIRECTION('',(0.,0.,1.));
#5975 = ADVANCED_FACE('',(#5976),#5982,.T.);
#5976 = FACE_BOUND('',#5977,.T.);
#5977 = EDGE_LOOP('',(#5978,#5979,#5980,#5981));
#5978 = ORIENTED_EDGE('',*,*,#4681,.F.);
#5979 = ORIENTED_EDGE('',*,*,#4719,.F.);
#5980 = ORIENTED_EDGE('',*,*,#5933,.T.);
#5981 = ORIENTED_EDGE('',*,*,#4639,.T.);
#5982 = PLANE('',#5983);
#5983 = AXIS2_PLACEMENT_3D('',#5984,#5985,#5986);
#5984 = CARTESIAN_POINT('',(-88.,-52.5,14.));
#5985 = DIRECTION('',(0.,1.,0.));
#5986 = DIRECTION('',(0.,0.,1.));
#5987 = ADVANCED_FACE('',(#5988,#6006,#6012),#6018,.T.);
#5988 = FACE_BOUND('',#5989,.T.);
#5989 = EDGE_LOOP('',(#5990,#5991,#5992,#5993,#5994,#5995,#5996,#5997,
    #5998,#5999,#6000,#6001,#6002,#6003,#6004,#6005));
#5990 = ORIENTED_EDGE('',*,*,#5886,.F.);
#5991 = ORIENTED_EDGE('',*,*,#5904,.T.);
#5992 = ORIENTED_EDGE('',*,*,#5699,.T.);
#5993 = ORIENTED_EDGE('',*,*,#5355,.T.);
#5994 = ORIENTED_EDGE('',*,*,#5282,.F.);
#5995 = ORIENTED_EDGE('',*,*,#5307,.F.);
#5996 = ORIENTED_EDGE('',*,*,#5716,.T.);
#5997 = ORIENTED_EDGE('',*,*,#5461,.T.);
#5998 = ORIENTED_EDGE('',*,*,#5388,.F.);
#5999 = ORIENTED_EDGE('',*,*,#5413,.F.);
#6000 = ORIENTED_EDGE('',*,*,#5733,.T.);
#6001 = ORIENTED_EDGE('',*,*,#5765,.T.);
#6002 = ORIENTED_EDGE('',*,*,#5782,.T.);
#6003 = ORIENTED_EDGE('',*,*,#5814,.F.);
#6004 = ORIENTED_EDGE('',*,*,#5837,.F.);
#6005 = ORIENTED_EDGE('',*,*,#5854,.T.);
#6006 = FACE_BOUND('',#6007,.T.);
#6007 = EDGE_LOOP('',(#6008,#6009,#6010,#6011));
#6008 = ORIENTED_EDGE('',*,*,#5215,.F.);
#6009 = ORIENTED_EDGE('',*,*,#5241,.T.);
#6010 = ORIENTED_EDGE('',*,*,#5167,.F.);
#6011 = ORIENTED_EDGE('',*,*,#5192,.F.);
#6012 = FACE_BOUND('',#6013,.T.);
#6013 = EDGE_LOOP('',(#6014,#6015,#6016,#6017));
#6014 = ORIENTED_EDGE('',*,*,#5117,.F.);
#6015 = ORIENTED_EDGE('',*,*,#5143,.T.);
#6016 = ORIENTED_EDGE('',*,*,#5069,.F.);
#6017 = ORIENTED_EDGE('',*,*,#5094,.F.);
#6018 = PLANE('',#6019);
#6019 = AXIS2_PLACEMENT_3D('',#6020,#6021,#6022);
#6020 = CARTESIAN_POINT('',(-2.222236737516E-15,0.,20.));
#6021 = DIRECTION('',(-0.,-0.,-1.));
#6022 = DIRECTION('',(-1.,0.,0.));
#6023 = MANIFOLD_SOLID_BREP('',#6024);
#6024 = CLOSED_SHELL('',(#6025,#6067,#6098,#6251,#6275,#6421,#6438,#6455
    ,#6472,#6489,#6501,#6518,#6535,#6557,#6574,#6591,#6603,#6625,#6642,
    #6659));
#6025 = ADVANCED_FACE('',(#6026),#6062,.T.);
#6026 = FACE_BOUND('',#6027,.F.);
#6027 = EDGE_LOOP('',(#6028,#6038,#6047,#6055));
#6028 = ORIENTED_EDGE('',*,*,#6029,.F.);
#6029 = EDGE_CURVE('',#6030,#6032,#6034,.T.);
#6030 = VERTEX_POINT('',#6031);
#6031 = CARTESIAN_POINT('',(-76.,-67.,0.));
#6032 = VERTEX_POINT('',#6033);
#6033 = CARTESIAN_POINT('',(-76.,-67.,6.));
#6034 = LINE('',#6035,#6036);
#6035 = CARTESIAN_POINT('',(-76.,-67.,0.));
#6036 = VECTOR('',#6037,1.);
#6037 = DIRECTION('',(0.,0.,1.));
#6038 = ORIENTED_EDGE('',*,*,#6039,.F.);
#6039 = EDGE_CURVE('',#6040,#6030,#6042,.T.);
#6040 = VERTEX_POINT('',#6041);
#6041 = CARTESIAN_POINT('',(-80.,-63.,0.));
#6042 = CIRCLE('',#6043,4.);
#6043 = AXIS2_PLACEMENT_3D('',#6044,#6045,#6046);
#6044 = CARTESIAN_POINT('',(-76.,-63.,0.));
#6045 = DIRECTION('',(0.,0.,1.));
#6046 = DIRECTION('',(1.,0.,0.));
#6047 = ORIENTED_EDGE('',*,*,#6048,.T.);
#6048 = EDGE_CURVE('',#6040,#6049,#6051,.T.);
#6049 = VERTEX_POINT('',#6050);
#6050 = CARTESIAN_POINT('',(-80.,-63.,6.));
#6051 = LINE('',#6052,#6053);
#6052 = CARTESIAN_POINT('',(-80.,-63.,0.));
#6053 = VECTOR('',#6054,1.);
#6054 = DIRECTION('',(0.,0.,1.));
#6055 = ORIENTED_EDGE('',*,*,#6056,.T.);
#6056 = EDGE_CURVE('',#6049,#6032,#6057,.T.);
#6057 = CIRCLE('',#6058,4.);
#6058 = AXIS2_PLACEMENT_3D('',#6059,#6060,#6061);
#6059 = CARTESIAN_POINT('',(-76.,-63.,6.));
#6060 = DIRECTION('',(0.,0.,1.));
#6061 = DIRECTION('',(1.,0.,0.));
#6062 = CYLINDRICAL_SURFACE('',#6063,4.);
#6063 = AXIS2_PLACEMENT_3D('',#6064,#6065,#6066);
#6064 = CARTESIAN_POINT('',(-76.,-63.,0.));
#6065 = DIRECTION('',(-0.,-0.,-1.));
#6066 = DIRECTION('',(1.,0.,0.));
#6067 = ADVANCED_FACE('',(#6068),#6093,.F.);
#6068 = FACE_BOUND('',#6069,.F.);
#6069 = EDGE_LOOP('',(#6070,#6078,#6079,#6087));
#6070 = ORIENTED_EDGE('',*,*,#6071,.F.);
#6071 = EDGE_CURVE('',#6030,#6072,#6074,.T.);
#6072 = VERTEX_POINT('',#6073);
#6073 = CARTESIAN_POINT('',(76.,-67.,0.));
#6074 = LINE('',#6075,#6076);
#6075 = CARTESIAN_POINT('',(-76.,-67.,0.));
#6076 = VECTOR('',#6077,1.);
#6077 = DIRECTION('',(1.,0.,0.));
#6078 = ORIENTED_EDGE('',*,*,#6029,.T.);
#6079 = ORIENTED_EDGE('',*,*,#6080,.T.);
#6080 = EDGE_CURVE('',#6032,#6081,#6083,.T.);
#6081 = VERTEX_POINT('',#6082);
#6082 = CARTESIAN_POINT('',(76.,-67.,6.));
#6083 = LINE('',#6084,#6085);
#6084 = CARTESIAN_POINT('',(-76.,-67.,6.));
#6085 = VECTOR('',#6086,1.);
#6086 = DIRECTION('',(1.,0.,0.));
#6087 = ORIENTED_EDGE('',*,*,#6088,.F.);
#6088 = EDGE_CURVE('',#6072,#6081,#6089,.T.);
#6089 = LINE('',#6090,#6091);
#6090 = CARTESIAN_POINT('',(76.,-67.,0.));
#6091 = VECTOR('',#6092,1.);
#6092 = DIRECTION('',(0.,0.,1.));
#6093 = PLANE('',#6094);
#6094 = AXIS2_PLACEMENT_3D('',#6095,#6096,#6097);
#6095 = CARTESIAN_POINT('',(-76.,-67.,0.));
#6096 = DIRECTION('',(0.,1.,0.));
#6097 = DIRECTION('',(0.,0.,1.));
#6098 = ADVANCED_FACE('',(#6099,#6152,#6163,#6174,#6210),#6246,.T.);
#6099 = FACE_BOUND('',#6100,.T.);
#6100 = EDGE_LOOP('',(#6101,#6102,#6103,#6112,#6120,#6129,#6137,#6146));
#6101 = ORIENTED_EDGE('',*,*,#6056,.T.);
#6102 = ORIENTED_EDGE('',*,*,#6080,.T.);
#6103 = ORIENTED_EDGE('',*,*,#6104,.T.);
#6104 = EDGE_CURVE('',#6081,#6105,#6107,.T.);
#6105 = VERTEX_POINT('',#6106);
#6106 = CARTESIAN_POINT('',(80.,-63.,6.));
#6107 = CIRCLE('',#6108,4.);
#6108 = AXIS2_PLACEMENT_3D('',#6109,#6110,#6111);
#6109 = CARTESIAN_POINT('',(76.,-63.,6.));
#6110 = DIRECTION('',(0.,0.,1.));
#6111 = DIRECTION('',(1.,0.,0.));
#6112 = ORIENTED_EDGE('',*,*,#6113,.T.);
#6113 = EDGE_CURVE('',#6105,#6114,#6116,.T.);
#6114 = VERTEX_POINT('',#6115);
#6115 = CARTESIAN_POINT('',(80.,-47.,6.));
#6116 = LINE('',#6117,#6118);
#6117 = CARTESIAN_POINT('',(80.,-63.,6.));
#6118 = VECTOR('',#6119,1.);
#6119 = DIRECTION('',(0.,1.,0.));
#6120 = ORIENTED_EDGE('',*,*,#6121,.T.);
#6121 = EDGE_CURVE('',#6114,#6122,#6124,.T.);
#6122 = VERTEX_POINT('',#6123);
#6123 = CARTESIAN_POINT('',(76.,-43.,6.));
#6124 = CIRCLE('',#6125,4.);
#6125 = AXIS2_PLACEMENT_3D('',#6126,#6127,#6128);
#6126 = CARTESIAN_POINT('',(76.,-47.,6.));
#6127 = DIRECTION('',(0.,0.,1.));
#6128 = DIRECTION('',(1.,0.,0.));
#6129 = ORIENTED_EDGE('',*,*,#6130,.F.);
#6130 = EDGE_CURVE('',#6131,#6122,#6133,.T.);
#6131 = VERTEX_POINT('',#6132);
#6132 = CARTESIAN_POINT('',(-76.,-43.,6.));
#6133 = LINE('',#6134,#6135);
#6134 = CARTESIAN_POINT('',(-76.,-43.,6.));
#6135 = VECTOR('',#6136,1.);
#6136 = DIRECTION('',(1.,0.,0.));
#6137 = ORIENTED_EDGE('',*,*,#6138,.T.);
#6138 = EDGE_CURVE('',#6131,#6139,#6141,.T.);
#6139 = VERTEX_POINT('',#6140);
#6140 = CARTESIAN_POINT('',(-80.,-47.,6.));
#6141 = CIRCLE('',#6142,4.);
#6142 = AXIS2_PLACEMENT_3D('',#6143,#6144,#6145);
#6143 = CARTESIAN_POINT('',(-76.,-47.,6.));
#6144 = DIRECTION('',(0.,0.,1.));
#6145 = DIRECTION('',(1.,0.,0.));
#6146 = ORIENTED_EDGE('',*,*,#6147,.F.);
#6147 = EDGE_CURVE('',#6049,#6139,#6148,.T.);
#6148 = LINE('',#6149,#6150);
#6149 = CARTESIAN_POINT('',(-80.,-63.,6.));
#6150 = VECTOR('',#6151,1.);
#6151 = DIRECTION('',(0.,1.,0.));
#6152 = FACE_BOUND('',#6153,.T.);
#6153 = EDGE_LOOP('',(#6154));
#6154 = ORIENTED_EDGE('',*,*,#6155,.T.);
#6155 = EDGE_CURVE('',#6156,#6156,#6158,.T.);
#6156 = VERTEX_POINT('',#6157);
#6157 = CARTESIAN_POINT('',(-65.7,-55.,6.));
#6158 = CIRCLE('',#6159,2.3);
#6159 = AXIS2_PLACEMENT_3D('',#6160,#6161,#6162);
#6160 = CARTESIAN_POINT('',(-68.,-55.,6.));
#6161 = DIRECTION('',(0.,0.,-1.));
#6162 = DIRECTION('',(1.,0.,0.));
#6163 = FACE_BOUND('',#6164,.T.);
#6164 = EDGE_LOOP('',(#6165));
#6165 = ORIENTED_EDGE('',*,*,#6166,.T.);
#6166 = EDGE_CURVE('',#6167,#6167,#6169,.T.);
#6167 = VERTEX_POINT('',#6168);
#6168 = CARTESIAN_POINT('',(70.3,-55.,6.));
#6169 = CIRCLE('',#6170,2.3);
#6170 = AXIS2_PLACEMENT_3D('',#6171,#6172,#6173);
#6171 = CARTESIAN_POINT('',(68.,-55.,6.));
#6172 = DIRECTION('',(0.,0.,-1.));
#6173 = DIRECTION('',(1.,0.,0.));
#6174 = FACE_BOUND('',#6175,.T.);
#6175 = EDGE_LOOP('',(#6176,#6186,#6195,#6203));
#6176 = ORIENTED_EDGE('',*,*,#6177,.T.);
#6177 = EDGE_CURVE('',#6178,#6180,#6182,.T.);
#6178 = VERTEX_POINT('',#6179);
#6179 = CARTESIAN_POINT('',(-25.3,-57.3,6.));
#6180 = VERTEX_POINT('',#6181);
#6181 = CARTESIAN_POINT('',(-32.7,-57.3,6.));
#6182 = LINE('',#6183,#6184);
#6183 = CARTESIAN_POINT('',(-16.35,-57.3,6.));
#6184 = VECTOR('',#6185,1.);
#6185 = DIRECTION('',(-1.,0.,0.));
#6186 = ORIENTED_EDGE('',*,*,#6187,.T.);
#6187 = EDGE_CURVE('',#6180,#6188,#6190,.T.);
#6188 = VERTEX_POINT('',#6189);
#6189 = CARTESIAN_POINT('',(-32.7,-52.7,6.));
#6190 = CIRCLE('',#6191,2.3);
#6191 = AXIS2_PLACEMENT_3D('',#6192,#6193,#6194);
#6192 = CARTESIAN_POINT('',(-32.7,-55.,6.));
#6193 = DIRECTION('',(0.,0.,-1.));
#6194 = DIRECTION('',(1.,0.,0.));
#6195 = ORIENTED_EDGE('',*,*,#6196,.F.);
#6196 = EDGE_CURVE('',#6197,#6188,#6199,.T.);
#6197 = VERTEX_POINT('',#6198);
#6198 = CARTESIAN_POINT('',(-25.3,-52.7,6.));
#6199 = LINE('',#6200,#6201);
#6200 = CARTESIAN_POINT('',(-16.35,-52.7,6.));
#6201 = VECTOR('',#6202,1.);
#6202 = DIRECTION('',(-1.,0.,0.));
#6203 = ORIENTED_EDGE('',*,*,#6204,.T.);
#6204 = EDGE_CURVE('',#6197,#6178,#6205,.T.);
#6205 = CIRCLE('',#6206,2.3);
#6206 = AXIS2_PLACEMENT_3D('',#6207,#6208,#6209);
#6207 = CARTESIAN_POINT('',(-25.3,-55.,6.));
#6208 = DIRECTION('',(0.,0.,-1.));
#6209 = DIRECTION('',(1.,0.,0.));
#6210 = FACE_BOUND('',#6211,.T.);
#6211 = EDGE_LOOP('',(#6212,#6222,#6231,#6239));
#6212 = ORIENTED_EDGE('',*,*,#6213,.T.);
#6213 = EDGE_CURVE('',#6214,#6216,#6218,.T.);
#6214 = VERTEX_POINT('',#6215);
#6215 = CARTESIAN_POINT('',(32.7,-57.3,6.));
#6216 = VERTEX_POINT('',#6217);
#6217 = CARTESIAN_POINT('',(25.3,-57.3,6.));
#6218 = LINE('',#6219,#6220);
#6219 = CARTESIAN_POINT('',(12.65,-57.3,6.));
#6220 = VECTOR('',#6221,1.);
#6221 = DIRECTION('',(-1.,0.,0.));
#6222 = ORIENTED_EDGE('',*,*,#6223,.T.);
#6223 = EDGE_CURVE('',#6216,#6224,#6226,.T.);
#6224 = VERTEX_POINT('',#6225);
#6225 = CARTESIAN_POINT('',(25.3,-52.7,6.));
#6226 = CIRCLE('',#6227,2.3);
#6227 = AXIS2_PLACEMENT_3D('',#6228,#6229,#6230);
#6228 = CARTESIAN_POINT('',(25.3,-55.,6.));
#6229 = DIRECTION('',(0.,0.,-1.));
#6230 = DIRECTION('',(1.,0.,0.));
#6231 = ORIENTED_EDGE('',*,*,#6232,.F.);
#6232 = EDGE_CURVE('',#6233,#6224,#6235,.T.);
#6233 = VERTEX_POINT('',#6234);
#6234 = CARTESIAN_POINT('',(32.7,-52.7,6.));
#6235 = LINE('',#6236,#6237);
#6236 = CARTESIAN_POINT('',(12.65,-52.7,6.));
#6237 = VECTOR('',#6238,1.);
#6238 = DIRECTION('',(-1.,0.,0.));
#6239 = ORIENTED_EDGE('',*,*,#6240,.T.);
#6240 = EDGE_CURVE('',#6233,#6214,#6241,.T.);
#6241 = CIRCLE('',#6242,2.3);
#6242 = AXIS2_PLACEMENT_3D('',#6243,#6244,#6245);
#6243 = CARTESIAN_POINT('',(32.7,-55.,6.));
#6244 = DIRECTION('',(0.,0.,-1.));
#6245 = DIRECTION('',(1.,0.,0.));
#6246 = PLANE('',#6247);
#6247 = AXIS2_PLACEMENT_3D('',#6248,#6249,#6250);
#6248 = CARTESIAN_POINT('',(1.260223361352E-15,-55.,6.));
#6249 = DIRECTION('',(0.,0.,1.));
#6250 = DIRECTION('',(1.,0.,0.));
#6251 = ADVANCED_FACE('',(#6252),#6270,.F.);
#6252 = FACE_BOUND('',#6253,.F.);
#6253 = EDGE_LOOP('',(#6254,#6255,#6263,#6269));
#6254 = ORIENTED_EDGE('',*,*,#6048,.F.);
#6255 = ORIENTED_EDGE('',*,*,#6256,.T.);
#6256 = EDGE_CURVE('',#6040,#6257,#6259,.T.);
#6257 = VERTEX_POINT('',#6258);
#6258 = CARTESIAN_POINT('',(-80.,-47.,0.));
#6259 = LINE('',#6260,#6261);
#6260 = CARTESIAN_POINT('',(-80.,-63.,0.));
#6261 = VECTOR('',#6262,1.);
#6262 = DIRECTION('',(0.,1.,0.));
#6263 = ORIENTED_EDGE('',*,*,#6264,.T.);
#6264 = EDGE_CURVE('',#6257,#6139,#6265,.T.);
#6265 = LINE('',#6266,#6267);
#6266 = CARTESIAN_POINT('',(-80.,-47.,0.));
#6267 = VECTOR('',#6268,1.);
#6268 = DIRECTION('',(0.,0.,1.));
#6269 = ORIENTED_EDGE('',*,*,#6147,.F.);
#6270 = PLANE('',#6271);
#6271 = AXIS2_PLACEMENT_3D('',#6272,#6273,#6274);
#6272 = CARTESIAN_POINT('',(-80.,-63.,0.));
#6273 = DIRECTION('',(1.,0.,0.));
#6274 = DIRECTION('',(0.,0.,1.));
#6275 = ADVANCED_FACE('',(#6276,#6322,#6333,#6344,#6380),#6416,.T.);
#6276 = FACE_BOUND('',#6277,.T.);
#6277 = EDGE_LOOP('',(#6278,#6279,#6280,#6289,#6297,#6306,#6314,#6321));
#6278 = ORIENTED_EDGE('',*,*,#6039,.F.);
#6279 = ORIENTED_EDGE('',*,*,#6256,.T.);
#6280 = ORIENTED_EDGE('',*,*,#6281,.F.);
#6281 = EDGE_CURVE('',#6282,#6257,#6284,.T.);
#6282 = VERTEX_POINT('',#6283);
#6283 = CARTESIAN_POINT('',(-76.,-43.,0.));
#6284 = CIRCLE('',#6285,4.);
#6285 = AXIS2_PLACEMENT_3D('',#6286,#6287,#6288);
#6286 = CARTESIAN_POINT('',(-76.,-47.,0.));
#6287 = DIRECTION('',(0.,0.,1.));
#6288 = DIRECTION('',(1.,0.,0.));
#6289 = ORIENTED_EDGE('',*,*,#6290,.T.);
#6290 = EDGE_CURVE('',#6282,#6291,#6293,.T.);
#6291 = VERTEX_POINT('',#6292);
#6292 = CARTESIAN_POINT('',(76.,-43.,0.));
#6293 = LINE('',#6294,#6295);
#6294 = CARTESIAN_POINT('',(-76.,-43.,0.));
#6295 = VECTOR('',#6296,1.);
#6296 = DIRECTION('',(1.,0.,0.));
#6297 = ORIENTED_EDGE('',*,*,#6298,.F.);
#6298 = EDGE_CURVE('',#6299,#6291,#6301,.T.);
#6299 = VERTEX_POINT('',#6300);
#6300 = CARTESIAN_POINT('',(80.,-47.,0.));
#6301 = CIRCLE('',#6302,4.);
#6302 = AXIS2_PLACEMENT_3D('',#6303,#6304,#6305);
#6303 = CARTESIAN_POINT('',(76.,-47.,0.));
#6304 = DIRECTION('',(0.,0.,1.));
#6305 = DIRECTION('',(1.,0.,0.));
#6306 = ORIENTED_EDGE('',*,*,#6307,.F.);
#6307 = EDGE_CURVE('',#6308,#6299,#6310,.T.);
#6308 = VERTEX_POINT('',#6309);
#6309 = CARTESIAN_POINT('',(80.,-63.,0.));
#6310 = LINE('',#6311,#6312);
#6311 = CARTESIAN_POINT('',(80.,-63.,0.));
#6312 = VECTOR('',#6313,1.);
#6313 = DIRECTION('',(0.,1.,0.));
#6314 = ORIENTED_EDGE('',*,*,#6315,.F.);
#6315 = EDGE_CURVE('',#6072,#6308,#6316,.T.);
#6316 = CIRCLE('',#6317,4.);
#6317 = AXIS2_PLACEMENT_3D('',#6318,#6319,#6320);
#6318 = CARTESIAN_POINT('',(76.,-63.,0.));
#6319 = DIRECTION('',(0.,0.,1.));
#6320 = DIRECTION('',(1.,0.,0.));
#6321 = ORIENTED_EDGE('',*,*,#6071,.F.);
#6322 = FACE_BOUND('',#6323,.T.);
#6323 = EDGE_LOOP('',(#6324));
#6324 = ORIENTED_EDGE('',*,*,#6325,.F.);
#6325 = EDGE_CURVE('',#6326,#6326,#6328,.T.);
#6326 = VERTEX_POINT('',#6327);
#6327 = CARTESIAN_POINT('',(70.3,-55.,0.));
#6328 = CIRCLE('',#6329,2.3);
#6329 = AXIS2_PLACEMENT_3D('',#6330,#6331,#6332);
#6330 = CARTESIAN_POINT('',(68.,-55.,0.));
#6331 = DIRECTION('',(0.,0.,-1.));
#6332 = DIRECTION('',(1.,0.,0.));
#6333 = FACE_BOUND('',#6334,.T.);
#6334 = EDGE_LOOP('',(#6335));
#6335 = ORIENTED_EDGE('',*,*,#6336,.F.);
#6336 = EDGE_CURVE('',#6337,#6337,#6339,.T.);
#6337 = VERTEX_POINT('',#6338);
#6338 = CARTESIAN_POINT('',(-65.7,-55.,0.));
#6339 = CIRCLE('',#6340,2.3);
#6340 = AXIS2_PLACEMENT_3D('',#6341,#6342,#6343);
#6341 = CARTESIAN_POINT('',(-68.,-55.,0.));
#6342 = DIRECTION('',(0.,0.,-1.));
#6343 = DIRECTION('',(1.,0.,0.));
#6344 = FACE_BOUND('',#6345,.T.);
#6345 = EDGE_LOOP('',(#6346,#6357,#6365,#6374));
#6346 = ORIENTED_EDGE('',*,*,#6347,.F.);
#6347 = EDGE_CURVE('',#6348,#6350,#6352,.T.);
#6348 = VERTEX_POINT('',#6349);
#6349 = CARTESIAN_POINT('',(25.3,-57.3,0.));
#6350 = VERTEX_POINT('',#6351);
#6351 = CARTESIAN_POINT('',(25.3,-52.7,0.));
#6352 = CIRCLE('',#6353,2.3);
#6353 = AXIS2_PLACEMENT_3D('',#6354,#6355,#6356);
#6354 = CARTESIAN_POINT('',(25.3,-55.,0.));
#6355 = DIRECTION('',(0.,0.,-1.));
#6356 = DIRECTION('',(1.,0.,0.));
#6357 = ORIENTED_EDGE('',*,*,#6358,.T.);
#6358 = EDGE_CURVE('',#6348,#6359,#6361,.T.);
#6359 = VERTEX_POINT('',#6360);
#6360 = CARTESIAN_POINT('',(32.7,-57.3,0.));
#6361 = LINE('',#6362,#6363);
#6362 = CARTESIAN_POINT('',(12.65,-57.3,0.));
#6363 = VECTOR('',#6364,1.);
#6364 = DIRECTION('',(1.,0.,0.));
#6365 = ORIENTED_EDGE('',*,*,#6366,.F.);
#6366 = EDGE_CURVE('',#6367,#6359,#6369,.T.);
#6367 = VERTEX_POINT('',#6368);
#6368 = CARTESIAN_POINT('',(32.7,-52.7,0.));
#6369 = CIRCLE('',#6370,2.3);
#6370 = AXIS2_PLACEMENT_3D('',#6371,#6372,#6373);
#6371 = CARTESIAN_POINT('',(32.7,-55.,0.));
#6372 = DIRECTION('',(0.,0.,-1.));
#6373 = DIRECTION('',(1.,0.,0.));
#6374 = ORIENTED_EDGE('',*,*,#6375,.F.);
#6375 = EDGE_CURVE('',#6350,#6367,#6376,.T.);
#6376 = LINE('',#6377,#6378);
#6377 = CARTESIAN_POINT('',(12.65,-52.7,0.));
#6378 = VECTOR('',#6379,1.);
#6379 = DIRECTION('',(1.,0.,0.));
#6380 = FACE_BOUND('',#6381,.T.);
#6381 = EDGE_LOOP('',(#6382,#6393,#6401,#6410));
#6382 = ORIENTED_EDGE('',*,*,#6383,.F.);
#6383 = EDGE_CURVE('',#6384,#6386,#6388,.T.);
#6384 = VERTEX_POINT('',#6385);
#6385 = CARTESIAN_POINT('',(-32.7,-57.3,0.));
#6386 = VERTEX_POINT('',#6387);
#6387 = CARTESIAN_POINT('',(-32.7,-52.7,0.));
#6388 = CIRCLE('',#6389,2.3);
#6389 = AXIS2_PLACEMENT_3D('',#6390,#6391,#6392);
#6390 = CARTESIAN_POINT('',(-32.7,-55.,0.));
#6391 = DIRECTION('',(0.,0.,-1.));
#6392 = DIRECTION('',(1.,0.,0.));
#6393 = ORIENTED_EDGE('',*,*,#6394,.T.);
#6394 = EDGE_CURVE('',#6384,#6395,#6397,.T.);
#6395 = VERTEX_POINT('',#6396);
#6396 = CARTESIAN_POINT('',(-25.3,-57.3,0.));
#6397 = LINE('',#6398,#6399);
#6398 = CARTESIAN_POINT('',(-16.35,-57.3,0.));
#6399 = VECTOR('',#6400,1.);
#6400 = DIRECTION('',(1.,0.,0.));
#6401 = ORIENTED_EDGE('',*,*,#6402,.F.);
#6402 = EDGE_CURVE('',#6403,#6395,#6405,.T.);
#6403 = VERTEX_POINT('',#6404);
#6404 = CARTESIAN_POINT('',(-25.3,-52.7,0.));
#6405 = CIRCLE('',#6406,2.3);
#6406 = AXIS2_PLACEMENT_3D('',#6407,#6408,#6409);
#6407 = CARTESIAN_POINT('',(-25.3,-55.,0.));
#6408 = DIRECTION('',(0.,0.,-1.));
#6409 = DIRECTION('',(1.,0.,0.));
#6410 = ORIENTED_EDGE('',*,*,#6411,.F.);
#6411 = EDGE_CURVE('',#6386,#6403,#6412,.T.);
#6412 = LINE('',#6413,#6414);
#6413 = CARTESIAN_POINT('',(-16.35,-52.7,0.));
#6414 = VECTOR('',#6415,1.);
#6415 = DIRECTION('',(1.,0.,0.));
#6416 = PLANE('',#6417);
#6417 = AXIS2_PLACEMENT_3D('',#6418,#6419,#6420);
#6418 = CARTESIAN_POINT('',(0.,-55.,0.));
#6419 = DIRECTION('',(-0.,-0.,-1.));
#6420 = DIRECTION('',(-1.,0.,0.));
#6421 = ADVANCED_FACE('',(#6422),#6433,.T.);
#6422 = FACE_BOUND('',#6423,.F.);
#6423 = EDGE_LOOP('',(#6424,#6430,#6431,#6432));
#6424 = ORIENTED_EDGE('',*,*,#6425,.F.);
#6425 = EDGE_CURVE('',#6308,#6105,#6426,.T.);
#6426 = LINE('',#6427,#6428);
#6427 = CARTESIAN_POINT('',(80.,-63.,0.));
#6428 = VECTOR('',#6429,1.);
#6429 = DIRECTION('',(0.,0.,1.));
#6430 = ORIENTED_EDGE('',*,*,#6315,.F.);
#6431 = ORIENTED_EDGE('',*,*,#6088,.T.);
#6432 = ORIENTED_EDGE('',*,*,#6104,.T.);
#6433 = CYLINDRICAL_SURFACE('',#6434,4.);
#6434 = AXIS2_PLACEMENT_3D('',#6435,#6436,#6437);
#6435 = CARTESIAN_POINT('',(76.,-63.,0.));
#6436 = DIRECTION('',(-0.,-0.,-1.));
#6437 = DIRECTION('',(1.,0.,0.));
#6438 = ADVANCED_FACE('',(#6439),#6450,.T.);
#6439 = FACE_BOUND('',#6440,.F.);
#6440 = EDGE_LOOP('',(#6441,#6442,#6448,#6449));
#6441 = ORIENTED_EDGE('',*,*,#6281,.F.);
#6442 = ORIENTED_EDGE('',*,*,#6443,.T.);
#6443 = EDGE_CURVE('',#6282,#6131,#6444,.T.);
#6444 = LINE('',#6445,#6446);
#6445 = CARTESIAN_POINT('',(-76.,-43.,0.));
#6446 = VECTOR('',#6447,1.);
#6447 = DIRECTION('',(0.,0.,1.));
#6448 = ORIENTED_EDGE('',*,*,#6138,.T.);
#6449 = ORIENTED_EDGE('',*,*,#6264,.F.);
#6450 = CYLINDRICAL_SURFACE('',#6451,4.);
#6451 = AXIS2_PLACEMENT_3D('',#6452,#6453,#6454);
#6452 = CARTESIAN_POINT('',(-76.,-47.,0.));
#6453 = DIRECTION('',(-0.,-0.,-1.));
#6454 = DIRECTION('',(1.,0.,0.));
#6455 = ADVANCED_FACE('',(#6456),#6467,.T.);
#6456 = FACE_BOUND('',#6457,.T.);
#6457 = EDGE_LOOP('',(#6458,#6459,#6460,#6461));
#6458 = ORIENTED_EDGE('',*,*,#6290,.F.);
#6459 = ORIENTED_EDGE('',*,*,#6443,.T.);
#6460 = ORIENTED_EDGE('',*,*,#6130,.T.);
#6461 = ORIENTED_EDGE('',*,*,#6462,.F.);
#6462 = EDGE_CURVE('',#6291,#6122,#6463,.T.);
#6463 = LINE('',#6464,#6465);
#6464 = CARTESIAN_POINT('',(76.,-43.,0.));
#6465 = VECTOR('',#6466,1.);
#6466 = DIRECTION('',(0.,0.,1.));
#6467 = PLANE('',#6468);
#6468 = AXIS2_PLACEMENT_3D('',#6469,#6470,#6471);
#6469 = CARTESIAN_POINT('',(-76.,-43.,0.));
#6470 = DIRECTION('',(0.,1.,0.));
#6471 = DIRECTION('',(0.,0.,1.));
#6472 = ADVANCED_FACE('',(#6473),#6484,.T.);
#6473 = FACE_BOUND('',#6474,.T.);
#6474 = EDGE_LOOP('',(#6475,#6476,#6477,#6483));
#6475 = ORIENTED_EDGE('',*,*,#6425,.F.);
#6476 = ORIENTED_EDGE('',*,*,#6307,.T.);
#6477 = ORIENTED_EDGE('',*,*,#6478,.T.);
#6478 = EDGE_CURVE('',#6299,#6114,#6479,.T.);
#6479 = LINE('',#6480,#6481);
#6480 = CARTESIAN_POINT('',(80.,-47.,0.));
#6481 = VECTOR('',#6482,1.);
#6482 = DIRECTION('',(0.,0.,1.));
#6483 = ORIENTED_EDGE('',*,*,#6113,.F.);
#6484 = PLANE('',#6485);
#6485 = AXIS2_PLACEMENT_3D('',#6486,#6487,#6488);
#6486 = CARTESIAN_POINT('',(80.,-63.,0.));
#6487 = DIRECTION('',(1.,0.,0.));
#6488 = DIRECTION('',(0.,0.,1.));
#6489 = ADVANCED_FACE('',(#6490),#6496,.T.);
#6490 = FACE_BOUND('',#6491,.F.);
#6491 = EDGE_LOOP('',(#6492,#6493,#6494,#6495));
#6492 = ORIENTED_EDGE('',*,*,#6298,.F.);
#6493 = ORIENTED_EDGE('',*,*,#6478,.T.);
#6494 = ORIENTED_EDGE('',*,*,#6121,.T.);
#6495 = ORIENTED_EDGE('',*,*,#6462,.F.);
#6496 = CYLINDRICAL_SURFACE('',#6497,4.);
#6497 = AXIS2_PLACEMENT_3D('',#6498,#6499,#6500);
#6498 = CARTESIAN_POINT('',(76.,-47.,0.));
#6499 = DIRECTION('',(-0.,-0.,-1.));
#6500 = DIRECTION('',(1.,0.,0.));
#6501 = ADVANCED_FACE('',(#6502),#6513,.F.);
#6502 = FACE_BOUND('',#6503,.T.);
#6503 = EDGE_LOOP('',(#6504,#6505,#6511,#6512));
#6504 = ORIENTED_EDGE('',*,*,#6336,.T.);
#6505 = ORIENTED_EDGE('',*,*,#6506,.T.);
#6506 = EDGE_CURVE('',#6337,#6156,#6507,.T.);
#6507 = LINE('',#6508,#6509);
#6508 = CARTESIAN_POINT('',(-65.7,-55.,-1.));
#6509 = VECTOR('',#6510,1.);
#6510 = DIRECTION('',(0.,0.,1.));
#6511 = ORIENTED_EDGE('',*,*,#6155,.F.);
#6512 = ORIENTED_EDGE('',*,*,#6506,.F.);
#6513 = CYLINDRICAL_SURFACE('',#6514,2.3);
#6514 = AXIS2_PLACEMENT_3D('',#6515,#6516,#6517);
#6515 = CARTESIAN_POINT('',(-68.,-55.,-1.));
#6516 = DIRECTION('',(-0.,-0.,-1.));
#6517 = DIRECTION('',(1.,0.,0.));
#6518 = ADVANCED_FACE('',(#6519),#6530,.F.);
#6519 = FACE_BOUND('',#6520,.T.);
#6520 = EDGE_LOOP('',(#6521,#6522,#6528,#6529));
#6521 = ORIENTED_EDGE('',*,*,#6325,.T.);
#6522 = ORIENTED_EDGE('',*,*,#6523,.T.);
#6523 = EDGE_CURVE('',#6326,#6167,#6524,.T.);
#6524 = LINE('',#6525,#6526);
#6525 = CARTESIAN_POINT('',(70.3,-55.,-1.));
#6526 = VECTOR('',#6527,1.);
#6527 = DIRECTION('',(0.,0.,1.));
#6528 = ORIENTED_EDGE('',*,*,#6166,.F.);
#6529 = ORIENTED_EDGE('',*,*,#6523,.F.);
#6530 = CYLINDRICAL_SURFACE('',#6531,2.3);
#6531 = AXIS2_PLACEMENT_3D('',#6532,#6533,#6534);
#6532 = CARTESIAN_POINT('',(68.,-55.,-1.));
#6533 = DIRECTION('',(-0.,-0.,-1.));
#6534 = DIRECTION('',(1.,0.,0.));
#6535 = ADVANCED_FACE('',(#6536),#6552,.T.);
#6536 = FACE_BOUND('',#6537,.T.);
#6537 = EDGE_LOOP('',(#6538,#6539,#6545,#6546));
#6538 = ORIENTED_EDGE('',*,*,#6394,.F.);
#6539 = ORIENTED_EDGE('',*,*,#6540,.T.);
#6540 = EDGE_CURVE('',#6384,#6180,#6541,.T.);
#6541 = LINE('',#6542,#6543);
#6542 = CARTESIAN_POINT('',(-32.7,-57.3,-1.));
#6543 = VECTOR('',#6544,1.);
#6544 = DIRECTION('',(0.,0.,1.));
#6545 = ORIENTED_EDGE('',*,*,#6177,.F.);
#6546 = ORIENTED_EDGE('',*,*,#6547,.F.);
#6547 = EDGE_CURVE('',#6395,#6178,#6548,.T.);
#6548 = LINE('',#6549,#6550);
#6549 = CARTESIAN_POINT('',(-25.3,-57.3,-1.));
#6550 = VECTOR('',#6551,1.);
#6551 = DIRECTION('',(0.,0.,1.));
#6552 = PLANE('',#6553);
#6553 = AXIS2_PLACEMENT_3D('',#6554,#6555,#6556);
#6554 = CARTESIAN_POINT('',(-32.7,-57.3,-1.));
#6555 = DIRECTION('',(0.,1.,0.));
#6556 = DIRECTION('',(0.,0.,1.));
#6557 = ADVANCED_FACE('',(#6558),#6569,.F.);
#6558 = FACE_BOUND('',#6559,.T.);
#6559 = EDGE_LOOP('',(#6560,#6561,#6562,#6563));
#6560 = ORIENTED_EDGE('',*,*,#6402,.T.);
#6561 = ORIENTED_EDGE('',*,*,#6547,.T.);
#6562 = ORIENTED_EDGE('',*,*,#6204,.F.);
#6563 = ORIENTED_EDGE('',*,*,#6564,.F.);
#6564 = EDGE_CURVE('',#6403,#6197,#6565,.T.);
#6565 = LINE('',#6566,#6567);
#6566 = CARTESIAN_POINT('',(-25.3,-52.7,-1.));
#6567 = VECTOR('',#6568,1.);
#6568 = DIRECTION('',(0.,0.,1.));
#6569 = CYLINDRICAL_SURFACE('',#6570,2.3);
#6570 = AXIS2_PLACEMENT_3D('',#6571,#6572,#6573);
#6571 = CARTESIAN_POINT('',(-25.3,-55.,-1.));
#6572 = DIRECTION('',(-0.,-0.,-1.));
#6573 = DIRECTION('',(1.,0.,0.));
#6574 = ADVANCED_FACE('',(#6575),#6586,.F.);
#6575 = FACE_BOUND('',#6576,.F.);
#6576 = EDGE_LOOP('',(#6577,#6578,#6584,#6585));
#6577 = ORIENTED_EDGE('',*,*,#6411,.F.);
#6578 = ORIENTED_EDGE('',*,*,#6579,.T.);
#6579 = EDGE_CURVE('',#6386,#6188,#6580,.T.);
#6580 = LINE('',#6581,#6582);
#6581 = CARTESIAN_POINT('',(-32.7,-52.7,-1.));
#6582 = VECTOR('',#6583,1.);
#6583 = DIRECTION('',(0.,0.,1.));
#6584 = ORIENTED_EDGE('',*,*,#6196,.F.);
#6585 = ORIENTED_EDGE('',*,*,#6564,.F.);
#6586 = PLANE('',#6587);
#6587 = AXIS2_PLACEMENT_3D('',#6588,#6589,#6590);
#6588 = CARTESIAN_POINT('',(-32.7,-52.7,-1.));
#6589 = DIRECTION('',(0.,1.,0.));
#6590 = DIRECTION('',(0.,0.,1.));
#6591 = ADVANCED_FACE('',(#6592),#6598,.F.);
#6592 = FACE_BOUND('',#6593,.T.);
#6593 = EDGE_LOOP('',(#6594,#6595,#6596,#6597));
#6594 = ORIENTED_EDGE('',*,*,#6383,.T.);
#6595 = ORIENTED_EDGE('',*,*,#6579,.T.);
#6596 = ORIENTED_EDGE('',*,*,#6187,.F.);
#6597 = ORIENTED_EDGE('',*,*,#6540,.F.);
#6598 = CYLINDRICAL_SURFACE('',#6599,2.3);
#6599 = AXIS2_PLACEMENT_3D('',#6600,#6601,#6602);
#6600 = CARTESIAN_POINT('',(-32.7,-55.,-1.));
#6601 = DIRECTION('',(-0.,-0.,-1.));
#6602 = DIRECTION('',(1.,0.,0.));
#6603 = ADVANCED_FACE('',(#6604),#6620,.T.);
#6604 = FACE_BOUND('',#6605,.T.);
#6605 = EDGE_LOOP('',(#6606,#6607,#6613,#6614));
#6606 = ORIENTED_EDGE('',*,*,#6358,.F.);
#6607 = ORIENTED_EDGE('',*,*,#6608,.T.);
#6608 = EDGE_CURVE('',#6348,#6216,#6609,.T.);
#6609 = LINE('',#6610,#6611);
#6610 = CARTESIAN_POINT('',(25.3,-57.3,-1.));
#6611 = VECTOR('',#6612,1.);
#6612 = DIRECTION('',(0.,0.,1.));
#6613 = ORIENTED_EDGE('',*,*,#6213,.F.);
#6614 = ORIENTED_EDGE('',*,*,#6615,.F.);
#6615 = EDGE_CURVE('',#6359,#6214,#6616,.T.);
#6616 = LINE('',#6617,#6618);
#6617 = CARTESIAN_POINT('',(32.7,-57.3,-1.));
#6618 = VECTOR('',#6619,1.);
#6619 = DIRECTION('',(0.,0.,1.));
#6620 = PLANE('',#6621);
#6621 = AXIS2_PLACEMENT_3D('',#6622,#6623,#6624);
#6622 = CARTESIAN_POINT('',(25.3,-57.3,-1.));
#6623 = DIRECTION('',(0.,1.,0.));
#6624 = DIRECTION('',(0.,0.,1.));
#6625 = ADVANCED_FACE('',(#6626),#6637,.F.);
#6626 = FACE_BOUND('',#6627,.T.);
#6627 = EDGE_LOOP('',(#6628,#6629,#6630,#6631));
#6628 = ORIENTED_EDGE('',*,*,#6366,.T.);
#6629 = ORIENTED_EDGE('',*,*,#6615,.T.);
#6630 = ORIENTED_EDGE('',*,*,#6240,.F.);
#6631 = ORIENTED_EDGE('',*,*,#6632,.F.);
#6632 = EDGE_CURVE('',#6367,#6233,#6633,.T.);
#6633 = LINE('',#6634,#6635);
#6634 = CARTESIAN_POINT('',(32.7,-52.7,-1.));
#6635 = VECTOR('',#6636,1.);
#6636 = DIRECTION('',(0.,0.,1.));
#6637 = CYLINDRICAL_SURFACE('',#6638,2.3);
#6638 = AXIS2_PLACEMENT_3D('',#6639,#6640,#6641);
#6639 = CARTESIAN_POINT('',(32.7,-55.,-1.));
#6640 = DIRECTION('',(-0.,-0.,-1.));
#6641 = DIRECTION('',(1.,0.,0.));
#6642 = ADVANCED_FACE('',(#6643),#6654,.F.);
#6643 = FACE_BOUND('',#6644,.F.);
#6644 = EDGE_LOOP('',(#6645,#6646,#6652,#6653));
#6645 = ORIENTED_EDGE('',*,*,#6375,.F.);
#6646 = ORIENTED_EDGE('',*,*,#6647,.T.);
#6647 = EDGE_CURVE('',#6350,#6224,#6648,.T.);
#6648 = LINE('',#6649,#6650);
#6649 = CARTESIAN_POINT('',(25.3,-52.7,-1.));
#6650 = VECTOR('',#6651,1.);
#6651 = DIRECTION('',(0.,0.,1.));
#6652 = ORIENTED_EDGE('',*,*,#6232,.F.);
#6653 = ORIENTED_EDGE('',*,*,#6632,.F.);
#6654 = PLANE('',#6655);
#6655 = AXIS2_PLACEMENT_3D('',#6656,#6657,#6658);
#6656 = CARTESIAN_POINT('',(25.3,-52.7,-1.));
#6657 = DIRECTION('',(0.,1.,0.));
#6658 = DIRECTION('',(0.,0.,1.));
#6659 = ADVANCED_FACE('',(#6660),#6666,.F.);
#6660 = FACE_BOUND('',#6661,.T.);
#6661 = EDGE_LOOP('',(#6662,#6663,#6664,#6665));
#6662 = ORIENTED_EDGE('',*,*,#6347,.T.);
#6663 = ORIENTED_EDGE('',*,*,#6647,.T.);
#6664 = ORIENTED_EDGE('',*,*,#6223,.F.);
#6665 = ORIENTED_EDGE('',*,*,#6608,.F.);
#6666 = CYLINDRICAL_SURFACE('',#6667,2.3);
#6667 = AXIS2_PLACEMENT_3D('',#6668,#6669,#6670);
#6668 = CARTESIAN_POINT('',(25.3,-55.,-1.));
#6669 = DIRECTION('',(-0.,-0.,-1.));
#6670 = DIRECTION('',(1.,0.,0.));
#6671 = MANIFOLD_SOLID_BREP('',#6672);
#6672 = CLOSED_SHELL('',(#6673,#6715,#6746,#6899,#6923,#7069,#7086,#7103
    ,#7120,#7137,#7149,#7166,#7183,#7205,#7222,#7239,#7251,#7273,#7290,
    #7307));
#6673 = ADVANCED_FACE('',(#6674),#6710,.T.);
#6674 = FACE_BOUND('',#6675,.F.);
#6675 = EDGE_LOOP('',(#6676,#6686,#6695,#6703));
#6676 = ORIENTED_EDGE('',*,*,#6677,.F.);
#6677 = EDGE_CURVE('',#6678,#6680,#6682,.T.);
#6678 = VERTEX_POINT('',#6679);
#6679 = CARTESIAN_POINT('',(-76.,43.,0.));
#6680 = VERTEX_POINT('',#6681);
#6681 = CARTESIAN_POINT('',(-76.,43.,6.));
#6682 = LINE('',#6683,#6684);
#6683 = CARTESIAN_POINT('',(-76.,43.,0.));
#6684 = VECTOR('',#6685,1.);
#6685 = DIRECTION('',(0.,0.,1.));
#6686 = ORIENTED_EDGE('',*,*,#6687,.F.);
#6687 = EDGE_CURVE('',#6688,#6678,#6690,.T.);
#6688 = VERTEX_POINT('',#6689);
#6689 = CARTESIAN_POINT('',(-80.,47.,0.));
#6690 = CIRCLE('',#6691,4.);
#6691 = AXIS2_PLACEMENT_3D('',#6692,#6693,#6694);
#6692 = CARTESIAN_POINT('',(-76.,47.,0.));
#6693 = DIRECTION('',(0.,0.,1.));
#6694 = DIRECTION('',(1.,0.,0.));
#6695 = ORIENTED_EDGE('',*,*,#6696,.T.);
#6696 = EDGE_CURVE('',#6688,#6697,#6699,.T.);
#6697 = VERTEX_POINT('',#6698);
#6698 = CARTESIAN_POINT('',(-80.,47.,6.));
#6699 = LINE('',#6700,#6701);
#6700 = CARTESIAN_POINT('',(-80.,47.,0.));
#6701 = VECTOR('',#6702,1.);
#6702 = DIRECTION('',(0.,0.,1.));
#6703 = ORIENTED_EDGE('',*,*,#6704,.T.);
#6704 = EDGE_CURVE('',#6697,#6680,#6705,.T.);
#6705 = CIRCLE('',#6706,4.);
#6706 = AXIS2_PLACEMENT_3D('',#6707,#6708,#6709);
#6707 = CARTESIAN_POINT('',(-76.,47.,6.));
#6708 = DIRECTION('',(0.,0.,1.));
#6709 = DIRECTION('',(1.,0.,0.));
#6710 = CYLINDRICAL_SURFACE('',#6711,4.);
#6711 = AXIS2_PLACEMENT_3D('',#6712,#6713,#6714);
#6712 = CARTESIAN_POINT('',(-76.,47.,0.));
#6713 = DIRECTION('',(-0.,-0.,-1.));
#6714 = DIRECTION('',(1.,0.,0.));
#6715 = ADVANCED_FACE('',(#6716),#6741,.F.);
#6716 = FACE_BOUND('',#6717,.F.);
#6717 = EDGE_LOOP('',(#6718,#6726,#6727,#6735));
#6718 = ORIENTED_EDGE('',*,*,#6719,.F.);
#6719 = EDGE_CURVE('',#6678,#6720,#6722,.T.);
#6720 = VERTEX_POINT('',#6721);
#6721 = CARTESIAN_POINT('',(76.,43.,0.));
#6722 = LINE('',#6723,#6724);
#6723 = CARTESIAN_POINT('',(-76.,43.,0.));
#6724 = VECTOR('',#6725,1.);
#6725 = DIRECTION('',(1.,0.,0.));
#6726 = ORIENTED_EDGE('',*,*,#6677,.T.);
#6727 = ORIENTED_EDGE('',*,*,#6728,.T.);
#6728 = EDGE_CURVE('',#6680,#6729,#6731,.T.);
#6729 = VERTEX_POINT('',#6730);
#6730 = CARTESIAN_POINT('',(76.,43.,6.));
#6731 = LINE('',#6732,#6733);
#6732 = CARTESIAN_POINT('',(-76.,43.,6.));
#6733 = VECTOR('',#6734,1.);
#6734 = DIRECTION('',(1.,0.,0.));
#6735 = ORIENTED_EDGE('',*,*,#6736,.F.);
#6736 = EDGE_CURVE('',#6720,#6729,#6737,.T.);
#6737 = LINE('',#6738,#6739);
#6738 = CARTESIAN_POINT('',(76.,43.,0.));
#6739 = VECTOR('',#6740,1.);
#6740 = DIRECTION('',(0.,0.,1.));
#6741 = PLANE('',#6742);
#6742 = AXIS2_PLACEMENT_3D('',#6743,#6744,#6745);
#6743 = CARTESIAN_POINT('',(-76.,43.,0.));
#6744 = DIRECTION('',(0.,1.,0.));
#6745 = DIRECTION('',(0.,0.,1.));
#6746 = ADVANCED_FACE('',(#6747,#6800,#6811,#6822,#6858),#6894,.T.);
#6747 = FACE_BOUND('',#6748,.T.);
#6748 = EDGE_LOOP('',(#6749,#6750,#6751,#6760,#6768,#6777,#6785,#6794));
#6749 = ORIENTED_EDGE('',*,*,#6704,.T.);
#6750 = ORIENTED_EDGE('',*,*,#6728,.T.);
#6751 = ORIENTED_EDGE('',*,*,#6752,.T.);
#6752 = EDGE_CURVE('',#6729,#6753,#6755,.T.);
#6753 = VERTEX_POINT('',#6754);
#6754 = CARTESIAN_POINT('',(80.,47.,6.));
#6755 = CIRCLE('',#6756,4.);
#6756 = AXIS2_PLACEMENT_3D('',#6757,#6758,#6759);
#6757 = CARTESIAN_POINT('',(76.,47.,6.));
#6758 = DIRECTION('',(0.,0.,1.));
#6759 = DIRECTION('',(1.,0.,0.));
#6760 = ORIENTED_EDGE('',*,*,#6761,.T.);
#6761 = EDGE_CURVE('',#6753,#6762,#6764,.T.);
#6762 = VERTEX_POINT('',#6763);
#6763 = CARTESIAN_POINT('',(80.,63.,6.));
#6764 = LINE('',#6765,#6766);
#6765 = CARTESIAN_POINT('',(80.,47.,6.));
#6766 = VECTOR('',#6767,1.);
#6767 = DIRECTION('',(0.,1.,0.));
#6768 = ORIENTED_EDGE('',*,*,#6769,.T.);
#6769 = EDGE_CURVE('',#6762,#6770,#6772,.T.);
#6770 = VERTEX_POINT('',#6771);
#6771 = CARTESIAN_POINT('',(76.,67.,6.));
#6772 = CIRCLE('',#6773,4.);
#6773 = AXIS2_PLACEMENT_3D('',#6774,#6775,#6776);
#6774 = CARTESIAN_POINT('',(76.,63.,6.));
#6775 = DIRECTION('',(0.,0.,1.));
#6776 = DIRECTION('',(1.,0.,0.));
#6777 = ORIENTED_EDGE('',*,*,#6778,.F.);
#6778 = EDGE_CURVE('',#6779,#6770,#6781,.T.);
#6779 = VERTEX_POINT('',#6780);
#6780 = CARTESIAN_POINT('',(-76.,67.,6.));
#6781 = LINE('',#6782,#6783);
#6782 = CARTESIAN_POINT('',(-76.,67.,6.));
#6783 = VECTOR('',#6784,1.);
#6784 = DIRECTION('',(1.,0.,0.));
#6785 = ORIENTED_EDGE('',*,*,#6786,.T.);
#6786 = EDGE_CURVE('',#6779,#6787,#6789,.T.);
#6787 = VERTEX_POINT('',#6788);
#6788 = CARTESIAN_POINT('',(-80.,63.,6.));
#6789 = CIRCLE('',#6790,4.);
#6790 = AXIS2_PLACEMENT_3D('',#6791,#6792,#6793);
#6791 = CARTESIAN_POINT('',(-76.,63.,6.));
#6792 = DIRECTION('',(0.,0.,1.));
#6793 = DIRECTION('',(1.,0.,0.));
#6794 = ORIENTED_EDGE('',*,*,#6795,.F.);
#6795 = EDGE_CURVE('',#6697,#6787,#6796,.T.);
#6796 = LINE('',#6797,#6798);
#6797 = CARTESIAN_POINT('',(-80.,47.,6.));
#6798 = VECTOR('',#6799,1.);
#6799 = DIRECTION('',(0.,1.,0.));
#6800 = FACE_BOUND('',#6801,.T.);
#6801 = EDGE_LOOP('',(#6802));
#6802 = ORIENTED_EDGE('',*,*,#6803,.T.);
#6803 = EDGE_CURVE('',#6804,#6804,#6806,.T.);
#6804 = VERTEX_POINT('',#6805);
#6805 = CARTESIAN_POINT('',(-65.7,55.,6.));
#6806 = CIRCLE('',#6807,2.3);
#6807 = AXIS2_PLACEMENT_3D('',#6808,#6809,#6810);
#6808 = CARTESIAN_POINT('',(-68.,55.,6.));
#6809 = DIRECTION('',(0.,0.,-1.));
#6810 = DIRECTION('',(1.,0.,0.));
#6811 = FACE_BOUND('',#6812,.T.);
#6812 = EDGE_LOOP('',(#6813));
#6813 = ORIENTED_EDGE('',*,*,#6814,.T.);
#6814 = EDGE_CURVE('',#6815,#6815,#6817,.T.);
#6815 = VERTEX_POINT('',#6816);
#6816 = CARTESIAN_POINT('',(70.3,55.,6.));
#6817 = CIRCLE('',#6818,2.3);
#6818 = AXIS2_PLACEMENT_3D('',#6819,#6820,#6821);
#6819 = CARTESIAN_POINT('',(68.,55.,6.));
#6820 = DIRECTION('',(0.,0.,-1.));
#6821 = DIRECTION('',(1.,0.,0.));
#6822 = FACE_BOUND('',#6823,.T.);
#6823 = EDGE_LOOP('',(#6824,#6834,#6843,#6851));
#6824 = ORIENTED_EDGE('',*,*,#6825,.T.);
#6825 = EDGE_CURVE('',#6826,#6828,#6830,.T.);
#6826 = VERTEX_POINT('',#6827);
#6827 = CARTESIAN_POINT('',(-25.3,52.7,6.));
#6828 = VERTEX_POINT('',#6829);
#6829 = CARTESIAN_POINT('',(-32.7,52.7,6.));
#6830 = LINE('',#6831,#6832);
#6831 = CARTESIAN_POINT('',(-16.35,52.7,6.));
#6832 = VECTOR('',#6833,1.);
#6833 = DIRECTION('',(-1.,0.,0.));
#6834 = ORIENTED_EDGE('',*,*,#6835,.T.);
#6835 = EDGE_CURVE('',#6828,#6836,#6838,.T.);
#6836 = VERTEX_POINT('',#6837);
#6837 = CARTESIAN_POINT('',(-32.7,57.3,6.));
#6838 = CIRCLE('',#6839,2.3);
#6839 = AXIS2_PLACEMENT_3D('',#6840,#6841,#6842);
#6840 = CARTESIAN_POINT('',(-32.7,55.,6.));
#6841 = DIRECTION('',(0.,0.,-1.));
#6842 = DIRECTION('',(1.,0.,0.));
#6843 = ORIENTED_EDGE('',*,*,#6844,.F.);
#6844 = EDGE_CURVE('',#6845,#6836,#6847,.T.);
#6845 = VERTEX_POINT('',#6846);
#6846 = CARTESIAN_POINT('',(-25.3,57.3,6.));
#6847 = LINE('',#6848,#6849);
#6848 = CARTESIAN_POINT('',(-16.35,57.3,6.));
#6849 = VECTOR('',#6850,1.);
#6850 = DIRECTION('',(-1.,0.,0.));
#6851 = ORIENTED_EDGE('',*,*,#6852,.T.);
#6852 = EDGE_CURVE('',#6845,#6826,#6853,.T.);
#6853 = CIRCLE('',#6854,2.3);
#6854 = AXIS2_PLACEMENT_3D('',#6855,#6856,#6857);
#6855 = CARTESIAN_POINT('',(-25.3,55.,6.));
#6856 = DIRECTION('',(0.,0.,-1.));
#6857 = DIRECTION('',(1.,0.,0.));
#6858 = FACE_BOUND('',#6859,.T.);
#6859 = EDGE_LOOP('',(#6860,#6870,#6879,#6887));
#6860 = ORIENTED_EDGE('',*,*,#6861,.T.);
#6861 = EDGE_CURVE('',#6862,#6864,#6866,.T.);
#6862 = VERTEX_POINT('',#6863);
#6863 = CARTESIAN_POINT('',(32.7,52.7,6.));
#6864 = VERTEX_POINT('',#6865);
#6865 = CARTESIAN_POINT('',(25.3,52.7,6.));
#6866 = LINE('',#6867,#6868);
#6867 = CARTESIAN_POINT('',(12.65,52.7,6.));
#6868 = VECTOR('',#6869,1.);
#6869 = DIRECTION('',(-1.,0.,0.));
#6870 = ORIENTED_EDGE('',*,*,#6871,.T.);
#6871 = EDGE_CURVE('',#6864,#6872,#6874,.T.);
#6872 = VERTEX_POINT('',#6873);
#6873 = CARTESIAN_POINT('',(25.3,57.3,6.));
#6874 = CIRCLE('',#6875,2.3);
#6875 = AXIS2_PLACEMENT_3D('',#6876,#6877,#6878);
#6876 = CARTESIAN_POINT('',(25.3,55.,6.));
#6877 = DIRECTION('',(0.,0.,-1.));
#6878 = DIRECTION('',(1.,0.,0.));
#6879 = ORIENTED_EDGE('',*,*,#6880,.F.);
#6880 = EDGE_CURVE('',#6881,#6872,#6883,.T.);
#6881 = VERTEX_POINT('',#6882);
#6882 = CARTESIAN_POINT('',(32.7,57.3,6.));
#6883 = LINE('',#6884,#6885);
#6884 = CARTESIAN_POINT('',(12.65,57.3,6.));
#6885 = VECTOR('',#6886,1.);
#6886 = DIRECTION('',(-1.,0.,0.));
#6887 = ORIENTED_EDGE('',*,*,#6888,.T.);
#6888 = EDGE_CURVE('',#6881,#6862,#6889,.T.);
#6889 = CIRCLE('',#6890,2.3);
#6890 = AXIS2_PLACEMENT_3D('',#6891,#6892,#6893);
#6891 = CARTESIAN_POINT('',(32.7,55.,6.));
#6892 = DIRECTION('',(0.,0.,-1.));
#6893 = DIRECTION('',(1.,0.,0.));
#6894 = PLANE('',#6895);
#6895 = AXIS2_PLACEMENT_3D('',#6896,#6897,#6898);
#6896 = CARTESIAN_POINT('',(2.520446722705E-15,55.,6.));
#6897 = DIRECTION('',(0.,0.,1.));
#6898 = DIRECTION('',(1.,0.,0.));
#6899 = ADVANCED_FACE('',(#6900),#6918,.F.);
#6900 = FACE_BOUND('',#6901,.F.);
#6901 = EDGE_LOOP('',(#6902,#6903,#6911,#6917));
#6902 = ORIENTED_EDGE('',*,*,#6696,.F.);
#6903 = ORIENTED_EDGE('',*,*,#6904,.T.);
#6904 = EDGE_CURVE('',#6688,#6905,#6907,.T.);
#6905 = VERTEX_POINT('',#6906);
#6906 = CARTESIAN_POINT('',(-80.,63.,0.));
#6907 = LINE('',#6908,#6909);
#6908 = CARTESIAN_POINT('',(-80.,47.,0.));
#6909 = VECTOR('',#6910,1.);
#6910 = DIRECTION('',(0.,1.,0.));
#6911 = ORIENTED_EDGE('',*,*,#6912,.T.);
#6912 = EDGE_CURVE('',#6905,#6787,#6913,.T.);
#6913 = LINE('',#6914,#6915);
#6914 = CARTESIAN_POINT('',(-80.,63.,0.));
#6915 = VECTOR('',#6916,1.);
#6916 = DIRECTION('',(0.,0.,1.));
#6917 = ORIENTED_EDGE('',*,*,#6795,.F.);
#6918 = PLANE('',#6919);
#6919 = AXIS2_PLACEMENT_3D('',#6920,#6921,#6922);
#6920 = CARTESIAN_POINT('',(-80.,47.,0.));
#6921 = DIRECTION('',(1.,0.,0.));
#6922 = DIRECTION('',(0.,0.,1.));
#6923 = ADVANCED_FACE('',(#6924,#6970,#6981,#6992,#7028),#7064,.T.);
#6924 = FACE_BOUND('',#6925,.T.);
#6925 = EDGE_LOOP('',(#6926,#6927,#6928,#6937,#6945,#6954,#6962,#6969));
#6926 = ORIENTED_EDGE('',*,*,#6687,.F.);
#6927 = ORIENTED_EDGE('',*,*,#6904,.T.);
#6928 = ORIENTED_EDGE('',*,*,#6929,.F.);
#6929 = EDGE_CURVE('',#6930,#6905,#6932,.T.);
#6930 = VERTEX_POINT('',#6931);
#6931 = CARTESIAN_POINT('',(-76.,67.,0.));
#6932 = CIRCLE('',#6933,4.);
#6933 = AXIS2_PLACEMENT_3D('',#6934,#6935,#6936);
#6934 = CARTESIAN_POINT('',(-76.,63.,0.));
#6935 = DIRECTION('',(0.,0.,1.));
#6936 = DIRECTION('',(1.,0.,0.));
#6937 = ORIENTED_EDGE('',*,*,#6938,.T.);
#6938 = EDGE_CURVE('',#6930,#6939,#6941,.T.);
#6939 = VERTEX_POINT('',#6940);
#6940 = CARTESIAN_POINT('',(76.,67.,0.));
#6941 = LINE('',#6942,#6943);
#6942 = CARTESIAN_POINT('',(-76.,67.,0.));
#6943 = VECTOR('',#6944,1.);
#6944 = DIRECTION('',(1.,0.,0.));
#6945 = ORIENTED_EDGE('',*,*,#6946,.F.);
#6946 = EDGE_CURVE('',#6947,#6939,#6949,.T.);
#6947 = VERTEX_POINT('',#6948);
#6948 = CARTESIAN_POINT('',(80.,63.,0.));
#6949 = CIRCLE('',#6950,4.);
#6950 = AXIS2_PLACEMENT_3D('',#6951,#6952,#6953);
#6951 = CARTESIAN_POINT('',(76.,63.,0.));
#6952 = DIRECTION('',(0.,0.,1.));
#6953 = DIRECTION('',(1.,0.,0.));
#6954 = ORIENTED_EDGE('',*,*,#6955,.F.);
#6955 = EDGE_CURVE('',#6956,#6947,#6958,.T.);
#6956 = VERTEX_POINT('',#6957);
#6957 = CARTESIAN_POINT('',(80.,47.,0.));
#6958 = LINE('',#6959,#6960);
#6959 = CARTESIAN_POINT('',(80.,47.,0.));
#6960 = VECTOR('',#6961,1.);
#6961 = DIRECTION('',(0.,1.,0.));
#6962 = ORIENTED_EDGE('',*,*,#6963,.F.);
#6963 = EDGE_CURVE('',#6720,#6956,#6964,.T.);
#6964 = CIRCLE('',#6965,4.);
#6965 = AXIS2_PLACEMENT_3D('',#6966,#6967,#6968);
#6966 = CARTESIAN_POINT('',(76.,47.,0.));
#6967 = DIRECTION('',(0.,0.,1.));
#6968 = DIRECTION('',(1.,0.,0.));
#6969 = ORIENTED_EDGE('',*,*,#6719,.F.);
#6970 = FACE_BOUND('',#6971,.T.);
#6971 = EDGE_LOOP('',(#6972));
#6972 = ORIENTED_EDGE('',*,*,#6973,.F.);
#6973 = EDGE_CURVE('',#6974,#6974,#6976,.T.);
#6974 = VERTEX_POINT('',#6975);
#6975 = CARTESIAN_POINT('',(70.3,55.,0.));
#6976 = CIRCLE('',#6977,2.3);
#6977 = AXIS2_PLACEMENT_3D('',#6978,#6979,#6980);
#6978 = CARTESIAN_POINT('',(68.,55.,0.));
#6979 = DIRECTION('',(0.,0.,-1.));
#6980 = DIRECTION('',(1.,0.,0.));
#6981 = FACE_BOUND('',#6982,.T.);
#6982 = EDGE_LOOP('',(#6983));
#6983 = ORIENTED_EDGE('',*,*,#6984,.F.);
#6984 = EDGE_CURVE('',#6985,#6985,#6987,.T.);
#6985 = VERTEX_POINT('',#6986);
#6986 = CARTESIAN_POINT('',(-65.7,55.,0.));
#6987 = CIRCLE('',#6988,2.3);
#6988 = AXIS2_PLACEMENT_3D('',#6989,#6990,#6991);
#6989 = CARTESIAN_POINT('',(-68.,55.,0.));
#6990 = DIRECTION('',(0.,0.,-1.));
#6991 = DIRECTION('',(1.,0.,0.));
#6992 = FACE_BOUND('',#6993,.T.);
#6993 = EDGE_LOOP('',(#6994,#7005,#7013,#7022));
#6994 = ORIENTED_EDGE('',*,*,#6995,.F.);
#6995 = EDGE_CURVE('',#6996,#6998,#7000,.T.);
#6996 = VERTEX_POINT('',#6997);
#6997 = CARTESIAN_POINT('',(25.3,52.7,0.));
#6998 = VERTEX_POINT('',#6999);
#6999 = CARTESIAN_POINT('',(25.3,57.3,0.));
#7000 = CIRCLE('',#7001,2.3);
#7001 = AXIS2_PLACEMENT_3D('',#7002,#7003,#7004);
#7002 = CARTESIAN_POINT('',(25.3,55.,0.));
#7003 = DIRECTION('',(0.,0.,-1.));
#7004 = DIRECTION('',(1.,0.,0.));
#7005 = ORIENTED_EDGE('',*,*,#7006,.T.);
#7006 = EDGE_CURVE('',#6996,#7007,#7009,.T.);
#7007 = VERTEX_POINT('',#7008);
#7008 = CARTESIAN_POINT('',(32.7,52.7,0.));
#7009 = LINE('',#7010,#7011);
#7010 = CARTESIAN_POINT('',(12.65,52.7,0.));
#7011 = VECTOR('',#7012,1.);
#7012 = DIRECTION('',(1.,0.,0.));
#7013 = ORIENTED_EDGE('',*,*,#7014,.F.);
#7014 = EDGE_CURVE('',#7015,#7007,#7017,.T.);
#7015 = VERTEX_POINT('',#7016);
#7016 = CARTESIAN_POINT('',(32.7,57.3,0.));
#7017 = CIRCLE('',#7018,2.3);
#7018 = AXIS2_PLACEMENT_3D('',#7019,#7020,#7021);
#7019 = CARTESIAN_POINT('',(32.7,55.,0.));
#7020 = DIRECTION('',(0.,0.,-1.));
#7021 = DIRECTION('',(1.,0.,0.));
#7022 = ORIENTED_EDGE('',*,*,#7023,.F.);
#7023 = EDGE_CURVE('',#6998,#7015,#7024,.T.);
#7024 = LINE('',#7025,#7026);
#7025 = CARTESIAN_POINT('',(12.65,57.3,0.));
#7026 = VECTOR('',#7027,1.);
#7027 = DIRECTION('',(1.,0.,0.));
#7028 = FACE_BOUND('',#7029,.T.);
#7029 = EDGE_LOOP('',(#7030,#7041,#7049,#7058));
#7030 = ORIENTED_EDGE('',*,*,#7031,.F.);
#7031 = EDGE_CURVE('',#7032,#7034,#7036,.T.);
#7032 = VERTEX_POINT('',#7033);
#7033 = CARTESIAN_POINT('',(-32.7,52.7,0.));
#7034 = VERTEX_POINT('',#7035);
#7035 = CARTESIAN_POINT('',(-32.7,57.3,0.));
#7036 = CIRCLE('',#7037,2.3);
#7037 = AXIS2_PLACEMENT_3D('',#7038,#7039,#7040);
#7038 = CARTESIAN_POINT('',(-32.7,55.,0.));
#7039 = DIRECTION('',(0.,0.,-1.));
#7040 = DIRECTION('',(1.,0.,0.));
#7041 = ORIENTED_EDGE('',*,*,#7042,.T.);
#7042 = EDGE_CURVE('',#7032,#7043,#7045,.T.);
#7043 = VERTEX_POINT('',#7044);
#7044 = CARTESIAN_POINT('',(-25.3,52.7,0.));
#7045 = LINE('',#7046,#7047);
#7046 = CARTESIAN_POINT('',(-16.35,52.7,0.));
#7047 = VECTOR('',#7048,1.);
#7048 = DIRECTION('',(1.,0.,0.));
#7049 = ORIENTED_EDGE('',*,*,#7050,.F.);
#7050 = EDGE_CURVE('',#7051,#7043,#7053,.T.);
#7051 = VERTEX_POINT('',#7052);
#7052 = CARTESIAN_POINT('',(-25.3,57.3,0.));
#7053 = CIRCLE('',#7054,2.3);
#7054 = AXIS2_PLACEMENT_3D('',#7055,#7056,#7057);
#7055 = CARTESIAN_POINT('',(-25.3,55.,0.));
#7056 = DIRECTION('',(0.,0.,-1.));
#7057 = DIRECTION('',(1.,0.,0.));
#7058 = ORIENTED_EDGE('',*,*,#7059,.F.);
#7059 = EDGE_CURVE('',#7034,#7051,#7060,.T.);
#7060 = LINE('',#7061,#7062);
#7061 = CARTESIAN_POINT('',(-16.35,57.3,0.));
#7062 = VECTOR('',#7063,1.);
#7063 = DIRECTION('',(1.,0.,0.));
#7064 = PLANE('',#7065);
#7065 = AXIS2_PLACEMENT_3D('',#7066,#7067,#7068);
#7066 = CARTESIAN_POINT('',(2.520446722705E-15,55.,0.));
#7067 = DIRECTION('',(-0.,-0.,-1.));
#7068 = DIRECTION('',(-1.,0.,0.));
#7069 = ADVANCED_FACE('',(#7070),#7081,.T.);
#7070 = FACE_BOUND('',#7071,.F.);
#7071 = EDGE_LOOP('',(#7072,#7078,#7079,#7080));
#7072 = ORIENTED_EDGE('',*,*,#7073,.F.);
#7073 = EDGE_CURVE('',#6956,#6753,#7074,.T.);
#7074 = LINE('',#7075,#7076);
#7075 = CARTESIAN_POINT('',(80.,47.,0.));
#7076 = VECTOR('',#7077,1.);
#7077 = DIRECTION('',(0.,0.,1.));
#7078 = ORIENTED_EDGE('',*,*,#6963,.F.);
#7079 = ORIENTED_EDGE('',*,*,#6736,.T.);
#7080 = ORIENTED_EDGE('',*,*,#6752,.T.);
#7081 = CYLINDRICAL_SURFACE('',#7082,4.);
#7082 = AXIS2_PLACEMENT_3D('',#7083,#7084,#7085);
#7083 = CARTESIAN_POINT('',(76.,47.,0.));
#7084 = DIRECTION('',(-0.,-0.,-1.));
#7085 = DIRECTION('',(1.,0.,0.));
#7086 = ADVANCED_FACE('',(#7087),#7098,.T.);
#7087 = FACE_BOUND('',#7088,.F.);
#7088 = EDGE_LOOP('',(#7089,#7090,#7096,#7097));
#7089 = ORIENTED_EDGE('',*,*,#6929,.F.);
#7090 = ORIENTED_EDGE('',*,*,#7091,.T.);
#7091 = EDGE_CURVE('',#6930,#6779,#7092,.T.);
#7092 = LINE('',#7093,#7094);
#7093 = CARTESIAN_POINT('',(-76.,67.,0.));
#7094 = VECTOR('',#7095,1.);
#7095 = DIRECTION('',(0.,0.,1.));
#7096 = ORIENTED_EDGE('',*,*,#6786,.T.);
#7097 = ORIENTED_EDGE('',*,*,#6912,.F.);
#7098 = CYLINDRICAL_SURFACE('',#7099,4.);
#7099 = AXIS2_PLACEMENT_3D('',#7100,#7101,#7102);
#7100 = CARTESIAN_POINT('',(-76.,63.,0.));
#7101 = DIRECTION('',(-0.,-0.,-1.));
#7102 = DIRECTION('',(1.,0.,0.));
#7103 = ADVANCED_FACE('',(#7104),#7115,.T.);
#7104 = FACE_BOUND('',#7105,.T.);
#7105 = EDGE_LOOP('',(#7106,#7107,#7108,#7109));
#7106 = ORIENTED_EDGE('',*,*,#6938,.F.);
#7107 = ORIENTED_EDGE('',*,*,#7091,.T.);
#7108 = ORIENTED_EDGE('',*,*,#6778,.T.);
#7109 = ORIENTED_EDGE('',*,*,#7110,.F.);
#7110 = EDGE_CURVE('',#6939,#6770,#7111,.T.);
#7111 = LINE('',#7112,#7113);
#7112 = CARTESIAN_POINT('',(76.,67.,0.));
#7113 = VECTOR('',#7114,1.);
#7114 = DIRECTION('',(0.,0.,1.));
#7115 = PLANE('',#7116);
#7116 = AXIS2_PLACEMENT_3D('',#7117,#7118,#7119);
#7117 = CARTESIAN_POINT('',(-76.,67.,0.));
#7118 = DIRECTION('',(0.,1.,0.));
#7119 = DIRECTION('',(0.,0.,1.));
#7120 = ADVANCED_FACE('',(#7121),#7132,.T.);
#7121 = FACE_BOUND('',#7122,.T.);
#7122 = EDGE_LOOP('',(#7123,#7124,#7125,#7131));
#7123 = ORIENTED_EDGE('',*,*,#7073,.F.);
#7124 = ORIENTED_EDGE('',*,*,#6955,.T.);
#7125 = ORIENTED_EDGE('',*,*,#7126,.T.);
#7126 = EDGE_CURVE('',#6947,#6762,#7127,.T.);
#7127 = LINE('',#7128,#7129);
#7128 = CARTESIAN_POINT('',(80.,63.,0.));
#7129 = VECTOR('',#7130,1.);
#7130 = DIRECTION('',(0.,0.,1.));
#7131 = ORIENTED_EDGE('',*,*,#6761,.F.);
#7132 = PLANE('',#7133);
#7133 = AXIS2_PLACEMENT_3D('',#7134,#7135,#7136);
#7134 = CARTESIAN_POINT('',(80.,47.,0.));
#7135 = DIRECTION('',(1.,0.,0.));
#7136 = DIRECTION('',(0.,0.,1.));
#7137 = ADVANCED_FACE('',(#7138),#7144,.T.);
#7138 = FACE_BOUND('',#7139,.F.);
#7139 = EDGE_LOOP('',(#7140,#7141,#7142,#7143));
#7140 = ORIENTED_EDGE('',*,*,#6946,.F.);
#7141 = ORIENTED_EDGE('',*,*,#7126,.T.);
#7142 = ORIENTED_EDGE('',*,*,#6769,.T.);
#7143 = ORIENTED_EDGE('',*,*,#7110,.F.);
#7144 = CYLINDRICAL_SURFACE('',#7145,4.);
#7145 = AXIS2_PLACEMENT_3D('',#7146,#7147,#7148);
#7146 = CARTESIAN_POINT('',(76.,63.,0.));
#7147 = DIRECTION('',(-0.,-0.,-1.));
#7148 = DIRECTION('',(1.,0.,0.));
#7149 = ADVANCED_FACE('',(#7150),#7161,.F.);
#7150 = FACE_BOUND('',#7151,.T.);
#7151 = EDGE_LOOP('',(#7152,#7153,#7159,#7160));
#7152 = ORIENTED_EDGE('',*,*,#6984,.T.);
#7153 = ORIENTED_EDGE('',*,*,#7154,.T.);
#7154 = EDGE_CURVE('',#6985,#6804,#7155,.T.);
#7155 = LINE('',#7156,#7157);
#7156 = CARTESIAN_POINT('',(-65.7,55.,-1.));
#7157 = VECTOR('',#7158,1.);
#7158 = DIRECTION('',(0.,0.,1.));
#7159 = ORIENTED_EDGE('',*,*,#6803,.F.);
#7160 = ORIENTED_EDGE('',*,*,#7154,.F.);
#7161 = CYLINDRICAL_SURFACE('',#7162,2.3);
#7162 = AXIS2_PLACEMENT_3D('',#7163,#7164,#7165);
#7163 = CARTESIAN_POINT('',(-68.,55.,-1.));
#7164 = DIRECTION('',(-0.,-0.,-1.));
#7165 = DIRECTION('',(1.,0.,0.));
#7166 = ADVANCED_FACE('',(#7167),#7178,.F.);
#7167 = FACE_BOUND('',#7168,.T.);
#7168 = EDGE_LOOP('',(#7169,#7170,#7176,#7177));
#7169 = ORIENTED_EDGE('',*,*,#6973,.T.);
#7170 = ORIENTED_EDGE('',*,*,#7171,.T.);
#7171 = EDGE_CURVE('',#6974,#6815,#7172,.T.);
#7172 = LINE('',#7173,#7174);
#7173 = CARTESIAN_POINT('',(70.3,55.,-1.));
#7174 = VECTOR('',#7175,1.);
#7175 = DIRECTION('',(0.,0.,1.));
#7176 = ORIENTED_EDGE('',*,*,#6814,.F.);
#7177 = ORIENTED_EDGE('',*,*,#7171,.F.);
#7178 = CYLINDRICAL_SURFACE('',#7179,2.3);
#7179 = AXIS2_PLACEMENT_3D('',#7180,#7181,#7182);
#7180 = CARTESIAN_POINT('',(68.,55.,-1.));
#7181 = DIRECTION('',(-0.,-0.,-1.));
#7182 = DIRECTION('',(1.,0.,0.));
#7183 = ADVANCED_FACE('',(#7184),#7200,.T.);
#7184 = FACE_BOUND('',#7185,.T.);
#7185 = EDGE_LOOP('',(#7186,#7187,#7193,#7194));
#7186 = ORIENTED_EDGE('',*,*,#7042,.F.);
#7187 = ORIENTED_EDGE('',*,*,#7188,.T.);
#7188 = EDGE_CURVE('',#7032,#6828,#7189,.T.);
#7189 = LINE('',#7190,#7191);
#7190 = CARTESIAN_POINT('',(-32.7,52.7,-1.));
#7191 = VECTOR('',#7192,1.);
#7192 = DIRECTION('',(0.,0.,1.));
#7193 = ORIENTED_EDGE('',*,*,#6825,.F.);
#7194 = ORIENTED_EDGE('',*,*,#7195,.F.);
#7195 = EDGE_CURVE('',#7043,#6826,#7196,.T.);
#7196 = LINE('',#7197,#7198);
#7197 = CARTESIAN_POINT('',(-25.3,52.7,-1.));
#7198 = VECTOR('',#7199,1.);
#7199 = DIRECTION('',(0.,0.,1.));
#7200 = PLANE('',#7201);
#7201 = AXIS2_PLACEMENT_3D('',#7202,#7203,#7204);
#7202 = CARTESIAN_POINT('',(-32.7,52.7,-1.));
#7203 = DIRECTION('',(0.,1.,0.));
#7204 = DIRECTION('',(0.,0.,1.));
#7205 = ADVANCED_FACE('',(#7206),#7217,.F.);
#7206 = FACE_BOUND('',#7207,.T.);
#7207 = EDGE_LOOP('',(#7208,#7209,#7210,#7211));
#7208 = ORIENTED_EDGE('',*,*,#7050,.T.);
#7209 = ORIENTED_EDGE('',*,*,#7195,.T.);
#7210 = ORIENTED_EDGE('',*,*,#6852,.F.);
#7211 = ORIENTED_EDGE('',*,*,#7212,.F.);
#7212 = EDGE_CURVE('',#7051,#6845,#7213,.T.);
#7213 = LINE('',#7214,#7215);
#7214 = CARTESIAN_POINT('',(-25.3,57.3,-1.));
#7215 = VECTOR('',#7216,1.);
#7216 = DIRECTION('',(0.,0.,1.));
#7217 = CYLINDRICAL_SURFACE('',#7218,2.3);
#7218 = AXIS2_PLACEMENT_3D('',#7219,#7220,#7221);
#7219 = CARTESIAN_POINT('',(-25.3,55.,-1.));
#7220 = DIRECTION('',(-0.,-0.,-1.));
#7221 = DIRECTION('',(1.,0.,0.));
#7222 = ADVANCED_FACE('',(#7223),#7234,.F.);
#7223 = FACE_BOUND('',#7224,.F.);
#7224 = EDGE_LOOP('',(#7225,#7226,#7232,#7233));
#7225 = ORIENTED_EDGE('',*,*,#7059,.F.);
#7226 = ORIENTED_EDGE('',*,*,#7227,.T.);
#7227 = EDGE_CURVE('',#7034,#6836,#7228,.T.);
#7228 = LINE('',#7229,#7230);
#7229 = CARTESIAN_POINT('',(-32.7,57.3,-1.));
#7230 = VECTOR('',#7231,1.);
#7231 = DIRECTION('',(0.,0.,1.));
#7232 = ORIENTED_EDGE('',*,*,#6844,.F.);
#7233 = ORIENTED_EDGE('',*,*,#7212,.F.);
#7234 = PLANE('',#7235);
#7235 = AXIS2_PLACEMENT_3D('',#7236,#7237,#7238);
#7236 = CARTESIAN_POINT('',(-32.7,57.3,-1.));
#7237 = DIRECTION('',(0.,1.,0.));
#7238 = DIRECTION('',(0.,0.,1.));
#7239 = ADVANCED_FACE('',(#7240),#7246,.F.);
#7240 = FACE_BOUND('',#7241,.T.);
#7241 = EDGE_LOOP('',(#7242,#7243,#7244,#7245));
#7242 = ORIENTED_EDGE('',*,*,#7031,.T.);
#7243 = ORIENTED_EDGE('',*,*,#7227,.T.);
#7244 = ORIENTED_EDGE('',*,*,#6835,.F.);
#7245 = ORIENTED_EDGE('',*,*,#7188,.F.);
#7246 = CYLINDRICAL_SURFACE('',#7247,2.3);
#7247 = AXIS2_PLACEMENT_3D('',#7248,#7249,#7250);
#7248 = CARTESIAN_POINT('',(-32.7,55.,-1.));
#7249 = DIRECTION('',(-0.,-0.,-1.));
#7250 = DIRECTION('',(1.,0.,0.));
#7251 = ADVANCED_FACE('',(#7252),#7268,.T.);
#7252 = FACE_BOUND('',#7253,.T.);
#7253 = EDGE_LOOP('',(#7254,#7255,#7261,#7262));
#7254 = ORIENTED_EDGE('',*,*,#7006,.F.);
#7255 = ORIENTED_EDGE('',*,*,#7256,.T.);
#7256 = EDGE_CURVE('',#6996,#6864,#7257,.T.);
#7257 = LINE('',#7258,#7259);
#7258 = CARTESIAN_POINT('',(25.3,52.7,-1.));
#7259 = VECTOR('',#7260,1.);
#7260 = DIRECTION('',(0.,0.,1.));
#7261 = ORIENTED_EDGE('',*,*,#6861,.F.);
#7262 = ORIENTED_EDGE('',*,*,#7263,.F.);
#7263 = EDGE_CURVE('',#7007,#6862,#7264,.T.);
#7264 = LINE('',#7265,#7266);
#7265 = CARTESIAN_POINT('',(32.7,52.7,-1.));
#7266 = VECTOR('',#7267,1.);
#7267 = DIRECTION('',(0.,0.,1.));
#7268 = PLANE('',#7269);
#7269 = AXIS2_PLACEMENT_3D('',#7270,#7271,#7272);
#7270 = CARTESIAN_POINT('',(25.3,52.7,-1.));
#7271 = DIRECTION('',(0.,1.,0.));
#7272 = DIRECTION('',(0.,0.,1.));
#7273 = ADVANCED_FACE('',(#7274),#7285,.F.);
#7274 = FACE_BOUND('',#7275,.T.);
#7275 = EDGE_LOOP('',(#7276,#7277,#7278,#7279));
#7276 = ORIENTED_EDGE('',*,*,#7014,.T.);
#7277 = ORIENTED_EDGE('',*,*,#7263,.T.);
#7278 = ORIENTED_EDGE('',*,*,#6888,.F.);
#7279 = ORIENTED_EDGE('',*,*,#7280,.F.);
#7280 = EDGE_CURVE('',#7015,#6881,#7281,.T.);
#7281 = LINE('',#7282,#7283);
#7282 = CARTESIAN_POINT('',(32.7,57.3,-1.));
#7283 = VECTOR('',#7284,1.);
#7284 = DIRECTION('',(0.,0.,1.));
#7285 = CYLINDRICAL_SURFACE('',#7286,2.3);
#7286 = AXIS2_PLACEMENT_3D('',#7287,#7288,#7289);
#7287 = CARTESIAN_POINT('',(32.7,55.,-1.));
#7288 = DIRECTION('',(-0.,-0.,-1.));
#7289 = DIRECTION('',(1.,0.,0.));
#7290 = ADVANCED_FACE('',(#7291),#7302,.F.);
#7291 = FACE_BOUND('',#7292,.F.);
#7292 = EDGE_LOOP('',(#7293,#7294,#7300,#7301));
#7293 = ORIENTED_EDGE('',*,*,#7023,.F.);
#7294 = ORIENTED_EDGE('',*,*,#7295,.T.);
#7295 = EDGE_CURVE('',#6998,#6872,#7296,.T.);
#7296 = LINE('',#7297,#7298);
#7297 = CARTESIAN_POINT('',(25.3,57.3,-1.));
#7298 = VECTOR('',#7299,1.);
#7299 = DIRECTION('',(0.,0.,1.));
#7300 = ORIENTED_EDGE('',*,*,#6880,.F.);
#7301 = ORIENTED_EDGE('',*,*,#7280,.F.);
#7302 = PLANE('',#7303);
#7303 = AXIS2_PLACEMENT_3D('',#7304,#7305,#7306);
#7304 = CARTESIAN_POINT('',(25.3,57.3,-1.));
#7305 = DIRECTION('',(0.,1.,0.));
#7306 = DIRECTION('',(0.,0.,1.));
#7307 = ADVANCED_FACE('',(#7308),#7314,.F.);
#7308 = FACE_BOUND('',#7309,.T.);
#7309 = EDGE_LOOP('',(#7310,#7311,#7312,#7313));
#7310 = ORIENTED_EDGE('',*,*,#6995,.T.);
#7311 = ORIENTED_EDGE('',*,*,#7295,.T.);
#7312 = ORIENTED_EDGE('',*,*,#6871,.F.);
#7313 = ORIENTED_EDGE('',*,*,#7256,.F.);
#7314 = CYLINDRICAL_SURFACE('',#7315,2.3);
#7315 = AXIS2_PLACEMENT_3D('',#7316,#7317,#7318);
#7316 = CARTESIAN_POINT('',(25.3,55.,-1.));
#7317 = DIRECTION('',(-0.,-0.,-1.));
#7318 = DIRECTION('',(1.,0.,0.));
#7319 = ( GEOMETRIC_REPRESENTATION_CONTEXT(3) 
GLOBAL_UNCERTAINTY_ASSIGNED_CONTEXT((#7323)) 
GLOBAL_UNIT_ASSIGNED_CONTEXT((#7320,#7321,#7322)) REPRESENTATION_CONTEXT
('Context #1','3D Context with UNIT and UNCERTAINTY') );
#7320 = ( LENGTH_UNIT() NAMED_UNIT(*) SI_UNIT(.MILLI.,.METRE.) );
#7321 = ( NAMED_UNIT(*) PLANE_ANGLE_UNIT() SI_UNIT($,.RADIAN.) );
#7322 = ( NAMED_UNIT(*) SI_UNIT($,.STERADIAN.) SOLID_ANGLE_UNIT() );
#7323 = UNCERTAINTY_MEASURE_WITH_UNIT(LENGTH_MEASURE(5.E-05),#7320,
  'distance_accuracy_value','confusion accuracy');
#7324 = PRODUCT_RELATED_PRODUCT_CATEGORY('part',$,(#7));
ENDSEC;
END-ISO-10303-21;
